월,구분,담당부서,광고주명,코드,총매출,영업수익,영업비용,영업실적,인건비,관리손익
1월,광고주,광고사업1본부2실6팀 (이상우),씨제이 제일제당(주),42154,"1,591,862,201","202,173,068","3,008,620","199,164,448","88,667,967","110,496,481"
1월,광고주,광고사업2본부1실3팀 (장채은),주식회사 에이피알,58263,"1,227,075,699","172,946,639","41,735,935","131,210,704","75,844,815","55,365,889"
1월,광고주,광고사업3본부1실3팀 (이유진),(주)지에스리테일 홈쇼핑,61258,"693,987,568","102,530,775","127,725","102,403,050","75,390,546","27,012,504"
1월,광고주,광고사업1본부2실1팀 (추성호),라이나생명보험(주),61571,"1,054,122,090","138,026,161","26,495,599","111,530,562","74,127,773","37,402,789"
1월,광고주,광고사업3본부1실2팀 (조학성),십일번가 주식회사,60976,"1,407,712,319","93,356,093","11,827,900","81,528,193","73,745,961","7,782,232"
1월,광고주,광고사업1본부1실2팀 (이남준),(주)엘지유플러스,61001,"913,376,088","130,625,509","2,979,552","127,645,957","73,214,978","54,430,979"
1월,광고주,광고사업3본부2실6팀 (조정훈),씨제이올리브영 주식회사,59875,"569,698,017","85,454,706",0,"85,454,706","71,307,415","14,147,291"
1월,광고주,광고사업3본부2실4팀 (조다솜),이니스프리,57802,"561,819,866","72,911,844","7,156,722","65,755,122","51,653,806","14,101,316"
1월,광고주,광고사업2본부3실4팀 (이세나),네슬레코리아 유한책임회사,60374,"396,598,675","60,162,782","152,290","60,010,492","47,752,417","12,258,075"
1월,광고주,광고사업3본부1실3팀 (이유진),(주)종근당,60913,"462,735,273","70,209,975","1,357,880","68,852,095","47,412,078","21,440,017"
1월,광고주,광고사업1본부1실4팀 (유승연),주식회사 버킷플레이스,61240,"503,949,305","48,561,775","7,430,618","41,131,157","41,168,413","-37,256"
1월,광고주,광고사업1본부1실4팀 (유승연),주식회사 버킷플레이스,60029,"328,650,470","49,297,573","14,938,658","34,358,915","36,908,677","-2,549,762"
1월,광고주,광고사업3본부1실1팀 (강기민),(주)지에스리테일 홈쇼핑,61393,"356,090,326","53,413,554",0,"53,413,554","36,822,924","16,590,630"
1월,광고주,광고사업2본부1실6팀 (이승화),(주)코스알엑스,61268,"119,559,537","22,382,392",0,"22,382,392","36,342,465","-13,960,073"
1월,광고주,광고사업1본부2실7팀 (주낙규),라이나생명보험(주)_CM,61572,"286,040,446","41,861,843","-26,495,599","68,357,442","35,756,283","32,601,159"
1월,광고주,광고사업3본부1실1팀 (강기민),에스케이렌터카 주식회사,61386,"193,849,990","25,555,817","472,519","25,083,298","32,433,630","-7,350,332"
1월,광고주,광고사업1본부2실5팀 (조정현),엘지전자(주),56076,"268,592,787","37,315,645","13,069,533","24,246,112","31,788,778","-7,542,666"
1월,광고주,광고사업2본부1실1팀 (구준수),주식회사 지누스,59244,"184,706,377","26,408,957",0,"26,408,957","28,154,590","-1,745,633"
1월,광고주,광고사업2본부3실7팀 (김가희),SK매직(주),58368,"143,158,676","23,005,801","305,909","22,699,892","26,015,001","-3,315,109"
1월,광고주,광고사업2본부2실8팀 (서성민),(주)챔프스터디,60107,"274,138,510","35,631,147",0,"35,631,147","25,913,714","9,717,433"
1월,광고주,광고사업1본부2실1팀 (추성호),씨제이제일제당(주)_브랜드스토어,61407,"248,246,823","34,932,630",0,"34,932,630","23,890,973","11,041,657"
1월,광고주,광고사업1본부1실3팀 (박지연),(주)엘지생활건강,61194,"317,033,034","51,050,956","7,446,640","43,604,316","22,072,636","21,531,680"
1월,광고주,광고사업1본부1실3팀 (박지연),주식회사 밀도,61538,"345,828,115","50,085,983","15,837,072","34,248,911","20,856,500","13,392,411"
1월,광고주,광고사업2본부2실5팀 (최소영),(주)코앤컴,61062,"215,036,509","29,057,463","5,732,342","23,325,121","19,664,867","3,660,254"
1월,광고주,광고사업2본부3실7팀 (김가희),(주)에스제이그룹,54521,"123,312,175","18,060,136","1,510,017","16,550,119","16,469,975","80,144"
1월,광고주,광고사업2본부2실5팀 (최소영),코튼클럽,61061,"24,269,545","3,006,285","593,306","2,412,979","14,846,002","-12,433,023"
1월,광고주,광고사업1본부1실2팀 (이남준),(주)엘지생활건강,60649,"100,901,373","16,631,232","1,731,467","14,899,765","14,606,951","292,814"
1월,광고주,광고사업3본부2실6팀 (조정훈),(주)하이라이트브랜즈,61315,"107,895,926","15,881,903","431,692","15,450,211","14,057,357","1,392,854"
1월,광고주,광고사업2본부2실8팀 (서성민),(주)챔프스터디,60340,"137,697,320","17,687,129",0,"17,687,129","13,644,070","4,043,059"
1월,광고주,운영실2팀 (주규철),(주)유한건강생활,61026,"138,947,298","18,462,812","557,988","17,904,824","12,896,954","5,007,870"
1월,광고주,광고사업2본부3실4팀 (이세나),청호나이스(주),61529,"131,068,746","18,330,761",0,"18,330,761","11,937,761","6,393,000"
1월,광고주,광고사업1본부1실2팀 (이남준),(주)엘지생활건강,61419,"163,203,552","22,533,891","2,204,187","20,329,704","11,934,628","8,395,076"
1월,광고주,광고사업1본부1실4팀 (유승연),(주)엘지생활건강,61183,"53,281,403","9,688,213","471,234","9,216,979","11,517,778","-2,300,799"
1월,광고주,광고사업2본부1실6팀 (이승화),(주)마녀공장,61421,"129,570,802","15,262,710",0,"15,262,710","10,812,284","4,450,426"
1월,광고주,운영실2팀 (주규철),(사)홀트아동복지회,2886,"85,626,068","13,689,846","685,034","13,004,812","8,929,811","4,075,001"
1월,광고주,광고사업2본부1실1팀 (구준수),주식회사 코스모앤컴퍼니,61524,"43,982,773","6,581,967","8,474","6,573,493","8,743,413","-2,169,920"
1월,광고주,운영실1팀 (박유종),(주)경남제약,61219,"56,286,821","10,747,138","406,289","10,340,849","8,547,622","1,793,227"
1월,광고주,운영실2팀 (주규철),(주)베네통코리아,50655,"83,014,538","12,649,092","478,913","12,170,179","8,514,380","3,655,799"
1월,광고주,운영실2팀 (주규철),슬로우베드,61255,"60,427,277","9,060,212","536,362","8,523,850","8,137,347","386,503"
1월,광고주,광고사업2본부1실1팀 (구준수),스토어허브코리아 주식회사,61159,"82,909,725","11,856,187","424,142","11,432,045","8,126,529","3,305,516"
1월,광고주,광고사업2본부2실5팀 (최소영),미트리,61271,"38,016,966","5,771,247",0,"5,771,247","7,902,339","-2,131,092"
1월,광고주,광고사업2본부2실8팀 (서성민),(주)교암,60343,"59,297,243","8,425,272",0,"8,425,272","7,793,553","631,719"
1월,광고주,광고사업1본부1실3팀 (박지연),(주)엘지생활건강,60841,"52,608,241","8,818,844","106,602","8,712,242","6,578,446","2,133,796"
1월,광고주,광고사업3본부2실5팀 (최서희),라인프렌즈스퀘어 주식회사,61329,"67,478,926","10,040,892","593,097","9,447,795","6,276,647","3,171,148"
1월,광고주,운영실2팀 (주규철),네파(주),51158,"46,906,375","8,036,184","145,806","7,890,378","6,037,794","1,852,584"
1월,광고주,운영실1팀 (박유종),주식회사 비케이브,61070,"61,940,005","8,700,388","729,216","7,971,172","5,858,158","2,113,014"
1월,광고주,광고사업3본부1실2팀 (조학성),(주)코스트코코리아,58028,"86,320,020","12,948,003",0,"12,948,003","5,542,908","7,405,095"
1월,광고주,광고사업2본부2실8팀 (서성민),(주)위더스교육,60341,"46,062,635","6,501,161",0,"6,501,161","5,504,723","996,438"
1월,광고주,운영실2팀 (주규철),주식회사 비케이브,61003,"47,763,839","6,463,806","347,962","6,115,844","5,210,537","905,307"
1월,광고주,운영실2팀 (주규철),주식회사 넘버링,61186,"30,606,876","8,475,069",0,"8,475,069","4,846,094","3,628,975"
1월,광고주,운영실2팀 (주규철),무인양품(주),61152,"48,261,245","7,346,272",0,"7,346,272","4,747,025","2,599,247"
1월,광고주,광고사업1본부1실2팀 (이남준),(주)가나,59810,"82,137,059","10,918,102",0,"10,918,102","4,574,526","6,343,576"
1월,광고주,광고사업2본부3실7팀 (김가희),에스제이키즈,59114,"37,176,050","5,478,568","240,893","5,237,675","4,567,573","670,102"
1월,광고주,광고사업1본부1실3팀 (박지연),밝은눈안과,57599,"75,272,828","11,390,925",0,"11,390,925","4,256,069","7,134,856"
1월,광고주,광고사업2본부2실5팀 (최소영),(주)일룸,53952,"41,673,781","6,334,752","309,988","6,024,764","3,678,049","2,346,715"
1월,광고주,운영실1팀 (박유종),(주)브랜드홀더,60865,"42,301,247","5,725,779",0,"5,725,779","3,480,784","2,244,995"
1월,광고주,운영실1팀 (박유종),주식회사 로즈베이,54500,"31,744,266","4,594,734",0,"4,594,734","3,252,836","1,341,898"
1월,광고주,광고사업3본부2실5팀 (최서희),(주)카버코리아,61589,"8,364,723","1,249,739",0,"1,249,739","3,040,891","-1,791,152"
1월,광고주,운영실1팀 (박유종),국민이주,33951,"27,238,681","4,811,335","143,719","4,667,616","2,846,481","1,821,135"
1월,광고주,광고사업2본부1실1팀 (구준수),주식회사 에스와이피글로벌,61182,"26,746,920","4,012,041",0,"4,012,041","2,566,525","1,445,516"
1월,광고주,광고사업2본부2실5팀 (최소영),비에스투코리아(주),61063,"23,865,701","3,310,152","1,267,904","2,042,248","2,529,373","-487,125"
1월,광고주,운영실1팀 (박유종),법무법인 새움,61243,"28,568,608","4,098,558",0,"4,098,558","2,257,064","1,841,494"
1월,광고주,운영실2팀 (주규철),엔구코리아 주식회사,58581,"28,685,564","3,279,179",0,"3,279,179","1,971,546","1,307,633"
1월,광고주,운영실2팀 (주규철),"주식회사 아크메드라비(acme de lavie Co.,ltd.)",61120,"13,531,448","2,046,302","152,114","1,894,188","1,834,431","59,757"
1월,광고주,SAE팀,주식회사 수나비,59654,"26,411,734","3,921,086",0,"3,921,086","1,789,373","2,131,713"
1월,광고주,운영실2팀 (주규철),주식회사 케이비엔,61199,"14,410,162","2,116,792",0,"2,116,792","1,689,644","427,148"
1월,광고주,운영실2팀 (주규철),(주)네오플램,61035,"23,515,299","2,994,048",0,"2,994,048","1,686,570","1,307,478"
1월,광고주,운영실2팀 (주규철),주식회사 같은온도,60645,"15,816,995","3,163,399",0,"3,163,399","1,664,161","1,499,238"
1월,광고주,운영실2팀 (주규철),주식회사 케어닥,60883,"15,431,781","2,948,248","69,285","2,878,963","1,625,794","1,253,169"
1월,광고주,운영실1팀 (박유종),보자기코리아,53368,"17,505,020","2,302,754",0,"2,302,754","1,610,920","691,834"
1월,광고주,운영실2팀 (주규철),(주)파크랜드,32403,"18,017,275","2,413,501",0,"2,413,501","1,542,345","871,156"
1월,광고주,운영실1팀 (박유종),주식회사 고차원,61207,"15,754,646","2,363,198",0,"2,363,198","1,505,705","857,493"
1월,광고주,운영실1팀 (박유종),주식회사 당근마켓,60663,"7,304,226","1,882,299",0,"1,882,299","1,462,654","419,645"
1월,광고주,운영실2팀 (주규철),(주)아모레퍼시픽,61263,"7,218,130","1,016,361","49,764","966,597","1,426,011","-459,414"
1월,광고주,운영실1팀 (박유종),(주) 비즈폼,577,"12,843,600","1,926,540",0,"1,926,540","1,368,790","557,750"
1월,광고주,SAE팀,주식회사 알티스트,61201,"18,098,516","2,931,430","66,291","2,865,139","1,337,747","1,527,392"
1월,광고주,운영실2팀 (주규철),주식회사 플라톤벤쳐스,58438,"10,208,078","1,531,211",0,"1,531,211","1,330,389","200,822"
1월,광고주,운영실2팀 (주규철),(주)지인터내셔날,56828,"14,870,000","2,230,500",0,"2,230,500","1,270,915","959,585"
1월,광고주,운영실1팀 (박유종),강남세란의원,58078,"11,531,110","1,711,667",0,"1,711,667","1,234,809","476,858"
1월,광고주,운영실1팀 (박유종),생기가득 한방병원,61253,"8,345,760","1,289,908",0,"1,289,908","1,201,174","88,734"
1월,광고주,광고사업2본부2실8팀 (서성민),(주) 블랙야크,61217,0,0,0,0,"1,194,077","-1,194,077"
1월,광고주,광고사업2본부3실7팀 (김가희),(주)유닛블랙,61357,"5,986,430","897,965",0,"897,965","1,160,912","-262,947"
1월,광고주,운영실2팀 (주규철),포스테스,61528,"11,665,414","1,749,812",0,"1,749,812","1,153,795","596,017"
1월,광고주,운영실1팀 (박유종),(주)사옹원,56766,"6,609,252","1,041,388",0,"1,041,388","1,150,715","-109,327"
1월,광고주,SAE팀,주식회사 출력홀딩스,55786,"16,440,100","2,466,017",0,"2,466,017","1,125,358","1,340,659"
1월,광고주,SAE팀,주식회사 큐앤드비인터내셔날,61376,"14,989,570","2,248,438",0,"2,248,438","1,026,066","1,222,372"
1월,광고주,운영실1팀 (박유종),(주)미니멀리스트,59529,"5,069,221","1,013,844","130,231","883,613","966,173","-82,560"
1월,광고주,운영실1팀 (박유종),(주) 마하니트,61225,"10,588,881","1,356,194",0,"1,356,194","927,792","428,402"
1월,광고주,SAE팀,보드포인트,1149,"13,486,214","2,000,189",0,"2,000,189","912,779","1,087,410"
1월,광고주,운영실1팀 (박유종),(주)비엔에프통상,60987,"8,672,839","1,391,833",0,"1,391,833","909,192","482,641"
1월,광고주,CS파트,골드마켓,61358,"10,172,700","1,525,906",0,"1,525,906","829,367","696,539"
1월,광고주,CS파트,(주)제일엠아이,21542,"8,665,147","1,514,961",0,"1,514,961","823,418","691,543"
1월,광고주,광고사업3본부1실3팀 (이유진),데상트코리아주식회사,57085,0,0,0,0,"735,658","-735,658"
1월,광고주,운영실2팀 (주규철),(주)고래사,58161,"9,351,153","1,354,485",0,"1,354,485","717,667","636,818"
1월,광고주,SAE팀,파인크로스 주식회사,61411,"10,272,262","1,540,840",0,"1,540,840","703,157","837,683"
1월,광고주,운영실1팀 (박유종),(주)한국경제티브이,59916,"7,495,860","980,871",0,"980,871","640,138","340,733"
1월,광고주,SAE팀,(주)의식주컴퍼니,61211,"7,943,840","1,391,230",0,"1,391,230","634,883","756,347"
1월,광고주,운영실1팀 (박유종),비욘드푸드,60933,"5,065,596","830,633",0,"830,633","623,271","207,362"
1월,광고주,운영실1팀 (박유종),(주) 비엔에프통상,60186,"6,483,333","1,012,500",0,"1,012,500","572,533","439,967"
1월,광고주,운영실1팀 (박유종),주식회사 플레이스앤,60850,"4,633,592","717,767",0,"717,767","564,862","152,905"
1월,광고주,운영실2팀 (주규철),주식회사 릴리브랩,61161,"6,285,348","874,772",0,"874,772","562,689","312,083"
1월,광고주,운영실1팀 (박유종),(주)코엔코,57939,"5,579,713","836,958",0,"836,958","499,411","337,547"
1월,광고주,광고사업3본부2실6팀 (조정훈),(주)하이라이트뷰티스,61317,"4,489,371","611,664","48,869","562,795","475,283","87,512"
1월,광고주,CP팀,에스케이렌터카 주식회사,61415,0,0,0,0,"450,618","-450,618"
1월,광고주,SAE팀,주식회사 더벗,57763,"6,817,053","963,554",0,"963,554","439,714","523,840"
1월,광고주,운영실1팀 (박유종),킨키,61549,"3,867,210","651,944",0,"651,944","411,251","240,693"
1월,광고주,운영실2팀 (주규철),(주)앨리앤코,56591,"4,846,160","726,925",0,"726,925","387,796","339,129"
1월,광고주,광고사업3본부2실4팀 (조다솜),(주)아모레퍼시픽,60751,"4,287,838","643,176","80,511","562,665","376,342","186,323"
1월,광고주,SAE팀,샤인뮤직넷,24015,"5,082,400","762,361",0,"762,361","347,901","414,460"
1월,광고주,광고사업1본부1실3팀 (박지연),(주)엘지생활건강,61090,"1,392,456","514,868","18,098","496,770","344,896","151,874"
1월,광고주,SAE팀,주식회사 노랑풍선시티버스,59542,"5,024,204","753,632",0,"753,632","343,917","409,715"
1월,광고주,SAE팀,라쿤커머스,60801,"4,646,081","696,912",0,"696,912","318,033","378,879"
1월,광고주,SAE팀,(주) 네모인사이트,60199,"4,575,934","691,892","15,192","676,700","315,742","360,958"
1월,광고주,SAE팀,수원모던실용음악학원,44389,"4,445,041","682,434",0,"682,434","311,426","371,008"
1월,광고주,운영실2팀 (주규철),(주) 비케이브,60936,"2,421,689","363,254","58,508","304,746","309,438","-4,692"
1월,광고주,SAE팀,주식회사 아이스칸,61344,"4,374,990","656,250",0,"656,250","299,477","356,773"
1월,광고주,SAE팀,주식회사 딜사이트티브이,61349,"4,294,921","644,240",0,"644,240","293,997","350,243"
1월,광고주,운영실1팀 (박유종),주식회사 대현엠앤비,61209,"3,908,556","586,285",0,"586,285","292,920","293,365"
1월,광고주,SAE팀,(주)동양테크툴,11053,"4,196,510","629,477",0,"629,477","287,259","342,218"
1월,광고주,CS파트,(주)성보하이드로 엔지니어링,2255,"3,313,735","528,427",0,"528,427","287,214","241,213"
1월,광고주,SAE팀,모두의음악버클리음대동문실용음악학원,61404,"4,046,140","606,921",0,"606,921","276,966","329,955"
1월,광고주,SAE팀,주식회사 체온365,61054,"4,122,478","593,357",0,"593,357","270,776","322,581"
1월,광고주,SAE팀,임팩트비뇨기과의원,46817,"7,280,929","567,894","5,000","562,894","259,156","303,738"
1월,광고주,SAE팀,주식회사 팜므 (PAM inc.),59000,"3,756,579","563,487",0,"563,487","257,145","306,342"
1월,광고주,운영실1팀 (박유종),주식회사 케익드라마,60837,"2,269,017","340,353",0,"340,353","249,372","90,981"
1월,광고주,CS파트,하나서울안과의원,42986,"3,046,560","456,985",0,"456,985","248,383","208,602"
1월,광고주,CS파트,(주)우림엠에스,59931,"2,950,470","442,571",0,"442,571","240,548","202,023"
1월,광고주,CS파트,써모피셔사이언티픽코리아,61112,"2,889,217","433,383",0,"433,383","235,554","197,829"
1월,광고주,SAE팀,연세힐치과의원,61365,"3,103,104","512,012",0,"512,012","233,655","278,357"
1월,광고주,SAE팀,한국플루크,57850,"3,346,012","501,902",0,"501,902","229,041","272,861"
1월,광고주,CS파트,히오키코리아 주식회사,58786,"2,512,765","399,619",0,"399,619","217,203","182,416"
1월,광고주,CS파트,연세로즈엘의원청주점,44980,"2,625,380","393,807",0,"393,807","214,043","179,764"
1월,광고주,광고사업1본부2실5팀 (조정현),주식회사 피알앤디테크베이,61356,"2,334,390","350,159",0,"350,159","207,778","142,381"
1월,광고주,운영실2팀 (주규철),생고뱅코리아 주식회사,61031,"340,858",0,0,0,"206,276","-206,276"
1월,광고주,SAE팀,용대물산,56302,"2,864,150","429,623",0,"429,623","196,057","233,566"
1월,광고주,SAE팀,더함 프랜차이즈 개발원,57437,"2,831,363","424,705",0,"424,705","193,813","230,892"
1월,광고주,CS파트,세브란스치과의원,61076,"2,840,300","348,380",0,"348,380","189,353","159,027"
1월,광고주,SAE팀,보승FC,55071,"2,689,200","403,381",0,"403,381","184,081","219,300"
1월,광고주,SAE팀,새항운병원,45725,"2,654,900","398,235",0,"398,235","181,733","216,502"
1월,광고주,SAE팀,루쏘소에프앤에프,49422,"2,414,030","397,852","25,850","372,002","181,558","190,444"
1월,광고주,운영실2팀 (주규철),주식회사 티비엘코퍼레이션,61218,"1,446,666","217,000",0,"217,000","179,574","37,426"
1월,광고주,광고사업1본부2실5팀 (조정현),(주)피알앤디컴퍼니,60951,"2,199,599","288,871",0,"288,871","171,412","117,459"
1월,광고주,CS파트,주식회사 뷰티메디칼,61360,"1,965,080","294,762",0,"294,762","160,210","134,552"
1월,광고주,SAE팀,(주) 씨엔씨,58425,"2,280,340","342,051",0,"342,051","156,094","185,957"
1월,광고주,CS파트,(주)케이에스엔,26945,"1,887,699","283,155",0,"283,155","153,900","129,255"
1월,광고주,CS파트,(주)유닉스글로벌,61301,"1,867,070","280,061",0,"280,061","152,219","127,842"
1월,광고주,CS파트,페스툴코리아 유한회사,58662,"1,860,000","279,000",0,"279,000","151,643","127,357"
1월,광고주,CS파트,씨티아이코리아 주식회사,54560,"1,848,960","277,345",0,"277,345","150,743","126,602"
1월,광고주,SAE팀,꼴레지오니스타,61239,"1,881,213","329,989","23,128","306,861","150,589","156,272"
1월,광고주,CS파트,23살농부,48028,"1,841,300","276,197",0,"276,197","150,120","126,077"
1월,광고주,광고사업1본부1실3팀 (박지연),(주)엘지생활건강,61158,"221,490","33,224",0,"33,224","143,604","-110,380"
1월,광고주,SAE팀,보리움 법률사무소,59371,"2,985,803","312,242","37,500","274,742","142,490","132,252"
1월,광고주,운영실1팀 (박유종),주식회사 뷰티팩토리 (beauty factory),61279,0,0,0,0,"141,018","-141,018"
1월,광고주,SAE팀,한반도교량점검,58958,"2,055,568","308,335",0,"308,335","140,708","167,627"
1월,광고주,광고사업2본부2실5팀 (최소영),라가르데르엑티브엔터프라이즈코리아 유한회사,61366,"256,081","29,449",0,"29,449","140,416","-110,967"
1월,광고주,CS파트,윤동주성형외과의원,47123,"1,713,780","257,068",0,"257,068","139,723","117,345"
1월,광고주,운영실2팀 (주규철),주식회사 우아한형제들,61056,"1,240,000","186,000",0,"186,000","136,799","49,201"
1월,광고주,SAE팀,대박판촉물,30804,"1,990,167","298,526","12,500","286,026","136,231","149,795"
1월,광고주,SAE팀,온뮤직실용음악학원,57089,"1,973,710","296,057",0,"296,057","135,105","160,952"
1월,광고주,SAE팀,시슬리의원(프리미엄에스피부과),45587,"1,954,520","293,179",0,"293,179","133,791","159,388"
1월,광고주,CS파트,주식회사 상우,59906,"1,640,190","246,029",0,"246,029","133,723","112,306"
1월,광고주,SAE팀,남장현산부인과,10663,"1,832,440","274,867",0,"274,867","125,435","149,432"
1월,광고주,SAE팀,중소기업정책자금지원센터주식회사,58412,"1,804,980","270,748",0,"270,748","123,555","147,193"
1월,광고주,CS파트,주식회사 이폼웍스,60757,"1,495,520","224,329",0,"224,329","121,928","102,401"
1월,광고주,CS파트,주식회사 이노렌탈,59385,"1,492,970","223,946",0,"223,946","121,720","102,226"
1월,광고주,CS파트,(주)대화씨앤에프,56536,"1,449,666","217,451",0,"217,451","118,190","99,261"
1월,광고주,CS파트,한국피셔과학 (주),61113,"1,429,020","214,354",0,"214,354","116,507","97,847"
1월,광고주,CS파트,(주)도래샘,60735,"1,321,871","209,803",0,"209,803","114,033","95,770"
1월,광고주,CS파트,(주)지학사,58937,"1,373,333","206,000",0,"206,000","111,966","94,034"
1월,광고주,SAE팀,쿠코무 주식회사,58626,"1,628,567","244,286",0,"244,286","111,479","132,807"
1월,광고주,광고사업3본부1실1팀 (강기민),어음톡,59295,"1,469,240","220,387",0,"220,387","107,564","112,823"
1월,광고주,광고사업2본부2실5팀 (최소영),티에스인터내셔날코리아(주),61592,"186,666","28,000","28,000",0,"106,536","-106,536"
1월,광고주,CS파트,쏘내추럴(주),59576,"1,288,635","193,295",0,"193,295","105,061","88,234"
1월,광고주,CS파트,(주)프리텍,50050,"1,285,660","192,850",0,"192,850","104,819","88,031"
1월,광고주,CS파트,이케이 주식회사,57644,"1,283,960","192,594",0,"192,594","104,680","87,914"
1월,광고주,CS파트,예술은행,40938,"1,282,320","192,348",0,"192,348","104,546","87,802"
1월,광고주,CS파트,주식회사 테크원씨엔에스,60418,"1,270,910","190,637",0,"190,637","103,617","87,020"
1월,광고주,SAE팀,더클래식500,34094,"1,290,357","226,696",0,"226,696","103,452","123,244"
1월,광고주,운영실2팀 (주규철),(주)대두식품,61323,0,0,0,0,"101,637","-101,637"
1월,광고주,CS파트,니오라코리아 유한회사,61364,"1,240,000","186,000",0,"186,000","101,095","84,905"
1월,광고주,CS파트,(주)다보산업,60086,"1,240,000","186,000",0,"186,000","101,095","84,905"
1월,광고주,CS파트,화이트큐브,60738,"1,240,000","186,000",0,"186,000","101,095","84,905"
1월,광고주,SAE팀,발해유학원,60704,"1,463,690","219,555",0,"219,555","100,193","119,362"
1월,광고주,SAE팀,(주)벤제프,59357,"1,446,666","217,000",0,"217,000","99,027","117,973"
1월,광고주,SAE팀,(주)나인스쿨,54669,"1,446,667","217,000",0,"217,000","99,027","117,973"
1월,광고주,SAE팀,주식회사 내공관리형스터디카페,61491,"1,416,170","212,426",0,"212,426","96,940","115,486"
1월,광고주,CS파트,송정필방,31463,"1,733,940","178,094",0,"178,094","96,798","81,296"
1월,광고주,CS파트,바른본병원,57137,"1,180,000","177,000",0,"177,000","96,204","80,796"
1월,광고주,SAE팀,주식회사 딜사이트에스,61391,"1,363,190","204,479",0,"204,479","93,313","111,166"
1월,광고주,CS파트,청호문화사,55257,"1,103,580","165,537",0,"165,537","89,973","75,564"
1월,광고주,CS파트,(주)스폰지마트,59261,"1,051,350","157,703",0,"157,703","85,716","71,987"
1월,광고주,SAE팀,에이블스토어,55298,"1,240,000","186,000",0,"186,000","84,880","101,120"
1월,광고주,SAE팀,한울프랜차이즈,34384,"1,239,925","185,989","17,487","168,502","84,875","83,627"
1월,광고주,CS파트,(주)제이앤피컴퍼니 서울지사,60635,"1,033,610","155,042",0,"155,042","84,269","70,773"
1월,광고주,SAE팀,코아리에프앤비,61539,"1,229,580","184,438",0,"184,438","84,168","100,270"
1월,광고주,SAE팀,강남편입아카데미(동의엠스쿨),16106,"1,218,920","182,839",0,"182,839","83,438","99,401"
1월,광고주,CS파트,제이제이비뇨기과,49955,"970,050","150,508",0,"150,508","81,805","68,703"
1월,광고주,SAE팀,위너에너텍(린나이동대문대리점),61429,"1,265,352","178,658",0,"178,658","81,530","97,128"
1월,광고주,CS파트,코리아에폭시,58684,"997,520","149,629",0,"149,629","81,326","68,303"
1월,광고주,SAE팀,주식회사 골프파트너앤코스모,61426,"1,150,980","172,648",0,"172,648","78,787","93,861"
1월,광고주,CS파트,서광에프알피산업,24490,"962,010","144,302",0,"144,302","78,431","65,871"
1월,광고주,SAE팀,(주)엠제이플렉스,19413,"1,145,518","171,828",0,"171,828","78,413","93,415"
1월,광고주,SAE팀,(주)제이에스인터푸드,42763,"1,124,910","168,738",0,"168,738","77,003","91,735"
1월,광고주,SAE팀,그림이좋은사람들,61420,"1,108,540","166,282",0,"166,282","75,882","90,400"
1월,광고주,운영실1팀 (박유종),고마컴퍼니 주식회사,60445,"979,480","146,922",0,"146,922","73,405","73,517"
1월,광고주,CS파트,주식회사 모던인텍,52081,"759,402","134,277",0,"134,277","72,983","61,294"
1월,광고주,SAE팀,부강아이티(주),39679,"1,062,800","159,421",0,"159,421","72,751","86,670"
1월,광고주,SAE팀,진흥산업주식회사,43451,"1,026,020","153,904",0,"153,904","70,234","83,670"
1월,광고주,광고사업1본부2실5팀 (조정현),주식회사 피알앤디리볼트,61305,"761,430","114,215",0,"114,215","67,774","46,441"
1월,광고주,SAE팀,(주)마음나눔,56946,"967,414","145,113",0,"145,113","66,222","78,891"
1월,광고주,SAE팀,한국교원연수원,36446,"952,610","142,892",0,"142,892","65,208","77,684"
1월,광고주,광고사업3본부2실6팀 (조정훈),주식회사 세모컴퍼니,61261,"254,733","38,211",0,"38,211","63,063","-24,852"
1월,광고주,CS파트,주식회사 성광특수강화유리,60839,"771,180","115,677",0,"115,677","62,874","52,803"
1월,광고주,SAE팀,와이비엠비즈강남교육연수센터,52311,"917,860","137,679",0,"137,679","62,829","74,850"
1월,광고주,SAE팀,수피부과의원,61190,"770,224","136,679",0,"136,679","62,373","74,306"
1월,광고주,CS파트,한국특수금속,42220,"759,330","113,900",0,"113,900","61,907","51,993"
1월,광고주,SAE팀,(주)알앤디코리아,58379,"851,180","127,677",0,"127,677","58,265","69,412"
1월,광고주,SAE팀,(주)엘넷,61277,"824,280","123,642",0,"123,642","56,424","67,218"
1월,광고주,운영실2팀 (주규철),글랜비아,61405,0,0,0,0,"54,824","-54,824"
1월,광고주,CS파트,켄포토,30910,"946,026","100,129",0,"100,129","54,422","45,707"
1월,광고주,CS파트,주식회사 지지엠,58058,"1,144,320","98,689",0,"98,689","53,640","45,049"
1월,광고주,CS파트,레퍼런스체크코리아 주식회사,57708,"651,450","97,718",0,"97,718","53,112","44,606"
1월,광고주,CS파트,(주)케이지이니시스,52699,"640,620","96,093",0,"96,093","52,229","43,864"
1월,광고주,CS파트,주식회사 한국국제교류원,53184,"639,680","95,952",0,"95,952","52,152","43,800"
1월,광고주,CS파트,송탄성모안과,58705,"632,330","94,850",0,"94,850","51,554","43,296"
1월,광고주,SAE팀,주식회사 맛있는에프앤비,58787,"740,860","111,130",0,"111,130","50,714","60,416"
1월,광고주,CS파트,테사테이프코리아(유),58402,"620,000","93,000",0,"93,000","50,548","42,452"
1월,광고주,운영실1팀 (박유종),프린세스 산부인과,59228,"660,760","99,114",0,"99,114","49,520","49,594"
1월,광고주,CS파트,ACA 강남,60806,"605,150","90,773",0,"90,773","49,337","41,436"
1월,광고주,SAE팀,주식회사 아리울마켓,61390,"700,324","105,049",0,"105,049","47,939","57,110"
1월,광고주,광고사업2본부1실1팀 (구준수),게스홀딩스코리아유한회사,34987,-1,0,0,0,"47,680","-47,680"
1월,광고주,CS파트,방방,28383,"579,580","86,938",0,"86,938","47,252","39,686"
1월,광고주,SAE팀,제이비엠,61149,"672,100","100,815",0,"100,815","46,007","54,808"
1월,광고주,CS파트,을지인쇄,22414,"552,510","82,877",0,"82,877","45,045","37,832"
1월,광고주,SAE팀,한소 주식회사,51366,"657,940","98,691",0,"98,691","45,037","53,654"
1월,광고주,SAE팀,한누리요가아카데미(H핫요가),42239,"644,850","96,728",0,"96,728","44,141","52,587"
1월,광고주,CS파트,우진디자인시스템퍼니처,38656,"538,620","80,793",0,"80,793","43,913","36,880"
1월,광고주,CS파트,주산수리셈(주),26442,"537,730","80,662",0,"80,662","43,841","36,821"
1월,광고주,SAE팀,바로디자인,54937,"623,120","93,468",0,"93,468","42,654","50,814"
1월,광고주,SAE팀,주식회사 엠지아이티,61519,"620,000","93,000",0,"93,000","42,440","50,560"
1월,광고주,SAE팀,(주)에이블클라우드,61412,"620,000","93,000",0,"93,000","42,440","50,560"
1월,광고주,광고사업1본부2실1팀 (추성호),주식회사 케이비손해보험,29625,"-2,151",-323,0,-323,"40,316","-40,639"
1월,광고주,CS파트,주식회사 한서이엔지,59699,"493,060","73,959",0,"73,959","40,199","33,760"
1월,광고주,CS파트,레그노,14771,"491,850","73,778",0,"73,778","40,101","33,677"
1월,광고주,SAE팀,서울플란트원치과의원,56408,"704,802","87,468",0,"87,468","39,916","47,552"
1월,광고주,SAE팀,꼬뎅,61248,"562,620","84,394",0,"84,394","38,513","45,881"
1월,광고주,CS파트,칠판마트,26860,"472,250","70,838",0,"70,838","38,502","32,336"
1월,광고주,CS파트,원시스,61557,"465,080","69,763",0,"69,763","37,918","31,845"
1월,광고주,CS파트,(주)프로테인웍스,41866,"456,646","68,497",0,"68,497","37,229","31,268"
1월,광고주,CS파트,크라운외식산업,36639,"455,050","68,258",0,"68,258","37,101","31,157"
1월,광고주,SAE팀,킴스요가&필라테스 중앙점,61416,"540,267","81,041","7,765","73,276","36,983","36,293"
1월,광고주,SAE팀,주식회사 토홀드,61245,"539,780","80,967",0,"80,967","36,949","44,018"
1월,광고주,SAE팀,에버스마일치과_목동,58000,"451,509","80,690",0,"80,690","36,823","43,867"
1월,광고주,CS파트,평택크레인,16918,"438,680","65,803",0,"65,803","35,766","30,037"
1월,광고주,SAE팀,다인치과,60147,"422,742","77,773",0,"77,773","35,491","42,282"
1월,광고주,CS파트,grandmotors,55839,"423,919","63,588",0,"63,588","34,562","29,026"
1월,광고주,CS파트,(주)바오솔루션스,56129,"415,836","62,376","7,500","54,876","33,903","20,973"
1월,광고주,SAE팀,온뮤직실용음악강북캠퍼스학원,51920,"494,620","74,193",0,"74,193","33,858","40,335"
1월,광고주,CS파트,(주)대영테크,42498,"414,630","62,195",0,"62,195","33,804","28,391"
1월,광고주,SAE팀,구플러스,58525,"488,120","73,219",0,"73,219","33,413","39,806"
1월,광고주,CS파트,라이즈(Rise),58201,"399,935","59,991",0,"59,991","32,606","27,385"
1월,광고주,SAE팀,아리아르마투렌코리아 유한회사,61327,"468,030","70,205",0,"70,205","32,038","38,167"
1월,광고주,SAE팀,명성이벤트,34437,"444,400","66,660",0,"66,660","30,420","36,240"
1월,광고주,SAE팀,더히얼컴퍼니,60999,"439,040","65,857",0,"65,857","30,054","35,803"
1월,광고주,CS파트,스토리투어,51349,"367,410","55,112",0,"55,112","29,956","25,156"
1월,광고주,SAE팀,주식회사 제이컴스,57617,"437,560","65,634",0,"65,634","29,952","35,682"
1월,광고주,SAE팀,수유상사 주식회사,59489,"434,606","65,191",0,"65,191","29,750","35,441"
1월,광고주,SAE팀,더서울치과,56535,"874,755","64,989",0,"64,989","29,657","35,332"
1월,광고주,CS파트,태동관광개발(주),40687,"362,430","54,365",0,"54,365","29,549","24,816"
1월,광고주,CS파트,한국생산성본부,17297,"359,680","53,953",0,"53,953","29,324","24,629"
1월,광고주,SAE팀,온뮤직실용음악강서학원,54363,"422,090","63,314",0,"63,314","28,893","34,421"
1월,광고주,CS파트,나비에스한의원,54699,"353,610","53,042",0,"53,042","28,828","24,214"
1월,광고주,SAE팀,AHA 산업(아하산업),20031,"414,439","62,167",0,"62,167","28,370","33,797"
1월,광고주,SAE팀,서울스마트치과,54843,"663,147","61,704",0,"61,704","28,158","33,546"
1월,광고주,SAE팀,솔밭펜션,39744,"396,850","59,528",0,"59,528","27,165","32,363"
1월,광고주,SAE팀,디자인치과의원,54569,"382,160","57,325",0,"57,325","26,160","31,165"
1월,광고주,CS파트,수원에버성형외과의원,33481,"319,050","47,858",0,"47,858","26,012","21,846"
1월,광고주,CS파트,신원플라스틱 주식회사,61362,"308,060","46,210",0,"46,210","25,115","21,095"
1월,광고주,운영실1팀 (박유종),분이곶감,51781,"331,970","49,796",0,"49,796","24,879","24,917"
1월,광고주,CS파트,신한열기 (주),58473,"299,970","44,996",0,"44,996","24,458","20,538"
1월,광고주,운영실1팀 (박유종),주식회사 뭉클,61242,"-981,793","-195,794",0,"-195,794","24,375","-220,169"
1월,광고주,CS파트,제이원 인터내셔널,59391,"285,040","42,757",0,"42,757","23,240","19,517"
1월,광고주,CS파트,(주)아이앤에스,53682,"283,550","42,534",0,"42,534","23,118","19,416"
1월,광고주,CS파트,주식회사 웰면식품,59940,"278,110","41,717",0,"41,717","22,674","19,043"
1월,광고주,CS파트,케이씨아이,56474,"275,940","41,392",0,"41,392","22,498","18,894"
1월,광고주,CS파트,디지털서울문화예술대학교,43116,"273,020","40,953",0,"40,953","22,259","18,694"
1월,광고주,CS파트,대구연합행정사사무소,58804,"269,380","40,408",0,"40,408","21,962","18,446"
1월,광고주,CS파트,위대한탄생여성병원,60129,"256,950","38,543",0,"38,543","20,948","17,595"
1월,광고주,SAE팀,주식회사 전구샵,61361,"299,290","44,894",0,"44,894","20,487","24,407"
1월,광고주,CS파트,마포크린,58587,"306,890","37,397",0,"37,397","20,327","17,070"
1월,광고주,SAE팀,메디앙,37955,"257,560","44,128",0,"44,128","20,138","23,990"
1월,광고주,CS파트,(주)짐모아인터내쇼날,31794,"245,726","36,859",0,"36,859","20,033","16,826"
1월,광고주,SAE팀,가나식품기계,6698,"291,180","43,678",0,"43,678","19,932","23,746"
1월,광고주,CS파트,주식회사 강성냉동컨테이너,60958,"243,780","36,567",0,"36,567","19,875","16,692"
1월,광고주,SAE팀,기프팅,19935,"288,110","43,217",0,"43,217","19,722","23,495"
1월,광고주,SAE팀,이바라키 현,61341,"284,094","42,614",0,"42,614","19,447","23,167"
1월,광고주,SAE팀,소솜시티,41042,"279,190","41,879",0,"41,879","19,111","22,768"
1월,광고주,CS파트,뉴비자,59069,"233,100","34,966",0,"34,966","19,005","15,961"
1월,광고주,운영실1팀 (박유종),봄날가정법률사무소,57396,"253,440","38,016",0,"38,016","18,993","19,023"
1월,광고주,SAE팀,태흥교역,45282,"275,060","41,259",0,"41,259","18,828","22,431"
1월,광고주,SAE팀,에이틴,59033,"269,180","40,377",0,"40,377","18,426","21,951"
1월,광고주,SAE팀,러시아어 에듀랑,61262,"266,390","39,959",0,"39,959","18,235","21,724"
1월,광고주,CS파트,주식회사 세일,58050,"223,230","33,485",0,"33,485","18,200","15,285"
1월,광고주,CS파트,리마트(사무나라),47273,"222,670","33,401",0,"33,401","18,156","15,245"
1월,광고주,SAE팀,온뮤직실용음악학원,61096,"264,030","39,605",0,"39,605","18,074","21,531"
1월,광고주,SAE팀,믿음하수구,41706,"262,830","39,425",0,"39,425","17,991","21,434"
1월,광고주,CS파트,한지상자닷컴,57424,"219,830","32,976",0,"32,976","17,923","15,053"
1월,광고주,SAE팀,그림이좋은사람들,61490,"259,550","38,933",0,"38,933","17,767","21,166"
1월,광고주,CS파트,리즈미의원,46120,"212,200","31,831",0,"31,831","17,301","14,530"
1월,광고주,CS파트,생생면 식품,61410,"209,890","31,484",0,"31,484","17,112","14,372"
1월,광고주,CS파트,(주) 라인시스템,60613,"209,050","31,358",0,"31,358","17,043","14,315"
1월,광고주,CS파트,나비에스 (NABY-S) 의원,51066,"207,900","31,185",0,"31,185","16,949","14,236"
1월,광고주,CS파트,한국자동차운전전문학원,58732,"206,710","31,007",0,"31,007","16,853","14,154"
1월,광고주,SAE팀,리빙캐슬 인덕원점,39362,"240,380","36,057",0,"36,057","16,454","19,603"
1월,광고주,CS파트,곤카곤충농장,47310,"201,620","30,244",0,"30,244","16,439","13,805"
1월,광고주,SAE팀,아트탱크,25733,"280,420","35,940",0,"35,940","16,401","19,539"
1월,광고주,SAE팀,머니닥터공인중개사사무소,60870,"480,470","35,855",0,"35,855","16,362","19,493"
1월,광고주,SAE팀,(주)정보라인,59099,"233,670","35,051",0,"35,051","15,995","19,056"
1월,광고주,SAE팀,브랜드온넷,40982,"232,720","34,908",0,"34,908","15,930","18,978"
1월,광고주,SAE팀,(주)이룸에프엔비,61355,"232,570","34,886",0,"34,886","15,920","18,966"
1월,광고주,CS파트,카인드짐 휘트니스,58394,"184,510","27,677",0,"27,677","15,043","12,634"
1월,광고주,SAE팀,성우기획(소프트하모니 인터내셔널),33562,"218,270","32,741",0,"32,741","14,941","17,800"
1월,광고주,CS파트,명인팩,57380,"182,240","27,337",0,"27,337","14,858","12,479"
1월,광고주,CS파트,헬로우다이빙,34373,"178,910","26,822",0,"26,822","14,578","12,244"
1월,광고주,CS파트,씨에이테크,58569,"172,353","25,853",0,"25,853","14,052","11,801"
1월,광고주,SAE팀,홍제탑치과의원,60755,"342,700","30,674",0,"30,674","13,998","16,676"
1월,광고주,SAE팀,연세우리치과의원,55374,"202,510","30,378",0,"30,378","13,863","16,515"
1월,광고주,CS파트,독일지멘스보청기 구미,59403,"167,250","25,089",0,"25,089","13,636","11,453"
1월,광고주,SAE팀,싱글하우스정자점,41750,"194,790","29,219",0,"29,219","13,334","15,885"
1월,광고주,SAE팀,연세바로치과교정과치과의원,60606,"386,810","29,096",0,"29,096","13,278","15,818"
1월,광고주,CS파트,등대불빛아래,45263,"158,050","23,708",0,"23,708","12,885","10,823"
1월,광고주,CS파트,주식회사 와이티인터내셔날,41121,"157,450","23,618",0,"23,618","12,838","10,780"
1월,광고주,CS파트,(주)오랙스티엠,57183,"157,200","23,581",0,"23,581","12,816","10,765"
1월,광고주,SAE팀,알에스신화랜드,61427,"183,710","27,557",0,"27,557","12,576","14,981"
1월,광고주,CS파트,찬주공조,50127,"152,240","22,836",0,"22,836","12,411","10,425"
1월,광고주,CS파트,씨엔쇼파,43448,"151,750","22,763",0,"22,763","12,373","10,390"
1월,광고주,CS파트,범일금고,2516,"151,150","22,673",0,"22,673","12,323","10,350"
1월,광고주,CS파트,(주)지큐엘이비,7036,"151,090","22,665",0,"22,665","12,319","10,346"
1월,광고주,CS파트,(주)프론티어유학원,52618,"149,780","22,468",0,"22,468","12,212","10,256"
1월,광고주,CS파트,인제나노판매 주식회사,41431,"146,950","22,044",0,"22,044","11,980","10,064"
1월,광고주,운영실2팀 (주규철),주식회사 플라톤벤쳐스,61203,"160,000","24,000",0,"24,000","11,978","12,022"
1월,광고주,SAE팀,청주아이폰수리마켓,59473,"288,300","25,760",0,"25,760","11,755","14,005"
1월,광고주,SAE팀,주식회사 라온비주얼시스템,54845,"169,360","25,404",0,"25,404","11,593","13,811"
1월,광고주,SAE팀,메가존(주),41201,"169,100","25,366","8,454","16,912","11,576","5,336"
1월,광고주,CS파트,씨지통신(해병마크사),51541,"136,970","20,546",0,"20,546","11,166","9,380"
1월,광고주,CS파트,주식회사에이이노텍,58621,"130,589","19,588",0,"19,588","10,646","8,942"
1월,광고주,SAE팀,21세기모타,59292,"153,750","23,063",0,"23,063","10,525","12,538"
1월,광고주,SAE팀,코코리빙텔 천호점,21038,"153,290","22,994",0,"22,994","10,493","12,501"
1월,광고주,CS파트,즐거운친구들,26053,"128,540","19,282",0,"19,282","10,480","8,802"
1월,광고주,SAE팀,에셋프라자(프라임에셋),41363,"147,070","22,061",0,"22,061","10,067","11,994"
1월,광고주,CS파트,주식회사 신원,58306,"120,500","18,076",0,"18,076","9,825","8,251"
1월,광고주,SAE팀,주식회사 삼주산업,56980,"140,980","21,148",0,"21,148","9,651","11,497"
1월,광고주,CS파트,전주하수구,57552,"117,850","17,678",0,"17,678","9,609","8,069"
1월,광고주,CS파트,리본요가분당점,54975,"113,110","16,967",0,"16,967","9,222","7,745"
1월,광고주,SAE팀,메트로레지던스,52275,"134,060","20,110",0,"20,110","9,177","10,933"
1월,광고주,CS파트,(주)엠프파트너스,47207,"112,220","16,833",0,"16,833","9,149","7,684"
1월,광고주,운영실2팀 (주규철),(주)아모레퍼시픽,60271,0,0,0,0,"9,137","-9,137"
1월,광고주,SAE팀,한성기업,41009,"130,520","19,578",0,"19,578","8,934","10,644"
1월,광고주,CS파트,총각에어컨,52641,"109,120","16,368",0,"16,368","8,895","7,473"
1월,광고주,CS파트,동화나라,22021,"108,890","16,334",0,"16,334","8,878","7,456"
1월,광고주,CS파트,배터리일번지,49854,"106,090","15,914",0,"15,914","8,650","7,264"
1월,광고주,SAE팀,주식회사 대흥포텍,56848,"125,696","18,854",0,"18,854","8,604","10,250"
1월,광고주,SAE팀,제일공영주식회사,42401,"124,810","18,722",0,"18,722","8,544","10,178"
1월,광고주,CS파트,태건산업안전 주식회사,49068,"104,430","15,665",0,"15,665","8,515","7,150"
1월,광고주,SAE팀,주아네트웍스,21062,"123,840","18,576",0,"18,576","8,477","10,099"
1월,광고주,CS파트,헬레나즈,31430,"103,330","15,500",0,"15,500","8,424","7,076"
1월,광고주,SAE팀,(주)서구대성학원,61166,"122,060","18,309",0,"18,309","8,355","9,954"
1월,광고주,CS파트,성산특수글라스,3235,"98,980","14,847",0,"14,847","8,069","6,778"
1월,광고주,SAE팀,주식회사 라코브,61586,"116,870","17,531",0,"17,531","8,000","9,531"
1월,광고주,CS파트,필어닝,59132,"96,440","14,467",0,"14,467","7,864","6,603"
1월,광고주,SAE팀,서울라인치과의원,59242,"636,740","16,940",0,"16,940","7,731","9,209"
1월,광고주,CS파트,신일특허사무소,59177,"94,380","14,159",0,"14,159","7,696","6,463"
1월,광고주,SAE팀,삼삼물산,46528,"112,020","16,804",0,"16,804","7,668","9,136"
1월,광고주,CS파트,피싱스튜디오,53622,"91,020","13,654",0,"13,654","7,421","6,233"
1월,광고주,CS파트,월평아이빅실용음악학원,60514,"90,780","13,618",0,"13,618","7,402","6,216"
1월,광고주,SAE팀,리빙캐슬 양재점,59424,"105,960","15,894",0,"15,894","7,253","8,641"
1월,광고주,CS파트,다나넥스트(주),42000,"88,660","13,299",0,"13,299","7,228","6,071"
1월,광고주,CS파트,(주) 일식조리기술원,58227,"88,540","13,281",0,"13,281","7,220","6,061"
1월,광고주,CS파트,한국후지A/S센타,36585,"87,800","13,171",0,"13,171","7,158","6,013"
1월,광고주,CS파트,강민근국어논술,58574,"85,810","12,872",0,"12,872","6,996","5,876"
1월,광고주,SAE팀,연세구치과,56057,"82,455","15,222",0,"15,222","6,947","8,275"
1월,광고주,CS파트,통영수산물직매장,43204,"84,760","12,715",0,"12,715","6,911","5,804"
1월,광고주,CS파트,거산21컨테이너,32117,"82,980","12,447",0,"12,447","6,765","5,682"
1월,광고주,CS파트,(주)에스공사(소리공사),31028,"80,210","12,034",0,"12,034","6,540","5,494"
1월,광고주,CS파트,한미노즐(주),41665,"78,140","11,721",0,"11,721","6,371","5,350"
1월,광고주,SAE팀,준 종합공사 (하늘땅),57458,"91,220","13,684",0,"13,684","6,245","7,439"
1월,광고주,CS파트,뉴마더맘산후조리원,56620,"75,340","11,301",0,"11,301","6,143","5,158"
1월,광고주,CS파트,세무법인조율 고양지점,59919,"75,240","11,286",0,"11,286","6,134","5,152"
1월,광고주,CS파트,김경숙출장요리,19398,"72,410","10,863",0,"10,863","5,904","4,959"
1월,광고주,SAE팀,제일산업,6804,"85,440","12,816",0,"12,816","5,849","6,967"
1월,광고주,CS파트,엠플러스실용음악학원,41553,"71,660","10,751",0,"10,751","5,844","4,907"
1월,광고주,CS파트,이벤트원,52541,"69,550","10,434",0,"10,434","5,671","4,763"
1월,광고주,CS파트,마스터이엔씨,36312,"69,030","10,355",0,"10,355","5,628","4,727"
1월,광고주,CS파트,홍승동떡연구소,29732,"65,360","9,804",0,"9,804","5,329","4,475"
1월,광고주,SAE팀,법무사 심재성,61328,"74,440","11,167",0,"11,167","5,096","6,071"
1월,광고주,CS파트,리본요가평촌점,57527,"60,810","9,122",0,"9,122","4,958","4,164"
1월,광고주,CS파트,신호시스템 서울센타,26320,"251,733","9,032",0,"9,032","4,909","4,123"
1월,광고주,CS파트,세기하우징,40012,"57,840","8,677",0,"8,677","4,717","3,960"
1월,광고주,SAE팀,1945김근치과의원,58911,"68,760","10,315",0,"10,315","4,707","5,608"
1월,광고주,CS파트,오일마스터,40472,"57,160","8,575",0,"8,575","4,660","3,915"
1월,광고주,CS파트,코아트,51341,"57,000","8,551",0,"8,551","4,647","3,904"
1월,광고주,CS파트,베스트데이타,40735,"318,144","8,531",0,"8,531","4,637","3,894"
1월,광고주,SAE팀,유진피앤비,59409,"64,500","9,675",0,"9,675","4,415","5,260"
1월,광고주,광고사업3본부2실5팀 (최서희),주안전기공사인력,59586,"50,170","7,526",0,"7,526","4,340","3,186"
1월,광고주,CS파트,제마산업,19987,"52,840","7,927",0,"7,927","4,309","3,618"
1월,광고주,CS파트,아트웍스,25449,"50,400","7,560",0,"7,560","4,108","3,452"
1월,광고주,CS파트,제이스준우,55915,"48,610","7,293",0,"7,293","3,964","3,329"
1월,광고주,CS파트,그리고휴,13213,"48,040","7,207",0,"7,207","3,917","3,290"
1월,광고주,CS파트,나라전기,22241,"47,490","7,125",0,"7,125","3,873","3,252"
1월,광고주,SAE팀,미래연세치과,60671,"56,090","8,414",0,"8,414","3,840","4,574"
1월,광고주,CS파트,조호군한의원,28261,"46,730","7,011",0,"7,011","3,811","3,200"
1월,광고주,SAE팀,온세led,40789,"54,220","8,133",0,"8,133","3,711","4,422"
1월,광고주,CS파트,공장컨설팅,20486,"45,470","6,821",0,"6,821","3,708","3,113"
1월,광고주,CS파트,37번가,36352,"44,750","6,713",0,"6,713","3,649","3,064"
1월,광고주,CS파트,(주)제이앤피코퍼레이션,41603,"44,570","6,686",0,"6,686","3,634","3,052"
1월,광고주,SAE팀,레이텍,21418,"50,710","7,607",0,"7,607","3,471","4,136"
1월,광고주,SAE팀,퀸아울렛,27161,"50,400","7,560",0,"7,560","3,450","4,110"
1월,광고주,CS파트,(주)아이온커뮤니케이션즈,56191,"41,520","6,229",0,"6,229","3,385","2,844"
1월,광고주,운영실2팀 (주규철),예손병원,58507,"43,740","6,561",0,"6,561","3,274","3,287"
1월,광고주,CS파트,다솜공예,6752,"39,390","5,909",0,"5,909","3,212","2,697"
1월,광고주,CS파트,한우리AV,45130,"39,210","5,883",0,"5,883","3,199","2,684"
1월,광고주,CS파트,아이빅아트센터,60717,"39,000","5,851",0,"5,851","3,180","2,671"
1월,광고주,CS파트,케이엔비 엔터테인먼트,61200,"37,950","5,693",0,"5,693","3,094","2,599"
1월,광고주,SAE팀,평산테크(다음),55515,"44,530","6,680",0,"6,680","3,048","3,632"
1월,광고주,CS파트,건강한사람들,49434,"37,340","5,602",0,"5,602","3,045","2,557"
1월,광고주,SAE팀,임팩트 로스트볼,61394,"44,060","6,610",0,"6,610","3,016","3,594"
1월,광고주,CS파트,가온,51701,"360,405","5,546",0,"5,546","3,013","2,533"
1월,광고주,CS파트,오산한국문화센터(개인),57522,"35,910","5,389",0,"5,389","2,928","2,461"
1월,광고주,SAE팀,명성한의원,6778,"42,420","6,364",0,"6,364","2,904","3,460"
1월,광고주,CS파트,인천잉꼬음향(잉꼬노래연습장),7453,"35,180","5,278",0,"5,278","2,870","2,408"
1월,광고주,광고사업1본부2실1팀 (추성호),UK LINKERS LIMITED,58122,"51,120","7,669",0,"7,669","2,870","4,799"
1월,광고주,CS파트,키엘네일,59879,"34,870","5,231",0,"5,231","2,843","2,388"
1월,광고주,CS파트,서울역 윌치과,41178,"34,120","5,119",0,"5,119","2,783","2,336"
1월,광고주,CS파트,우양산업개발 (주) 힐튼경주지점,57878,"32,730","4,910",0,"4,910","2,668","2,242"
1월,광고주,SAE팀,뉴돌고래레져클럽,43900,"38,700","5,805",0,"5,805","2,649","3,156"
1월,광고주,CS파트,타라(TARA),59843,"30,850","4,629",0,"4,629","2,516","2,113"
1월,광고주,CS파트,유창금속,52178,"30,740","4,611",0,"4,611","2,506","2,105"
1월,광고주,CS파트,동양라이트,55246,"30,710","4,607",0,"4,607","2,504","2,103"
1월,광고주,CS파트,미디어사운드랩 음각,58294,"29,290","4,394",0,"4,394","2,388","2,006"
1월,광고주,CS파트,이브아유르,43509,"29,010","4,353",0,"4,353","2,366","1,987"
1월,광고주,CS파트,더 플렌티,60055,"27,360","4,104",0,"4,104","2,231","1,873"
1월,광고주,SAE팀,돈우구이,61326,"32,280","4,843",0,"4,843","2,210","2,633"
1월,광고주,CS파트,도촌모터스,58181,"26,700","4,005",0,"4,005","2,177","1,828"
1월,광고주,CS파트,이선생,60319,"26,360","3,955",0,"3,955","2,150","1,805"
1월,광고주,CS파트,케이티티글로벌,47321,"26,110","3,917",0,"3,917","2,130","1,787"
1월,광고주,SAE팀,엘에스(LS)방전,61213,"31,060","4,659",0,"4,659","2,126","2,533"
1월,광고주,SAE팀,해충방역캐치원,59619,"29,760","4,465",0,"4,465","2,038","2,427"
1월,광고주,CS파트,복주는세상(복어세상),30624,"24,330","3,650",0,"3,650","1,984","1,666"
1월,광고주,CS파트,화성고등학교,44076,"24,160","3,625",0,"3,625","1,971","1,654"
1월,광고주,CS파트,제일언어치료센타,31339,"24,570","3,589",0,"3,589","1,950","1,639"
1월,광고주,CS파트,건강한세상앞선치과병원,39109,"22,910","3,438",0,"3,438","1,870","1,568"
1월,광고주,CS파트,엑셀위스,35085,"22,830","3,425",0,"3,425","1,862","1,563"
1월,광고주,SAE팀,주식회사 브라더컴,61290,"27,120","4,068",0,"4,068","1,856","2,212"
1월,광고주,CS파트,본영사,49013,"22,710","3,407",0,"3,407","1,851","1,556"
1월,광고주,CS파트,리본요가(수원점),32008,"21,960","3,294",0,"3,294","1,791","1,503"
1월,광고주,SAE팀,푸른건강식품연구원(웰빙하우스),19638,"25,890","3,884",0,"3,884","1,772","2,112"
1월,광고주,CS파트,디아이에프(DIF)무용원,61523,"27,540","3,215",0,"3,215","1,747","1,468"
1월,광고주,CS파트,대하테크,41296,"21,400","3,210",0,"3,210","1,745","1,465"
1월,광고주,CS파트,엠프렙어학원,11474,"21,320","3,199",0,"3,199","1,739","1,460"
1월,광고주,SAE팀,수도엔터프라이즈,60826,"25,250","3,789",0,"3,789","1,729","2,060"
1월,광고주,CS파트,(주)피엠씨엔지니어링,58707,"21,200","3,181",0,"3,181","1,729","1,452"
1월,광고주,SAE팀,능이백숙명가,61330,"24,940","3,741",0,"3,741","1,707","2,034"
1월,광고주,CS파트,911aircon,41614,"20,470","3,071",0,"3,071","1,668","1,403"
1월,광고주,SAE팀,뉴영남 부동산,44109,"23,960","3,594",0,"3,594","1,640","1,954"
1월,광고주,CS파트,마인드랩,61561,"20,060","3,011",0,"3,011","1,637","1,374"
1월,광고주,CS파트,시골연가네내음,22382,"20,020","3,005",0,"3,005","1,634","1,371"
1월,광고주,CS파트,우진조구,43350,"19,710","2,957",0,"2,957","1,607","1,350"
1월,광고주,CS파트,현덕산업기술,3221,"19,680","2,953",0,"2,953","1,605","1,348"
1월,광고주,CS파트,업스포츠,57835,"19,630","2,945",0,"2,945","1,600","1,345"
1월,광고주,광고사업3본부2실6팀 (조정훈),주식회사 커리어게이트,60452,"19,760","2,965",0,"2,965","1,576","1,389"
1월,광고주,SAE팀,봉캐릭터,46652,"22,800","3,420",0,"3,420","1,561","1,859"
1월,광고주,SAE팀,세화,12743,"22,040","3,307",0,"3,307","1,509","1,798"
1월,광고주,CS파트,월드중고폰&픽스존,58752,"18,210","2,732",0,"2,732","1,485","1,247"
1월,광고주,CS파트,스마트렌탈,50120,"18,140","2,722",0,"2,722","1,480","1,242"
1월,광고주,CS파트,에프에이온,61359,"17,920","2,689",0,"2,689","1,461","1,228"
1월,광고주,SAE팀,연세네이처치과의원,56650,"815,380","3,189",0,"3,189","1,455","1,734"
1월,광고주,CS파트,동진과학,41861,"17,690","2,655",0,"2,655","1,442","1,213"
1월,광고주,CS파트,한스케이블,50721,"17,000","2,551",0,"2,551","1,387","1,164"
1월,광고주,CS파트,민현악기,50804,"16,320","2,449",0,"2,449","1,331","1,118"
1월,광고주,CS파트,청운검정고시학원,12098,"16,040","2,407",0,"2,407","1,308","1,099"
1월,광고주,SAE팀,햇살가득농장펜션,44740,"19,080","2,863",0,"2,863","1,307","1,556"
1월,광고주,SAE팀,가은에어컨,60719,"18,970","2,846",0,"2,846","1,299","1,547"
1월,광고주,CS파트,주식회사 티아이,58441,"15,720","2,359",0,"2,359","1,281","1,078"
1월,광고주,SAE팀,앵마켓,61423,"18,260","2,739",0,"2,739","1,250","1,489"
1월,광고주,광고사업3본부2실5팀 (최서희),유비넥스,59236,"14,080","2,112",0,"2,112","1,218",894
1월,광고주,SAE팀,마이홈리빙텔 문정점,22905,"17,770","2,666",0,"2,666","1,217","1,449"
1월,광고주,CS파트,경광카본,30740,"14,000","2,101",0,"2,101","1,143",958
1월,광고주,CS파트,주식회사 제이제이쥬얼리,59341,"13,970","2,096",0,"2,096","1,141",955
1월,광고주,SAE팀,주식회사 비비다컴,60994,"15,540","2,332",0,"2,332","1,064","1,268"
1월,광고주,CS파트,한미르학원 주식회사,59362,"12,960","1,945",0,"1,945","1,058",887
1월,광고주,CS파트,동국섬유,58649,"12,790","1,919",0,"1,919","1,044",875
1월,광고주,CS파트,리디아,40673,"12,580","1,888",0,"1,888","1,026",862
1월,광고주,CS파트,초부리하우스,58751,"12,400","1,861",0,"1,861","1,011",850
1월,광고주,SAE팀,주식회사 왕부라더스,58872,"14,620","2,194",0,"2,194","1,001","1,193"
1월,광고주,운영실1팀 (박유종),(주)ALMUS,58930,"12,910","1,937",0,"1,937",968,969
1월,광고주,CS파트,펌프킨,43075,"11,800","1,770",0,"1,770",963,807
1월,광고주,CS파트,횡성한우백화점,41536,"11,550","1,733",0,"1,733",941,792
1월,광고주,운영실1팀 (박유종),주식회사 동양디엔피,57125,"12,340","1,851",0,"1,851",925,926
1월,광고주,CS파트,일광공구공업,40219,"10,950","1,644",0,"1,644",894,750
1월,광고주,CS파트,다산정공,42591,"10,600","1,591",0,"1,591",865,726
1월,광고주,CS파트,파출사랑,59024,"10,470","1,572",0,"1,572",853,719
1월,광고주,CS파트,고운이라인치과,41297,"10,360","1,554",0,"1,554",844,710
1월,광고주,CS파트,남부경찰학원,61189,"10,220","1,534",0,"1,534",833,701
1월,광고주,CS파트,대진종합유통,42823,"10,190","1,530",0,"1,530",832,698
1월,광고주,CS파트,네모나무펜션,57405,"9,990","1,499",0,"1,499",815,684
1월,광고주,CS파트,켐플러스,13118,"9,940","1,491",0,"1,491",812,679
1월,광고주,CS파트,릴수리닷컴,61030,"9,920","1,489",0,"1,489",810,679
1월,광고주,CS파트,씨큐테크,41682,"9,800","1,470",0,"1,470",799,671
1월,광고주,광고사업3본부2실,주식회사 커넥트온,58968,"21,660","3,250",0,"3,250",798,"2,452"
1월,광고주,CS파트,가이드인쇄,49003,"9,670","1,451",0,"1,451",788,663
1월,광고주,CS파트,세양기계,57071,"9,540","1,431",0,"1,431",778,653
1월,광고주,CS파트,창성적재함,51072,"8,750","1,313",0,"1,313",714,599
1월,광고주,CS파트,쓰리에스씨,28580,"8,570","1,287",0,"1,287",700,587
1월,광고주,CS파트,해인가든산장,56553,"8,070","1,212",0,"1,212",658,554
1월,광고주,SAE팀,리즌카,54154,"9,470","1,421",0,"1,421",648,773
1월,광고주,SAE팀,(주)대우컨테이너,57046,"9,470","1,421",0,"1,421",648,773
1월,광고주,SAE팀,해건한의원,35420,"9,340","1,402",0,"1,402",640,762
1월,광고주,CS파트,모든오피스,36254,"7,820","1,173",0,"1,173",637,536
1월,광고주,SAE팀,아쉬탕가요가센터,30072,"8,770","1,316",0,"1,316",601,715
1월,광고주,CS파트,신우전기제조(주),18518,"7,350","1,103",0,"1,103",600,503
1월,광고주,SAE팀,(주)밀양한천,59739,"8,200","1,230",0,"1,230",561,669
1월,광고주,CS파트,텔스콤,41977,"6,640",996,0,996,542,454
1월,광고주,CS파트,(주)태흥,7468,"6,540",982,0,982,534,448
1월,광고주,SAE팀,(주)백령여행사,1288,"7,090","1,064",0,"1,064",486,578
1월,광고주,CS파트,벌룬데코(파티아나),38254,"5,820",874,0,874,475,399
1월,광고주,SAE팀,아이엠피티,30861,"6,840","1,026",0,"1,026",468,558
1월,광고주,SAE팀,(CW)디테일링 부산명지점,61545,"6,829","1,024",0,"1,024",467,557
1월,광고주,SAE팀,에코스,45916,"6,730","1,010",0,"1,010",461,549
1월,광고주,CS파트,양전자시스템,55347,"5,580",838,0,838,455,383
1월,광고주,SAE팀,코코원룸텔 염창역점,41870,"6,350",953,0,953,435,518
1월,광고주,SAE팀,하나아이엔티,21086,"6,190",929,0,929,424,505
1월,광고주,SAE팀,델타콘도비,51904,"5,980",897,0,897,409,488
1월,광고주,광고사업1본부2실1팀 (추성호),도움부동산중개,60001,"6,760","1,014",0,"1,014",380,634
1월,광고주,CS파트,장호이미자펜션,57459,"4,420",664,0,664,360,304
1월,광고주,CS파트,아키라인,34634,"4,160",625,0,625,340,285
1월,광고주,SAE팀,들길컴퍼니,61016,"4,890",734,0,734,335,399
1월,광고주,SAE팀,김민주님 라마다울릉호텔 912호,61370,"4,720",709,0,709,324,385
1월,광고주,CS파트,주식회사 하비스,59965,"3,840",577,0,577,313,264
1월,광고주,SAE팀,주식회사 비티몰(브라이튼몰),25159,"4,520",678,0,678,309,369
1월,광고주,CS파트,공감이 있는 공간,59709,"3,710",557,0,557,303,254
1월,광고주,운영실2팀 (주규철),주식회사 스틱스앤스톤스,58623,"3,980",597,0,597,299,298
1월,광고주,CS파트,화진엠티에스,37885,"3,620",544,0,544,295,249
1월,광고주,CS파트,(주)쓰리에이엔지니어링,57872,"3,500",525,0,525,285,240
1월,광고주,CS파트,전주스쿠버,50202,"3,390",509,0,509,276,233
1월,광고주,CS파트,CA(씨에이),38489,"3,330",500,0,500,271,229
1월,광고주,CS파트,주식회사 비달사순아카데미한국공식,60092,"3,290",494,0,494,268,226
1월,광고주,CS파트,금모래은모래펜션,53157,"3,300",495,0,495,268,227
1월,광고주,CS파트,(주)코스턴,19689,"3,210",482,0,482,262,220
1월,광고주,CS파트,대관령품안에펜션,15733,"3,170",476,0,476,259,217
1월,광고주,CS파트,신한과학(주),52344,"2,910",437,0,437,239,198
1월,광고주,CS파트,투인스포츠,46790,"2,560",385,0,385,210,175
1월,광고주,CS파트,바다림영어조합법인(바지락공장),59168,"2,420",363,0,363,196,167
1월,광고주,SAE팀,대우스토리지,57090,"2,830",425,0,425,194,231
1월,광고주,CS파트,피에스시스템,54815,"2,370",356,0,356,193,163
1월,광고주,CS파트,신생공업,52094,"2,280",344,0,344,186,158
1월,광고주,SAE팀,(주)최고식품,60668,"2,300",346,0,346,158,188
1월,광고주,SAE팀,"Toyoko Inn Co.,Ltd.",61319,"2,225",334,0,334,152,182
1월,광고주,CS파트,(주)제이앤디테크,41980,"1,810",273,0,273,149,124
1월,광고주,CS파트,나무판때기,46009,"1,770",266,0,266,146,120
1월,광고주,SAE팀,소프트하모니 인터내셔널,53179,"2,020",303,0,303,138,165
1월,광고주,CS파트,태정산업,56205,"1,340",201,0,201,109,92
1월,광고주,CS파트,주식회사 대진메디슨,56143,"1,200",180,0,180,98,82
1월,광고주,CS파트,광명고주파전기,36890,"1,160",174,0,174,95,79
1월,광고주,CS파트,아이앤텍,45364,"1,130",170,0,170,93,77
1월,광고주,CS파트,시그마소프트,40112,"1,120",169,0,169,92,77
1월,광고주,CS파트,에스티라이트,28002,"1,030",155,0,155,84,71
1월,광고주,CS파트,크린몰,51293,980,147,0,147,80,67
1월,광고주,CS파트,덕현리촌장 전원펜션,43020,820,124,0,124,67,57
1월,광고주,CS파트,한국욕실공사,56597,790,119,0,119,65,54
1월,광고주,SAE팀,지축소야한우정육식당,61553,910,137,0,137,63,74
1월,광고주,CS파트,js교육,47687,700,105,0,105,58,47
1월,광고주,CS파트,주식회사 케이에이치오토,60361,640,97,0,97,53,44
1월,광고주,CS파트,동광테크,60099,530,80,0,80,43,37
1월,광고주,CS파트,보력식품기계(주식회사 보력),46193,470,71,0,71,38,33
1월,광고주,CS파트,상록지붕방수,48676,480,72,0,72,38,34
1월,광고주,CS파트,서울소독,55636,410,62,0,62,33,29
1월,광고주,CS파트,인포라인,44191,"190,360",61,0,61,33,28
1월,광고주,CS파트,성우오토텍(주),58632,380,57,0,57,31,26
1월,광고주,CS파트,소망녹취속기사무소,37892,340,51,0,51,27,24
1월,광고주,SAE팀,레디션,60911,350,53,0,53,24,29
1월,광고주,CS파트,세종이화발레학원,50736,290,45,0,45,23,22
1월,광고주,CS파트,휴네시온,56218,210,32,0,32,17,15
1월,광고주,SAE팀,주식회사 스타플랫폼,61197,210,32,0,32,15,17
1월,광고주,SAE팀,플로스앤가든,61300,210,32,0,32,15,17
1월,광고주,CS파트,싱글하우스 한성대점,27655,140,21,0,21,11,10
1월,광고주,CS파트,비엘애드,54692,140,21,0,21,11,10
1월,광고주,SAE팀,소호리빙텔 면목점,19440,140,21,0,21,10,11
1월,광고주,SAE팀,금빛,59339,140,21,0,21,10,11
1월,광고주,SAE팀,턴잇인코리아 유한회사,57308,140,21,0,21,10,11
1월,광고주,CS파트,부영목재포장,24938,100,15,0,15,7,8
1월,광고주,CS파트,한희피부과,51321,80,12,0,12,6,6
1월,광고주,SAE팀,주식회사 모아드림에프앤비,61417,70,11,0,11,5,6
1월,광고주,SAE팀,그린고시원,47329,70,11,0,11,5,6
1월,광고주,SAE팀,파인애플 피티엘,60721,70,11,0,11,5,6
1월,광고주,CS파트,주식회사 휴리스,60628,70,11,0,11,5,6
1월,광고주,CS파트,우리컴(우리파츠),41552,70,11,0,11,5,6
1월,광고주,광고사업3본부1실,주식회사 베리타스에듀,57385,140,21,0,21,4,17
1월,광고주,광고사업1본부,갤럭시텔,50836,"34,760","5,215",0,"5,215",0,"5,215"
1월,광고주,SAE팀,탐나오리,61585,"-8,172","-1,226",0,"-1,226",0,"-1,226"
1월,광고주,SAE팀,주식회사 담은푸드,60819,-90,-13,0,-13,0,-13
1월,광고주,SAE팀,내곡웰치과의원,60727,"3,150",0,0,0,0,0
1월,광고주,SAE팀,서울이웰치과의원,57173,"19,000",0,0,0,0,0
1월,광고주,SAE팀,금성관 나주곰탕,60710,"526,863",0,0,0,0,0
1월,광고주,사업지원팀,이엠넷,10157,"766,389","77,545",0,"77,545",0,"77,545"
1월,광고주,(202301) 채널팀,신한네트워크,44135,"1,570",236,0,236,0,236
1월,광고주,미디어채널팀,주식회사 에버런스,61387,"656,230","98,436","91,872","6,564",0,"6,564"
1월,광고주,미디어채널팀,(주)중앙애드넷아이엔씨,60991,"1,291,834",0,0,0,0,0
1월,광고주,미디어채널팀,(주)아이디어키,60932,"3,130,314","50,999",0,"50,999",0,"50,999"
1월,광고주,미디어채널팀,주식회사 디포캐스트,60918,"115,460,650","1,302,923","316,923","986,000",0,"986,000"
1월,광고주,미디어채널팀,주식회사 코마스인터렉티브,61012,"116,410,631","6,016,159","5,443,674","572,485",0,"572,485"
1월,광고주,미디어채널팀,(주) 에이엠피엠글로벌,61266,"161,370,665","7,824,714",0,"7,824,714",0,"7,824,714"
1월,광고주,미디어채널팀,주식회사 지니앤솔루션,61055,"778,788,286","36,899,655","5,931,179","30,968,476",0,"30,968,476"
1월,광고주,미디어채널팀,주식회사 아이지에이웍스,61230,"1,127,958,838","33,051,518","21,709,198","11,342,320",0,"11,342,320"
1월,광고주,미디어채널팀,주식회사 드림인사이트,60015,"2,005,079,609","67,820,508","14,278,941","53,541,567",0,"53,541,567"
1월,광고주,CS파트,김해가야전산회계학원,28049,"2,728",0,0,0,0,0
1월,광고주,운영실2팀 (주규철),리브로지,61348,"192,281",0,0,0,0,0
1월,광고주,운영실1팀 (박유종),(사)한국여성발명협회,61171,-7,0,0,0,0,0
1월,광고주,광고사업3본부2실7팀 (류현서),에첼소(Eccelso),60425,"191,980","28,798",0,"28,798",0,"28,798"
2월,광고주,광고사업3본부1실3팀 (이유진),(주)지에스리테일 홈쇼핑,61258,"704,801,523","106,793,461","107,989","106,685,472","83,491,235","23,194,237"
2월,광고주,광고사업3본부1실2팀 (조학성),십일번가 주식회사,60976,"1,243,096,171","108,190,812","11,286,309","96,904,503","74,114,534","22,789,969"
2월,광고주,광고사업2본부1실3팀 (장채은),주식회사 에이피알,58263,"1,128,523,199","161,097,923","38,766,534","122,331,389","70,464,474","51,866,915"
2월,광고주,광고사업1본부2실1팀 (추성호),라이나생명보험(주),61571,"1,010,984,869","140,600,101","31,534,635","109,065,466","68,666,689","40,398,777"
2월,광고주,광고사업1본부2실6팀 (이상우),씨제이 제일제당(주),42154,"895,737,192","130,037,023","1,792,788","128,244,235","67,667,129","60,577,106"
2월,광고주,광고사업1본부1실2팀 (이남준),(주)엘지유플러스,61001,"892,399,535","120,871,351","3,633,294","117,238,057","66,160,087","51,077,970"
2월,광고주,광고사업3본부2실6팀 (조정훈),씨제이올리브영 주식회사,59875,"392,329,181","58,849,380",0,"58,849,380","54,953,088","3,896,292"
2월,광고주,광고사업3본부2실4팀 (조다솜),이니스프리,57802,"397,723,399","56,020,018","2,536,503","53,483,515","53,037,220","446,295"
2월,광고주,광고사업1본부1실4팀 (유승연),주식회사 버킷플레이스,61240,"733,173,734","74,521,999","15,802,187","58,719,812","49,837,821","8,881,991"
2월,광고주,광고사업3본부1실3팀 (이유진),(주)종근당,60913,"501,386,301","80,213,572","1,730,253","78,483,319","47,839,376","30,643,943"
2월,광고주,광고사업2본부3실4팀 (이세나),네슬레코리아 유한책임회사,60374,"355,981,840","52,109,921","137,528","51,972,393","43,269,057","8,703,336"
2월,광고주,광고사업1본부2실1팀 (추성호),씨제이제일제당(주)_브랜드스토어,61407,"615,942,588","91,672,028",0,"91,672,028","38,973,187","52,698,841"
2월,광고주,광고사업2본부1실6팀 (이승화),(주)코스알엑스,61268,"134,746,576","24,669,524",0,"24,669,524","37,936,085","-13,266,561"
2월,광고주,광고사업3본부1실1팀 (강기민),(주)지에스리테일 홈쇼핑,61393,"387,420,966","58,113,150",0,"58,113,150","33,979,985","24,133,165"
2월,광고주,광고사업1본부1실4팀 (유승연),주식회사 버킷플레이스,60029,"415,641,180","62,346,180","18,892,781","43,453,399","33,820,943","9,632,456"
2월,광고주,광고사업3본부1실1팀 (강기민),에스케이렌터카 주식회사,61386,"155,171,568","20,677,498","376,778","20,300,720","33,375,493","-13,074,773"
2월,광고주,광고사업2본부3실7팀 (김가희),SK매직(주),58368,"165,259,561","27,555,269","340,097","27,215,172","31,852,584","-4,637,412"
2월,광고주,광고사업1본부2실5팀 (조정현),엘지전자(주),56076,"269,797,089","41,780,422","14,675,827","27,104,595","30,090,882","-2,986,287"
2월,광고주,광고사업1본부1실3팀 (박지연),(주)엘지생활건강,60841,"43,334,474","5,850,281","116,683","5,733,598","28,326,688","-22,593,090"
2월,광고주,광고사업1본부2실7팀 (주낙규),라이나생명보험(주)_CM,61572,"243,623,619","34,961,941","-31,534,635","66,496,576","27,817,303","38,679,273"
2월,광고주,광고사업1본부1실3팀 (박지연),주식회사 밀도,61538,"488,922,590","66,528,631","15,778,967","50,749,664","24,476,595","26,273,069"
2월,광고주,광고사업1본부1실2팀 (이남준),(주)엘지생활건강,60649,"105,979,465","18,612,269","1,912,414","16,699,855","23,185,611","-6,485,756"
2월,광고주,광고사업2본부1실1팀 (구준수),주식회사 지누스,59244,"158,391,098","25,433,840",0,"25,433,840","20,944,999","4,488,841"
2월,광고주,광고사업2본부1실1팀 (구준수),주식회사 코스모앤컴퍼니,61524,"151,174,537","22,665,004","6,230","22,658,774","19,414,317","3,244,457"
2월,광고주,광고사업1본부1실3팀 (박지연),(주)엘지생활건강,61194,"41,507,972","6,226,196","1,032,042","5,194,154","18,831,377","-13,637,223"
2월,광고주,광고사업2본부2실5팀 (최소영),(주)코앤컴,61062,"311,221,534","45,547,636","6,051,987","39,495,649","18,807,303","20,688,346"
2월,광고주,광고사업2본부2실5팀 (최소영),코튼클럽,61061,"24,770,246","3,407,171","578,548","2,828,623","17,715,977","-14,887,354"
2월,광고주,광고사업2본부2실8팀 (서성민),(주)챔프스터디,60107,"204,975,256","25,921,028",0,"25,921,028","17,251,681","8,669,347"
2월,광고주,광고사업2본부3실7팀 (김가희),(주)에스제이그룹,54521,"142,273,583","21,200,933","1,439,081","19,761,852","16,855,821","2,906,031"
2월,광고주,광고사업3본부1실3팀 (이유진),데상트코리아주식회사,57085,"86,722,202","13,258,333",0,"13,258,333","16,141,741","-2,883,408"
2월,광고주,광고사업3본부2실5팀 (최서희),(주)카버코리아,61589,"120,915,216","17,086,695",0,"17,086,695","15,892,849","1,193,846"
2월,광고주,광고사업1본부1실4팀 (유승연),(주)엘지생활건강,61183,"52,220,095","9,017,101","591,549","8,425,552","15,759,604","-7,334,052"
2월,광고주,운영실2팀 (주규철),(주)유한건강생활,61026,"121,219,503","16,448,794","382,299","16,066,495","14,695,468","1,371,027"
2월,광고주,광고사업2본부2실8팀 (서성민),(주) 블랙야크,61217,"56,361,833","8,400,999","461,405","7,939,594","13,863,479","-5,923,885"
2월,광고주,광고사업3본부2실6팀 (조정훈),(주)하이라이트브랜즈,61315,"113,496,725","17,377,198","769,188","16,608,010","13,791,235","2,816,775"
2월,광고주,광고사업2본부3실4팀 (이세나),청호나이스(주),61529,"121,423,611","17,006,185",0,"17,006,185","11,542,140","5,464,045"
2월,광고주,광고사업2본부2실8팀 (서성민),(주)챔프스터디,60340,"122,058,153","15,032,854",0,"15,032,854","10,657,700","4,375,154"
2월,광고주,운영실2팀 (주규철),(주)베네통코리아,50655,"74,828,757","11,510,764","469,494","11,041,270","9,768,643","1,272,627"
2월,광고주,광고사업2본부1실6팀 (이승화),(주)마녀공장,61421,"114,863,168","14,257,778",0,"14,257,778","9,329,599","4,928,179"
2월,광고주,광고사업2본부2실5팀 (최소영),미트리,61271,"33,433,240","7,569,827",0,"7,569,827","9,187,997","-1,618,170"
2월,광고주,광고사업1본부1실2팀 (이남준),(주)엘지생활건강,61419,"113,107,415","16,507,373","1,357,535","15,149,838","9,009,435","6,140,403"
2월,광고주,운영실1팀 (박유종),(주)경남제약,61219,"58,699,626","9,898,348","775,478","9,122,870","8,414,685","708,185"
2월,광고주,광고사업2본부2실8팀 (서성민),(주)교암,60343,"34,993,555","4,930,336",0,"4,930,336","7,046,424","-2,116,088"
2월,광고주,운영실2팀 (주규철),슬로우베드,61255,"56,130,169","8,459,365","456,656","8,002,709","6,585,845","1,416,864"
2월,광고주,운영실2팀 (주규철),주식회사 비케이브,61003,"47,821,680","6,615,381","356,313","6,259,068","6,390,004","-130,936"
2월,광고주,운영실2팀 (주규철),무인양품(주),61152,"45,151,108","6,922,490",0,"6,922,490","6,215,170","707,320"
2월,광고주,운영실2팀 (주규철),(사)홀트아동복지회,2886,"49,963,426","7,345,598","252,009","7,093,589","6,021,804","1,071,785"
2월,광고주,광고사업2본부1실1팀 (구준수),스토어허브코리아 주식회사,61159,"81,250,942","11,646,742","440,341","11,206,401","5,807,547","5,398,854"
2월,광고주,광고사업3본부2실5팀 (최서희),크린토피아,58344,"23,840,080","3,792,175",0,"3,792,175","5,108,915","-1,316,740"
2월,광고주,운영실2팀 (주규철),네파(주),51158,"36,380,952","6,614,076","316,962","6,297,114","4,872,584","1,424,530"
2월,광고주,광고사업2본부2실8팀 (서성민),(주)위더스교육,60341,"39,118,095","5,517,312",0,"5,517,312","4,789,975","727,337"
2월,광고주,운영실1팀 (박유종),주식회사 비케이브,61070,"53,718,131","7,665,736","451,689","7,214,047","4,767,135","2,446,912"
2월,광고주,광고사업2본부3실7팀 (김가희),에스제이키즈,59114,"37,307,757","5,516,085","290,300","5,225,785","4,488,723","737,062"
2월,광고주,광고사업1본부1실2팀 (이남준),(주)가나,59810,"84,198,895","11,354,776",0,"11,354,776","3,697,895","7,656,881"
2월,광고주,광고사업1본부1실3팀 (박지연),밝은눈안과,57599,"69,122,639","10,413,851",0,"10,413,851","3,559,066","6,854,785"
2월,광고주,운영실2팀 (주규철),(주)아모레퍼시픽,61263,"18,475,137","2,771,270","295,348","2,475,922","3,034,312","-558,390"
2월,광고주,운영실1팀 (박유종),주식회사 로즈베이,54500,"32,345,972","4,652,899",0,"4,652,899","2,794,456","1,858,443"
2월,광고주,운영실1팀 (박유종),(주)브랜드홀더,60865,"40,030,226","5,831,185",0,"5,831,185","2,789,702","3,041,483"
2월,광고주,광고사업2본부2실5팀 (최소영),비에스투코리아(주),61063,"29,680,736","4,176,850","1,532,640","2,644,210","2,782,261","-138,051"
2월,광고주,운영실1팀 (박유종),국민이주,33951,"40,232,597","7,417,951","502,040","6,915,911","2,703,950","4,211,961"
2월,광고주,광고사업2본부1실1팀 (구준수),게스홀딩스코리아유한회사,34987,"19,026,002","2,183,502",0,"2,183,502","2,268,404","-84,902"
2월,광고주,SAE팀,주식회사 수나비,59654,"31,514,161","4,727,094",0,"4,727,094","2,180,457","2,546,637"
2월,광고주,광고사업3본부1실2팀 (조학성),(주)코스트코코리아,58028,"63,494,160","9,524,124",0,"9,524,124","2,131,507","7,392,617"
2월,광고주,운영실2팀 (주규철),(주) 비케이브,60936,"2,858,418","428,763","62,489","366,274","1,913,724","-1,547,450"
2월,광고주,운영실1팀 (박유종),주식회사 당근마켓,60663,"6,806,384","1,731,882",0,"1,731,882","1,901,094","-169,212"
2월,광고주,운영실2팀 (주규철),"주식회사 아크메드라비(acme de lavie Co.,ltd.)",61120,"6,303,209","945,482","82,036","863,446","1,840,243","-976,797"
2월,광고주,운영실1팀 (박유종),보자기코리아,53368,"16,141,224","2,141,558",0,"2,141,558","1,823,458","318,100"
2월,광고주,광고사업3본부2실5팀 (최서희),라인프렌즈스퀘어 주식회사,61329,"37,612,479","5,666,045","293,793","5,372,252","1,816,831","3,555,421"
2월,광고주,광고사업2본부1실1팀 (구준수),주식회사 에스와이피글로벌,61182,"26,323,360","3,948,505",0,"3,948,505","1,734,805","2,213,700"
2월,광고주,운영실2팀 (주규철),주식회사 넘버링,61186,"20,234,764","726,500",0,"726,500","1,575,973","-849,473"
2월,광고주,SAE팀,주식회사 알티스트,61201,"20,244,676","3,176,325","101,521","3,074,804","1,465,137","1,609,667"
2월,광고주,운영실2팀 (주규철),(주)네오플램,61035,"21,315,680","3,197,353",0,"3,197,353","1,429,244","1,768,109"
2월,광고주,운영실1팀 (박유종),강남세란의원,58078,"12,217,322","1,982,599",0,"1,982,599","1,428,076","554,523"
2월,광고주,운영실1팀 (박유종),(주) 비즈폼,577,"7,598,908","1,139,838",0,"1,139,838","1,410,273","-270,435"
2월,광고주,운영실2팀 (주규철),주식회사 릴리브랩,61161,"4,109,559","616,436",0,"616,436","1,397,347","-780,911"
2월,광고주,운영실1팀 (박유종),주식회사 고차원,61207,"18,014,213","2,702,134",0,"2,702,134","1,382,889","1,319,245"
2월,광고주,운영실1팀 (박유종),(주)비엔에프통상,60987,"7,889,513","1,274,367",0,"1,274,367","1,332,654","-58,287"
2월,광고주,운영실1팀 (박유종),법무법인 새움,61243,"22,105,189","3,128,332",0,"3,128,332","1,268,167","1,860,165"
2월,광고주,광고사업2본부2실5팀 (최소영),(주)코데즈컴바인,61613,"908,542","136,281",0,"136,281","1,255,000","-1,118,719"
2월,광고주,광고사업1본부1실3팀 (박지연),(주)엘지생활건강,61158,"2,396,420","384,964",0,"384,964","1,235,509","-850,545"
2월,광고주,운영실2팀 (주규철),주식회사 케이비엔,61199,"5,030,160","754,524",0,"754,524","1,188,991","-434,467"
2월,광고주,SAE팀,주식회사 큐앤드비인터내셔날,61376,"16,175,330","2,426,301",0,"2,426,301","1,119,175","1,307,126"
2월,광고주,운영실1팀 (박유종),주식회사 플레이스앤,60850,"4,713,888","729,811",0,"729,811","1,101,850","-372,039"
2월,광고주,운영실1팀 (박유종),(주)한국경제티브이,59916,"13,151,526","1,835,222",0,"1,835,222","1,097,002","738,220"
2월,광고주,운영실2팀 (주규철),주식회사 같은온도,60645,"13,848,638","2,769,728",0,"2,769,728","1,077,486","1,692,242"
2월,광고주,운영실2팀 (주규철),(주)파크랜드,32403,"13,984,355","1,888,564",0,"1,888,564","1,031,660","856,904"
2월,광고주,운영실2팀 (주규철),주식회사 케어닥,60883,"7,235,077","1,369,526",0,"1,369,526","1,018,852","350,674"
2월,광고주,운영실2팀 (주규철),엔구코리아 주식회사,58581,"21,734,668","2,530,192",0,"2,530,192","1,007,377","1,522,815"
2월,광고주,운영실1팀 (박유종),생기가득 한방병원,61253,"8,920,400","1,382,606",0,"1,382,606","963,424","419,182"
2월,광고주,운영실1팀 (박유종),(주)미니멀리스트,59529,"6,242,286","1,248,457","155,462","1,092,995","954,154","138,841"
2월,광고주,운영실2팀 (주규철),(주)지인터내셔날,56828,"14,740,000","2,211,000",0,"2,211,000","916,083","1,294,917"
2월,광고주,운영실1팀 (박유종),(주) 비엔에프통상,60186,"5,933,332","930,000",0,"930,000","870,567","59,433"
2월,광고주,SAE팀,주식회사 출력홀딩스,55786,"12,403,830","1,860,576",0,"1,860,576","858,224","1,002,352"
2월,광고주,운영실1팀 (박유종),(주)사옹원,56766,"4,713,896","707,084",0,"707,084","782,088","-75,004"
2월,광고주,SAE팀,보드포인트,1149,"10,762,798","1,593,084","12,500","1,580,584","734,839","845,745"
2월,광고주,운영실1팀 (박유종),(주)코엔코,57939,"5,416,933","812,540",0,"812,540","728,128","84,412"
2월,광고주,CS파트,골드마켓,61358,"7,101,430","1,065,215",0,"1,065,215","648,100","417,115"
2월,광고주,SAE팀,파인크로스 주식회사,61411,"8,945,666","1,341,851",0,"1,341,851","618,953","722,898"
2월,광고주,운영실2팀 (주규철),(주)고래사,58161,"8,313,260","1,246,990",0,"1,246,990","612,816","634,174"
2월,광고주,운영실2팀 (주규철),포스테스,61528,"1,981,807","297,271",0,"297,271","553,425","-256,154"
2월,광고주,CS파트,(주)제일엠아이,21542,"5,064,863","899,976",0,"899,976","547,565","352,411"
2월,광고주,운영실1팀 (박유종),(주) 마하니트,61225,"2,895,870","436,970",0,"436,970","477,448","-40,478"
2월,광고주,운영실1팀 (박유종),비욘드푸드,60933,"4,032,386","712,899",0,"712,899","465,282","247,617"
2월,광고주,광고사업2본부3실7팀 (김가희),(주)유닛블랙,61357,"3,532,160","529,825",0,"529,825","465,172","64,653"
2월,광고주,운영실1팀 (박유종),닥터스웰 주식회사,61601,"287,610","43,143",0,"43,143","441,852","-398,709"
2월,광고주,SAE팀,주식회사 더벗,57763,"6,211,705","874,873",0,"874,873","403,551","471,322"
2월,광고주,CP팀,에스케이렌터카 주식회사,61415,"47,911,600","47,911,600",0,"47,911,600","399,304","47,512,296"
2월,광고주,SAE팀,라쿤커머스,60801,"4,813,200","721,981",0,"721,981","333,027","388,954"
2월,광고주,운영실1팀 (박유종),(사)한국여성발명협회,61171,"797,548","173,015",0,"173,015","328,205","-155,190"
2월,광고주,SAE팀,(주)의식주컴퍼니,61211,"5,991,820","688,427",0,"688,427","317,549","370,878"
2월,광고주,SAE팀,(주) 네모인사이트,60199,"4,336,983","655,526","5,861","649,665","302,373","347,292"
2월,광고주,운영실2팀 (주규철),(주)앨리앤코,56591,"4,344,750","651,714",0,"651,714","296,370","355,344"
2월,광고주,SAE팀,샤인뮤직넷,24015,"4,073,340","611,002",0,"611,002","281,836","329,166"
2월,광고주,CS파트,(주)성보하이드로 엔지니어링,2255,"2,895,104","459,766",0,"459,766","279,731","180,035"
2월,광고주,광고사업3본부2실6팀 (조정훈),(주)하이라이트뷰티스,61317,"4,455,019","605,545","65,969","539,576","275,615","263,961"
2월,광고주,SAE팀,주식회사 노랑풍선시티버스,59542,"3,895,512","584,327",0,"584,327","269,531","314,796"
2월,광고주,광고사업2본부2실5팀 (최소영),라가르데르엑티브엔터프라이즈코리아 유한회사,61366,"6,038,865","694,469",0,"694,469","267,327","427,142"
2월,광고주,운영실1팀 (박유종),킨키,61549,"2,963,942","486,571",0,"486,571","266,362","220,209"
2월,광고주,SAE팀,주식회사 딜사이트티브이,61349,"3,820,973","573,147",0,"573,147","264,374","308,773"
2월,광고주,운영실1팀 (박유종),주식회사 대현엠앤비,61209,"3,661,046","549,159",0,"549,159","261,531","287,628"
2월,광고주,SAE팀,주식회사 아이스칸,61344,"3,685,940","552,892",0,"552,892","255,031","297,861"
2월,광고주,SAE팀,임팩트비뇨기과의원,46817,"6,942,690","552,429","2,500","549,929","254,818","295,111"
2월,광고주,CS파트,하나서울안과의원,42986,"2,778,700","416,805",0,"416,805","253,593","163,212"
2월,광고주,SAE팀,수원모던실용음악학원,44389,"2,830,894","511,371",0,"511,371","235,879","275,492"
2월,광고주,CS파트,히오키코리아 주식회사,58786,"2,416,119","384,576",0,"384,576","233,984","150,592"
2월,광고주,SAE팀,(주)동양테크툴,11053,"3,379,330","506,900",0,"506,900","233,817","273,083"
2월,광고주,광고사업2본부2실5팀 (최소영),(주)일룸,53952,"-4,961",-744,0,-744,"232,749","-233,493"
2월,광고주,광고사업1본부1실3팀 (박지연),(주)엘지생활건강,61632,0,0,0,0,"220,095","-220,095"
2월,광고주,CS파트,써모피셔사이언티픽코리아,61112,"2,406,266","360,940",0,"360,940","219,603","141,337"
2월,광고주,운영실1팀 (박유종),주식회사 케익드라마,60837,"1,978,386","296,758",0,"296,758","209,744","87,014"
2월,광고주,SAE팀,모두의음악버클리음대동문실용음악학원,61404,"2,986,483","447,973",0,"447,973","206,636","241,337"
2월,광고주,SAE팀,연세힐치과의원,61365,"2,706,953","446,647",0,"446,647","206,024","240,623"
2월,광고주,CS파트,연세로즈엘의원청주점,44980,"2,188,800","328,320",0,"328,320","199,757","128,563"
2월,광고주,SAE팀,주식회사 체온365,61054,"2,732,483","409,874",0,"409,874","189,062","220,812"
2월,광고주,광고사업1본부1실3팀 (박지연),(주)엘지생활건강,61090,"429,615","268,442",0,"268,442","188,854","79,588"
2월,광고주,SAE팀,한국플루크,57850,"2,629,982","394,499",0,"394,499","181,970","212,529"
2월,광고주,운영실2팀 (주규철),주식회사 티비엘코퍼레이션,61218,"1,306,666","196,000",0,"196,000","169,351","26,649"
2월,광고주,SAE팀,용대물산,56302,"2,425,090","363,764",0,"363,764","167,793","195,971"
2월,광고주,SAE팀,주식회사 팜므 (PAM inc.),59000,"2,373,670","356,051",0,"356,051","164,235","191,816"
2월,광고주,SAE팀,보리움 법률사무소,59371,"3,079,729","340,706","40,000","300,706","157,157","143,549"
2월,광고주,CS파트,페스툴코리아 유한회사,58662,"1,680,000","252,000",0,"252,000","153,322","98,678"
2월,광고주,CS파트,씨티아이코리아 주식회사,54560,"1,613,120","241,969",0,"241,969","147,219","94,750"
2월,광고주,CS파트,23살농부,48028,"1,600,300","240,047",0,"240,047","146,049","93,998"
2월,광고주,SAE팀,시슬리의원(프리미엄에스피부과),45587,"2,098,420","314,763",0,"314,763","145,190","169,573"
2월,광고주,광고사업2본부2실5팀 (최소영),티에스인터내셔날코리아(주),61592,"1,306,666","196,000","196,000",0,"140,660","-140,660"
2월,광고주,CS파트,세브란스치과의원,61076,"1,989,860","226,538",0,"226,538","137,832","88,706"
2월,광고주,SAE팀,루쏘소에프앤에프,49422,"1,833,435","293,197","9,208","283,989","135,242","148,747"
2월,광고주,SAE팀,꼴레지오니스타,61239,"1,646,416","291,912","26,653","265,259","134,650","130,609"
2월,광고주,SAE팀,새항운병원,45725,"1,906,300","285,945",0,"285,945","131,897","154,048"
2월,광고주,CS파트,주식회사 뷰티메디칼,61360,"1,431,100","214,666",0,"214,666","130,608","84,058"
2월,광고주,CS파트,(주)유닉스글로벌,61301,"1,419,696","212,955",0,"212,955","129,567","83,388"
2월,광고주,SAE팀,(주) 씨엔씨,58425,"1,857,590","278,639",0,"278,639","128,527","150,112"
2월,광고주,운영실2팀 (주규철),(주)아모레퍼시픽,60271,"2,178,040","326,706",0,"326,706","124,105","202,601"
2월,광고주,CS파트,(주)프리텍,50050,"1,305,500","195,825",0,"195,825","119,143","76,682"
2월,광고주,SAE팀,대박판촉물,30804,"1,711,614","256,743","12,500","244,243","118,427","125,816"
2월,광고주,CS파트,이케이 주식회사,57644,"1,285,950","192,893",0,"192,893","117,361","75,532"
2월,광고주,CS파트,쏘내추럴(주),59576,"1,283,910","192,587",0,"192,587","117,174","75,413"
2월,광고주,CS파트,한국피셔과학 (주),61113,"1,278,290","191,744",0,"191,744","116,661","75,083"
2월,광고주,CS파트,주식회사 이폼웍스,60757,"1,257,410","188,612",0,"188,612","114,755","73,857"
2월,광고주,SAE팀,중소기업정책자금지원센터주식회사,58412,"1,591,670","238,751",0,"238,751","110,128","128,623"
2월,광고주,CS파트,주식회사 상우,59906,"1,191,090","178,664",0,"178,664","108,702","69,962"
2월,광고주,SAE팀,한반도교량점검,58958,"1,563,084","234,464",0,"234,464","108,151","126,313"
2월,광고주,CS파트,(주)도래샘,60735,"1,113,510","173,189",0,"173,189","105,372","67,817"
2월,광고주,SAE팀,(주)엠제이플렉스,19413,"1,510,635","226,596",0,"226,596","104,521","122,075"
2월,광고주,SAE팀,더클래식500,34094,"1,290,256","226,193",0,"226,193","104,336","121,857"
2월,광고주,CS파트,주식회사 성광특수강화유리,60839,"1,121,100","168,165",0,"168,165","102,315","65,850"
2월,광고주,SAE팀,더함 프랜차이즈 개발원,57437,"1,477,578","221,637",0,"221,637","102,234","119,403"
2월,광고주,CS파트,바른본병원,57137,"1,120,000","168,000",0,"168,000","102,215","65,785"
2월,광고주,CS파트,(주)지학사,58937,"1,120,000","168,000",0,"168,000","102,215","65,785"
2월,광고주,CS파트,화이트큐브,60738,"1,120,000","168,000",0,"168,000","102,215","65,785"
2월,광고주,CS파트,(주)다보산업,60086,"1,120,000","168,000",0,"168,000","102,215","65,785"
2월,광고주,CS파트,니오라코리아 유한회사,61364,"1,120,000","168,000",0,"168,000","102,215","65,785"
2월,광고주,운영실2팀 (주규철),주식회사 우아한형제들,61056,"1,120,000","168,000",0,"168,000","102,159","65,841"
2월,광고주,CS파트,(주)우림엠에스,59931,"1,095,910","164,387",0,"164,387","100,017","64,370"
2월,광고주,SAE팀,주식회사 내공관리형스터디카페,61491,"1,437,670","215,651",0,"215,651","99,473","116,178"
2월,광고주,SAE팀,온뮤직실용음악학원,57089,"1,422,500","213,376",0,"213,376","98,424","114,952"
2월,광고주,CS파트,윤동주성형외과의원,47123,"1,059,250","158,888",0,"158,888","96,670","62,218"
2월,광고주,CS파트,주식회사 이노렌탈,59385,"1,011,420","151,714",0,"151,714","92,306","59,408"
2월,광고주,CS파트,예술은행,40938,"1,002,910","150,438",0,"150,438","91,529","58,909"
2월,광고주,SAE팀,(주)나인스쿨,54669,"1,286,666","193,000",0,"193,000","89,025","103,975"
2월,광고주,CS파트,송정필방,31463,"1,469,411","144,736",0,"144,736","88,061","56,675"
2월,광고주,사업지원팀,이엠넷,10157,"708,116","54,089",0,"54,089","86,822","-32,733"
2월,광고주,SAE팀,(주)벤제프,59357,"1,213,333","182,000",0,"182,000","83,951","98,049"
2월,광고주,SAE팀,발해유학원,60704,"1,178,830","176,826",0,"176,826","81,564","95,262"
2월,광고주,CS파트,주식회사 모던인텍,52081,"763,906","133,948",0,"133,948","81,496","52,452"
2월,광고주,SAE팀,주식회사 골프파트너앤코스모,61426,"1,147,940","172,191",0,"172,191","79,426","92,765"
2월,광고주,SAE팀,에이블스토어,55298,"1,120,000","168,000",0,"168,000","77,493","90,507"
2월,광고주,CS파트,(주)스폰지마트,59261,"828,120","124,218",0,"124,218","75,577","48,641"
2월,광고주,SAE팀,코아리에프앤비,61539,"1,081,430","162,215",0,"162,215","74,825","87,390"
2월,광고주,광고사업3본부2실4팀 (조다솜),(주)아모레퍼시픽,60751,0,0,0,0,"73,558","-73,558"
2월,광고주,CS파트,레퍼런스체크코리아 주식회사,57708,"794,690","119,204",0,"119,204","72,527","46,677"
2월,광고주,CS파트,코리아에폭시,58684,"791,280","118,693",0,"118,693","72,215","46,478"
2월,광고주,SAE팀,주식회사 딜사이트에스,61391,"1,032,520","154,879",0,"154,879","71,441","83,438"
2월,광고주,CS파트,주식회사 테크원씨엔에스,60418,"782,690","117,404",0,"117,404","71,431","45,973"
2월,광고주,SAE팀,남장현산부인과,10663,"970,230","145,535",0,"145,535","67,131","78,404"
2월,광고주,CS파트,서광에프알피산업,24490,"732,590","109,890",0,"109,890","66,859","43,031"
2월,광고주,SAE팀,위너에너텍(린나이동대문대리점),61429,"962,233","144,336",0,"144,336","66,578","77,758"
2월,광고주,SAE팀,그림이좋은사람들,61420,"949,120","142,369",0,"142,369","65,670","76,699"
2월,광고주,CS파트,송탄성모안과,58705,"709,950","106,493",0,"106,493","64,793","41,700"
2월,광고주,CS파트,ACA 강남,60806,"709,600","106,440",0,"106,440","64,761","41,679"
2월,광고주,SAE팀,수피부과의원,61190,"710,535","137,655",0,"137,655","63,496","74,159"
2월,광고주,운영실2팀 (주규철),생고뱅코리아 주식회사,61031,"25,377",0,0,0,"61,787","-61,787"
2월,광고주,SAE팀,강남편입아카데미(동의엠스쿨),16106,"865,650","129,848",0,"129,848","59,895","69,953"
2월,광고주,광고사업1본부2실1팀 (추성호),주식회사 케이비손해보험,29625,-632,-95,0,-95,"59,702","-59,797"
2월,광고주,CS파트,제이제이비뇨기과,49955,"646,860","97,029",0,"97,029","59,034","37,995"
2월,광고주,CS파트,청호문화사,55257,"644,450","96,668",0,"96,668","58,815","37,853"
2월,광고주,SAE팀,(주)알앤디코리아,58379,"849,500","127,425",0,"127,425","58,777","68,648"
2월,광고주,SAE팀,부강아이티(주),39679,"821,930","123,291",0,"123,291","56,870","66,421"
2월,광고주,SAE팀,진흥산업주식회사,43451,"819,930","122,990",0,"122,990","56,731","66,259"
2월,광고주,SAE팀,명성이벤트,34437,"810,860","121,630",0,"121,630","56,104","65,526"
2월,광고주,CS파트,주식회사 지지엠,58058,"1,094,724","91,268",0,"91,268","55,529","35,739"
2월,광고주,CS파트,주산수리셈(주),26442,"592,560","88,886",0,"88,886","54,079","34,807"
2월,광고주,CS파트,주식회사 한국국제교류원,53184,"589,220","88,384",0,"88,384","53,775","34,609"
2월,광고주,SAE팀,쿠코무 주식회사,58626,"772,330","115,850",0,"115,850","53,438","62,412"
2월,광고주,CS파트,테사테이프코리아(유),58402,"560,000","84,000",0,"84,000","51,107","32,893"
2월,광고주,CS파트,한국특수금속,42220,"555,320","83,299",0,"83,299","50,681","32,618"
2월,광고주,CS파트,(주)케이지이니시스,52699,"534,830","80,225",0,"80,225","48,811","31,414"
2월,광고주,SAE팀,케이비에스미디어주식회사,30936,"684,380","102,657",0,"102,657","47,352","55,305"
2월,광고주,CS파트,한미노즐(주),41665,"507,230","76,085",0,"76,085","46,291","29,794"
2월,광고주,SAE팀,(주)마음나눔,56946,"666,278","99,942",0,"99,942","46,100","53,842"
2월,광고주,SAE팀,주식회사 아리울마켓,61390,"663,817","99,572",0,"99,572","45,929","53,643"
2월,광고주,SAE팀,(주)제이에스인터푸드,42763,"625,020","93,753",0,"93,753","43,245","50,508"
2월,광고주,CS파트,(주)프로테인웍스,41866,"466,187","69,928",0,"69,928","42,546","27,382"
2월,광고주,SAE팀,에버스마일치과_목동,58000,"509,698","91,631",0,"91,631","42,266","49,365"
2월,광고주,CS파트,주식회사 한서이엔지,59699,"462,950","69,443",0,"69,443","42,251","27,192"
2월,광고주,SAE팀,한누리요가아카데미(H핫요가),42239,"610,460","91,570",0,"91,570","42,238","49,332"
2월,광고주,SAE팀,구플러스,58525,"601,680","90,253",0,"90,253","41,631","48,622"
2월,광고주,CS파트,을지인쇄,22414,"444,300","66,646",0,"66,646","40,549","26,097"
2월,광고주,SAE팀,한국교원연수원,36446,"582,890","87,435",0,"87,435","40,331","47,104"
2월,광고주,SAE팀,디자인치과의원,54569,"575,890","86,384",0,"86,384","39,846","46,538"
2월,광고주,SAE팀,(주)엘넷,61277,"575,060","86,259",0,"86,259","39,789","46,470"
2월,광고주,CS파트,원시스,61557,"425,990","63,900",0,"63,900","38,878","25,022"
2월,광고주,SAE팀,주식회사 엠지아이티,61519,"560,000","84,000",0,"84,000","38,747","45,253"
2월,광고주,SAE팀,(주)에이블클라우드,61412,"560,000","84,000",0,"84,000","38,747","45,253"
2월,광고주,CS파트,나비에스 (NABY-S) 의원,51066,"421,600","63,241",0,"63,241","38,477","24,764"
2월,광고주,CS파트,위대한탄생여성병원,60129,"421,530","63,230",0,"63,230","38,470","24,760"
2월,광고주,CS파트,태동관광개발(주),40687,"421,490","63,224",0,"63,224","38,466","24,758"
2월,광고주,광고사업3본부1실1팀 (강기민),어음톡,59295,"1,078,380","161,757",0,"161,757","36,898","124,859"
2월,광고주,SAE팀,한울프랜차이즈,34384,"532,415","79,863","15,347","64,516","36,838","27,678"
2월,광고주,SAE팀,서울플란트원치과의원,56408,"616,042","78,687",0,"78,687","36,296","42,391"
2월,광고주,SAE팀,(주)에스다드,61590,"520,750","78,113",0,"78,113","36,031","42,082"
2월,광고주,SAE팀,와이비엠비즈강남교육연수센터,52311,"518,390","77,759",0,"77,759","35,868","41,891"
2월,광고주,SAE팀,수유상사 주식회사,59489,"505,905","75,886",0,"75,886","35,004","40,882"
2월,광고주,SAE팀,서울스마트치과,54843,"845,046","74,385",0,"74,385","34,311","40,074"
2월,광고주,SAE팀,(주)정보라인,59099,"489,660","73,450",0,"73,450","33,880","39,570"
2월,광고주,SAE팀,제이비엠,61149,"486,270","72,941",0,"72,941","33,645","39,296"
2월,광고주,CS파트,(주)바오솔루션스,56129,"368,565","55,286","7,500","47,786","33,637","14,149"
2월,광고주,CS파트,한국생산성본부,17297,"364,850","54,728",0,"54,728","33,298","21,430"
2월,광고주,SAE팀,바로디자인,54937,"475,247","71,287",0,"71,287","32,882","38,405"
2월,광고주,SAE팀,더히얼컴퍼니,60999,"474,840","71,227",0,"71,227","32,855","38,372"
2월,광고주,운영실1팀 (박유종),고마컴퍼니 주식회사,60445,"695,270","104,291",0,"104,291","32,505","71,786"
2월,광고주,CS파트,레그노,14771,"339,300","50,896",0,"50,896","30,967","19,929"
2월,광고주,CS파트,우진디자인시스템퍼니처,38656,"338,850","50,828",0,"50,828","30,924","19,904"
2월,광고주,SAE팀,주식회사 맛있는에프앤비,58787,"430,980","64,648",0,"64,648","29,820","34,828"
2월,광고주,CS파트,마포크린,58587,"362,460","48,353",0,"48,353","29,418","18,935"
2월,광고주,SAE팀,더서울치과,56535,"751,347","63,181",0,"63,181","29,143","34,038"
2월,광고주,CS파트,칠판마트,26860,"315,870","47,381",0,"47,381","28,828","18,553"
2월,광고주,SAE팀,아리아르마투렌코리아 유한회사,61327,"414,996","62,250",0,"62,250","28,714","33,536"
2월,광고주,CS파트,카인드짐 휘트니스,58394,"312,580","46,887",0,"46,887","28,528","18,359"
2월,광고주,SAE팀,AHA 산업(아하산업),20031,"412,143","61,823",0,"61,823","28,517","33,306"
2월,광고주,SAE팀,한소 주식회사,51366,"405,370","60,806",0,"60,806","28,048","32,758"
2월,광고주,CS파트,주식회사 세일,58050,"296,630","44,495",0,"44,495","27,072","17,423"
2월,광고주,SAE팀,소솜시티,41042,"389,760","58,465",0,"58,465","26,968","31,497"
2월,광고주,CS파트,평택크레인,16918,"289,300","43,396",0,"43,396","26,403","16,993"
2월,광고주,CS파트,수원에버성형외과의원,33481,"289,290","43,394",0,"43,394","26,402","16,992"
2월,광고주,CS파트,주식회사 강성냉동컨테이너,60958,"282,900","42,436",0,"42,436","25,820","16,616"
2월,광고주,운영실1팀 (박유종),분이곶감,51781,"551,360","82,705",0,"82,705","25,778","56,927"
2월,광고주,CS파트,디지털서울문화예술대학교,43116,"274,950","41,243",0,"41,243","25,094","16,149"
2월,광고주,SAE팀,태흥교역,45282,"350,580","52,588",0,"52,588","24,257","28,331"
2월,광고주,CS파트,제이원 인터내셔널,59391,"259,160","38,874",0,"38,874","23,652","15,222"
2월,광고주,CS파트,안성비단잉어,23040,"258,450","38,768",0,"38,768","23,586","15,182"
2월,광고주,CS파트,(주)짐모아인터내쇼날,31794,"258,404","38,762",0,"38,762","23,583","15,179"
2월,광고주,운영실2팀 (주규철),주식회사 플라톤벤쳐스,58438,0,0,0,0,"22,978","-22,978"
2월,광고주,CS파트,대구연합행정사사무소,58804,"248,930","37,340",0,"37,340","22,719","14,621"
2월,광고주,SAE팀,주식회사 제이컴스,57617,"326,920","49,038",0,"49,038","22,620","26,418"
2월,광고주,SAE팀,온뮤직실용음악강북캠퍼스학원,51920,"326,510","48,977",0,"48,977","22,592","26,385"
2월,광고주,SAE팀,온뮤직실용음악강서학원,54363,"325,070","48,761",0,"48,761","22,492","26,269"
2월,광고주,SAE팀,코코원룸텔 염창역점,41870,"324,640","48,697",0,"48,697","22,462","26,235"
2월,광고주,운영실1팀 (박유종),봄날가정법률사무소,57396,"478,690","71,804",0,"71,804","22,381","49,423"
2월,광고주,SAE팀,솔밭펜션,39744,"313,850","47,078",0,"47,078","21,716","25,362"
2월,광고주,CS파트,나비에스한의원,54699,"237,480","35,623",0,"35,623","21,674","13,949"
2월,광고주,CS파트,(주)대영테크,42498,"234,150","35,123",0,"35,123","21,370","13,753"
2월,광고주,SAE팀,(주)이룸에프엔비,61355,"295,900","44,385",0,"44,385","20,473","23,912"
2월,광고주,CS파트,독일지멘스보청기 구미,59403,"216,590","32,489",0,"32,489","19,767","12,722"
2월,광고주,SAE팀,메디앙,37955,"234,537","41,960",0,"41,960","19,355","22,605"
2월,광고주,SAE팀,가나식품기계,6698,"270,570","40,586",0,"40,586","18,721","21,865"
2월,광고주,SAE팀,주식회사 전구샵,61361,"263,690","39,554",0,"39,554","18,245","21,309"
2월,광고주,SAE팀,브랜드온넷,40982,"252,210","37,832",0,"37,832","17,451","20,381"
2월,광고주,CS파트,한국자동차운전전문학원,58732,"190,400","28,560",0,"28,560","17,376","11,184"
2월,광고주,SAE팀,다인치과,60147,"192,579","37,158",0,"37,158","17,140","20,018"
2월,광고주,CS파트,총각에어컨,52641,"184,880","27,733",0,"27,733","16,874","10,859"
2월,광고주,CS파트,곤카곤충농장,47310,"184,170","27,626",0,"27,626","16,809","10,817"
2월,광고주,CS파트,현대공업,60260,"183,240","27,486",0,"27,486","16,723","10,763"
2월,광고주,SAE팀,기프팅,19935,"241,060","36,159",0,"36,159","16,679","19,480"
2월,광고주,운영실1팀 (박유종),프린세스 산부인과,59228,"355,770","53,366",0,"53,366","16,634","36,732"
2월,광고주,SAE팀,연세구치과,56057,"186,472","36,025",0,"36,025","16,617","19,408"
2월,광고주,CS파트,스토리투어,51349,"181,860","27,280",0,"27,280","16,597","10,683"
2월,광고주,CS파트,한지상자닷컴,57424,"179,850","26,979",0,"26,979","16,414","10,565"
2월,광고주,CS파트,생생면 식품,61410,"178,070","26,711",0,"26,711","16,252","10,459"
2월,광고주,SAE팀,알에스신화랜드,61427,"233,670","35,051",0,"35,051","16,168","18,883"
2월,광고주,SAE팀,성우기획(소프트하모니 인터내셔널),33562,"232,580","34,887",0,"34,887","16,092","18,795"
2월,광고주,CS파트,명인팩,57380,"165,550","24,833",0,"24,833","15,109","9,724"
2월,광고주,SAE팀,메가존(주),41201,"218,130","32,720","10,905","21,815","15,093","6,722"
2월,광고주,SAE팀,(주)백령여행사,1288,"214,530","32,180",0,"32,180","14,844","17,336"
2월,광고주,SAE팀,주식회사 대흥포텍,56848,"214,193","32,129",0,"32,129","14,820","17,309"
2월,광고주,CS파트,주식회사 웰면식품,59940,"162,240","24,337",0,"24,337","14,808","9,529"
2월,광고주,CS파트,뉴비자,59069,"161,950","24,293",0,"24,293","14,779","9,514"
2월,광고주,CS파트,등대불빛아래,45263,"156,110","23,417",0,"23,417","14,247","9,170"
2월,광고주,SAE팀,(주)서구대성학원,61166,"203,820","30,574",0,"30,574","14,103","16,471"
2월,광고주,CS파트,켄포토,30910,"295,535","22,317",0,"22,317","13,579","8,738"
2월,광고주,SAE팀,연세바로치과교정과치과의원,60606,"419,690","29,106",0,"29,106","13,426","15,680"
2월,광고주,CS파트,(주)프론티어유학원,52618,"147,040","22,056",0,"22,056","13,419","8,637"
2월,광고주,SAE팀,러시아어 에듀랑,61262,"189,980","28,498",0,"28,498","13,145","15,353"
2월,광고주,CS파트,범일금고,2516,"138,850","20,828",0,"20,828","12,672","8,156"
2월,광고주,운영실1팀 (박유종),주식회사 뷰티팩토리 (beauty factory),61279,0,0,0,0,"12,621","-12,621"
2월,광고주,SAE팀,21세기모타,59292,"181,170","27,176",0,"27,176","12,535","14,641"
2월,광고주,CS파트,방방,28383,"135,920","20,389",0,"20,389","12,405","7,984"
2월,광고주,CS파트,태건산업안전 주식회사,49068,"133,810","20,072",0,"20,072","12,212","7,860"
2월,광고주,CS파트,헬로우다이빙,34373,"133,330","19,977",0,"19,977","12,155","7,822"
2월,광고주,SAE팀,킴스요가&필라테스 중앙점,61416,"174,379","26,157","2,633","23,524","12,065","11,459"
2월,광고주,CS파트,주식회사에이이노텍,58621,"130,134","19,520",0,"19,520","11,877","7,643"
2월,광고주,CS파트,필어닝,59132,"129,330","19,401",0,"19,401","11,804","7,597"
2월,광고주,SAE팀,아트탱크,25733,"170,320","25,549",0,"25,549","11,785","13,764"
2월,광고주,SAE팀,머니닥터공인중개사사무소,60870,"379,960","25,271",0,"25,271","11,657","13,614"
2월,광고주,CS파트,grandmotors,55839,"127,040","19,056",0,"19,056","11,594","7,462"
2월,광고주,CS파트,전주하수구,57552,"122,770","18,416",0,"18,416","11,205","7,211"
2월,광고주,CS파트,(주)엠프파트너스,47207,"121,670","18,251",0,"18,251","11,104","7,147"
2월,광고주,CS파트,헬레나즈,31430,"119,390","17,909",0,"17,909","10,897","7,012"
2월,광고주,광고사업3본부1실,주식회사 다다엠앤씨,60855,"380,210","57,032",0,"57,032","10,839","46,193"
2월,광고주,CS파트,인제나노판매 주식회사,41431,"115,720","17,359",0,"17,359","10,561","6,798"
2월,광고주,CS파트,(주)지큐엘이비,7036,"114,290","17,145",0,"17,145","10,431","6,714"
2월,광고주,CS파트,씨에이테크,58569,"114,119","17,118",0,"17,118","10,416","6,702"
2월,광고주,CS파트,(주) 라인시스템,60613,"111,580","16,738",0,"16,738","10,184","6,554"
2월,광고주,CS파트,찬주공조,50127,"111,170","16,676",0,"16,676","10,145","6,531"
2월,광고주,CS파트,리본요가분당점,54975,"110,100","16,515",0,"16,515","10,048","6,467"
2월,광고주,SAE팀,코코리빙텔 천호점,21038,"142,100","21,316",0,"21,316","9,832","11,484"
2월,광고주,SAE팀,홍제탑치과의원,60755,"237,130","20,690",0,"20,690","9,544","11,146"
2월,광고주,SAE팀,주식회사 라코브,61586,"137,530","20,631",0,"20,631","9,516","11,115"
2월,광고주,CS파트,(주)오랙스티엠,57183,"104,130","15,621",0,"15,621","9,504","6,117"
2월,광고주,SAE팀,한성기업,41009,"135,770","20,366",0,"20,366","9,394","10,972"
2월,광고주,CS파트,리즈미의원,46120,"102,810","15,422",0,"15,422","9,383","6,039"
2월,광고주,SAE팀,믿음하수구,41706,"133,090","19,964",0,"19,964","9,209","10,755"
2월,광고주,SAE팀,싱글하우스정자점,41750,"128,300","19,245",0,"19,245","8,877","10,368"
2월,광고주,CS파트,씨지통신(해병마크사),51541,"96,950","14,543",0,"14,543","8,848","5,695"
2월,광고주,CS파트,배터리일번지,49854,"96,610","14,492",0,"14,492","8,818","5,674"
2월,광고주,CS파트,씨엔쇼파,43448,"96,550","14,483",0,"14,483","8,812","5,671"
2월,광고주,SAE팀,청주아이폰수리마켓,59473,"194,130","18,947",0,"18,947","8,740","10,207"
2월,광고주,CS파트,(주)대화씨앤에프,56536,"93,333","14,000",0,"14,000","8,518","5,482"
2월,광고주,SAE팀,삼삼물산,46528,"122,140","18,321",0,"18,321","8,451","9,870"
2월,광고주,SAE팀,주식회사 삼주산업,56980,"120,330","18,050",0,"18,050","8,326","9,724"
2월,광고주,SAE팀,주식회사 라온비주얼시스템,54845,"119,610","17,942",0,"17,942","8,276","9,666"
2월,광고주,SAE팀,리빙캐슬 양재점,59424,"119,130","17,870",0,"17,870","8,243","9,627"
2월,광고주,CS파트,홍승동떡연구소,29732,"88,650","13,298",0,"13,298","8,091","5,207"
2월,광고주,SAE팀,탐나오리,61585,"116,450","17,468",0,"17,468","8,057","9,411"
2월,광고주,CS파트,신원플라스틱 주식회사,61362,"88,250","13,238",0,"13,238","8,054","5,184"
2월,광고주,CS파트,한국후지A/S센타,36585,"88,220","13,233",0,"13,233","8,052","5,181"
2월,광고주,SAE팀,에셋프라자(프라임에셋),41363,"114,630","17,195",0,"17,195","7,932","9,263"
2월,광고주,CS파트,주식회사 신원,58306,"86,260","12,940",0,"12,940","7,872","5,068"
2월,광고주,CS파트,신일특허사무소,59177,"85,130","12,770",0,"12,770","7,770","5,000"
2월,광고주,SAE팀,준 종합공사 (하늘땅),57458,"108,560","16,284",0,"16,284","7,511","8,773"
2월,광고주,CS파트,동화나라,22021,"80,200","12,030",0,"12,030","7,320","4,710"
2월,광고주,CS파트,통영수산물직매장,43204,"79,610","11,942",0,"11,942","7,266","4,676"
2월,광고주,CS파트,마스터이엔씨,36312,"79,010","11,852",0,"11,852","7,210","4,642"
2월,광고주,SAE팀,온뮤직실용음악학원,61096,"98,300","14,745",0,"14,745","6,801","7,944"
2월,광고주,SAE팀,주아네트웍스,21062,"97,470","14,621",0,"14,621","6,744","7,877"
2월,광고주,SAE팀,주식회사 브라더컴,61290,"90,840","13,626",0,"13,626","6,285","7,341"
2월,광고주,SAE팀,꼬뎅,61248,"90,330","13,550",0,"13,550","6,250","7,300"
2월,광고주,CS파트,케이씨아이,56474,"66,880","10,032",0,"10,032","6,104","3,928"
2월,광고주,CS파트,김경숙출장요리,19398,"65,450","9,818",0,"9,818","5,974","3,844"
2월,광고주,CS파트,다나넥스트(주),42000,"65,390","9,809",0,"9,809","5,967","3,842"
2월,광고주,CS파트,즐거운친구들,26053,"63,430","9,515",0,"9,515","5,790","3,725"
2월,광고주,CS파트,피싱스튜디오,53622,"59,080","8,863",0,"8,863","5,393","3,470"
2월,광고주,CS파트,거산21컨테이너,32117,"58,750","8,813",0,"8,813","5,363","3,450"
2월,광고주,CS파트,(주)에스공사(소리공사),31028,"57,780","8,668",0,"8,668","5,274","3,394"
2월,광고주,SAE팀,보승FC,55071,"72,200","10,831",0,"10,831","4,996","5,835"
2월,광고주,CS파트,도촌모터스,58181,"54,080","8,112",0,"8,112","4,936","3,176"
2월,광고주,CS파트,세기하우징,40012,"53,910","8,087",0,"8,087","4,920","3,167"
2월,광고주,CS파트,월평아이빅실용음악학원,60514,"53,810","8,072",0,"8,072","4,912","3,160"
2월,광고주,SAE팀,법무사 심재성,61328,"70,080","10,513",0,"10,513","4,849","5,664"
2월,광고주,SAE팀,제일산업,6804,"69,090","10,364",0,"10,364","4,781","5,583"
2월,광고주,CS파트,키엘네일,59879,"52,290","7,844",0,"7,844","4,772","3,072"
2월,광고주,SAE팀,키즈뮤,61422,"67,670","10,152",0,"10,152","4,683","5,469"
2월,광고주,CS파트,강민근국어논술,58574,"50,630","7,595",0,"7,595","4,621","2,974"
2월,광고주,SAE팀,1945김근치과의원,58911,"66,710","10,007",0,"10,007","4,616","5,391"
2월,광고주,CS파트,뉴마더맘산후조리원,56620,"50,580","7,588",0,"7,588","4,616","2,972"
2월,광고주,CS파트,동양라이트,55246,"50,080","7,513",0,"7,513","4,571","2,942"
2월,광고주,CS파트,미디어사운드랩 음각,58294,"49,620","7,444",0,"7,444","4,530","2,914"
2월,광고주,SAE팀,미래연세치과,60671,"64,780","9,717",0,"9,717","4,482","5,235"
2월,광고주,CS파트,제이스준우,55915,"47,360","7,104",0,"7,104","4,322","2,782"
2월,광고주,CS파트,성산특수글라스,3235,"45,520","6,828",0,"6,828","4,154","2,674"
2월,광고주,CS파트,한스케이블,50721,"45,350","6,803",0,"6,803","4,139","2,664"
2월,광고주,SAE팀,임팩트 로스트볼,61394,"59,040","8,858",0,"8,858","4,086","4,772"
2월,광고주,CS파트,인천잉꼬음향(잉꼬노래연습장),7453,"44,590","6,689",0,"6,689","4,070","2,619"
2월,광고주,CS파트,베스트데이타,40735,"262,021","6,560",0,"6,560","3,990","2,570"
2월,광고주,SAE팀,평산테크(다음),55515,"56,990","8,549",0,"8,549","3,943","4,606"
2월,광고주,CS파트,케이엔비 엔터테인먼트,61200,"42,770","6,416",0,"6,416","3,904","2,512"
2월,광고주,CS파트,화성고등학교,44076,"42,410","6,362",0,"6,362","3,871","2,491"
2월,광고주,CS파트,조호군한의원,28261,"41,930","6,290",0,"6,290","3,827","2,463"
2월,광고주,SAE팀,뉴돌고래레져클럽,43900,"54,020","8,104",0,"8,104","3,738","4,366"
2월,광고주,SAE팀,레이텍,21418,"53,160","7,975",0,"7,975","3,679","4,296"
2월,광고주,CS파트,(주)제이앤피코퍼레이션,41603,"39,820","5,974",0,"5,974","3,635","2,339"
2월,광고주,CS파트,복주는세상(복어세상),30624,"39,790","5,969",0,"5,969","3,632","2,337"
2월,광고주,CS파트,오일마스터,40472,"39,590","5,939",0,"5,939","3,614","2,325"
2월,광고주,SAE팀,앵마켓,61423,"49,470","7,421",0,"7,421","3,423","3,998"
2월,광고주,SAE팀,온세led,40789,"49,400","7,410",0,"7,410","3,418","3,992"
2월,광고주,CS파트,건강한사람들,49434,"37,340","5,601",0,"5,601","3,408","2,193"
2월,광고주,CS파트,스마트렌탈,50120,"36,760","5,515",0,"5,515","3,355","2,160"
2월,광고주,CS파트,신호시스템 서울센타,26320,"214,595","5,422",0,"5,422","3,299","2,123"
2월,광고주,CS파트,다솜공예,6752,"35,820","5,373",0,"5,373","3,268","2,105"
2월,광고주,CS파트,아트웍스,25449,"35,180","5,277",0,"5,277","3,210","2,067"
2월,광고주,CS파트,태정산업,56205,"33,910","5,087",0,"5,087","3,095","1,992"
2월,광고주,CS파트,아이빅아트센터,60717,"33,410","5,012",0,"5,012","3,050","1,962"
2월,광고주,SAE팀,제일공영주식회사,42401,"43,740","6,561",0,"6,561","3,026","3,535"
2월,광고주,CS파트,우양산업개발 (주) 힐튼경주지점,57878,"32,870","4,931",0,"4,931","3,000","1,931"
2월,광고주,CS파트,서울역 윌치과,41178,"32,350","4,853",0,"4,853","2,953","1,900"
2월,광고주,CS파트,리본요가평촌점,57527,"32,340","4,852",0,"4,852","2,952","1,900"
2월,광고주,CS파트,이선생,60319,"32,280","4,843",0,"4,843","2,946","1,897"
2월,광고주,CS파트,우진조구,43350,"31,980","4,798",0,"4,798","2,920","1,878"
2월,광고주,CS파트,제마산업,19987,"29,960","4,494",0,"4,494","2,735","1,759"
2월,광고주,CS파트,(주)아이온커뮤니케이션즈,56191,"29,860","4,480",0,"4,480","2,725","1,755"
2월,광고주,CS파트,나라전기,22241,"29,450","4,418",0,"4,418","2,688","1,730"
2월,광고주,CS파트,이벤트원,52541,"29,110","4,368",0,"4,368","2,657","1,711"
2월,광고주,CS파트,한우리AV,45130,"28,430","4,265",0,"4,265","2,595","1,670"
2월,광고주,CS파트,그리고휴,13213,"28,060","4,209",0,"4,209","2,561","1,648"
2월,광고주,CS파트,오산한국문화센터(개인),57522,"27,500","4,126",0,"4,126","2,510","1,616"
2월,광고주,SAE팀,퀸아울렛,27161,"34,770","5,216",0,"5,216","2,406","2,810"
2월,광고주,SAE팀,엘에스(LS)방전,61213,"33,800","5,071",0,"5,071","2,339","2,732"
2월,광고주,SAE팀,세화,12743,"33,080","4,963",0,"4,963","2,289","2,674"
2월,광고주,CS파트,마인드랩,61561,"23,780","3,568",0,"3,568","2,172","1,396"
2월,광고주,CS파트,가온,51701,"213,563","3,432",0,"3,432","2,089","1,343"
2월,광고주,SAE팀,수도엔터프라이즈,60826,"29,450","4,418",0,"4,418","2,038","2,380"
2월,광고주,SAE팀,해충방역캐치원,59619,"27,690","4,154",0,"4,154","1,916","2,238"
2월,광고주,CS파트,업스포츠,57835,"20,890","3,134",0,"3,134","1,908","1,226"
2월,광고주,CS파트,(주)피엠씨엔지니어링,58707,"20,370","3,057",0,"3,057","1,861","1,196"
2월,광고주,CS파트,리마트(사무나라),47273,"19,300","2,895",0,"2,895","1,761","1,134"
2월,광고주,CS파트,전주변기하수구씽크대막힘뚫음업체,56807,"19,230","2,885",0,"2,885","1,756","1,129"
2월,광고주,CS파트,경광카본,30740,"19,040","2,856",0,"2,856","1,738","1,118"
2월,광고주,CS파트,본영사,49013,"18,800","2,820",0,"2,820","1,716","1,104"
2월,광고주,SAE팀,뉴영남 부동산,44109,"24,000","3,601",0,"3,601","1,661","1,940"
2월,광고주,CS파트,시골연가네내음,22382,"17,720","2,659",0,"2,659","1,618","1,041"
2월,광고주,CS파트,에프에이온,61359,"17,250","2,588",0,"2,588","1,575","1,013"
2월,광고주,SAE팀,푸른건강식품연구원(웰빙하우스),19638,"22,410","3,362",0,"3,362","1,551","1,811"
2월,광고주,CS파트,네모나무펜션,57405,"16,280","2,443",0,"2,443","1,487",956
2월,광고주,CS파트,911aircon,41614,"16,180","2,427",0,"2,427","1,477",950
2월,광고주,SAE팀,능이백숙명가,61330,"19,680","2,952",0,"2,952","1,362","1,590"
2월,광고주,CS파트,파출사랑,59024,"14,590","2,189",0,"2,189","1,331",858
2월,광고주,CS파트,케이티티글로벌,47321,"14,020","2,104",0,"2,104","1,280",824
2월,광고주,SAE팀,마이홈리빙텔 문정점,22905,"18,130","2,720",0,"2,720","1,255","1,465"
2월,광고주,SAE팀,햇살가득농장펜션,44740,"17,780","2,667",0,"2,667","1,230","1,437"
2월,광고주,CS파트,디아이에프(DIF)무용원,61523,"17,090","2,014",0,"2,014","1,226",788
2월,광고주,CS파트,(주)쓰리에이엔지니어링,57872,"13,390","2,009",0,"2,009","1,223",786
2월,광고주,CS파트,현덕산업기술,3221,"12,990","1,949",0,"1,949","1,185",764
2월,광고주,CS파트,민현악기,50804,"12,380","1,857",0,"1,857","1,131",726
2월,광고주,CS파트,고운이라인치과,41297,"12,390","1,859",0,"1,859","1,131",728
2월,광고주,광고사업3본부2실5팀 (최서희),주안전기공사인력,59586,"32,280","4,842",0,"4,842","1,124","3,718"
2월,광고주,CS파트,리본요가(수원점),32008,"12,150","1,823",0,"1,823","1,110",713
2월,광고주,CS파트,횡성한우백화점,41536,"12,160","1,824",0,"1,824","1,110",714
2월,광고주,CS파트,동진과학,41861,"11,870","1,781",0,"1,781","1,083",698
2월,광고주,SAE팀,리즌카,54154,"15,420","2,313",0,"2,313","1,067","1,246"
2월,광고주,CS파트,(주)태흥,7468,"11,390","1,709",0,"1,709","1,040",669
2월,광고주,SAE팀,돈우구이,61326,"14,990","2,249",0,"2,249","1,037","1,212"
2월,광고주,운영실1팀 (박유종),주식회사 동양디엔피,57125,"21,490","3,224",0,"3,224","1,005","2,219"
2월,광고주,CS파트,세무법인조율 고양지점,59919,"10,890","1,634",0,"1,634",994,640
2월,광고주,CS파트,동국섬유,58649,"10,890","1,634",0,"1,634",994,640
2월,광고주,CS파트,주식회사 티아이,58441,"10,770","1,616",0,"1,616",983,633
2월,광고주,CS파트,유창금속,52178,"10,560","1,585",0,"1,585",965,620
2월,광고주,CS파트,다산정공,42591,"10,520","1,579",0,"1,579",961,618
2월,광고주,CS파트,대하테크,41296,"10,150","1,523",0,"1,523",927,596
2월,광고주,광고사업1본부2실1팀 (추성호),도움부동산중개,60001,"28,100","4,216",0,"4,216",910,"3,306"
2월,광고주,CS파트,37번가,36352,"9,730","1,460",0,"1,460",888,572
2월,광고주,SAE팀,명성한의원,6778,"12,610","1,892",0,"1,892",873,"1,019"
2월,광고주,CS파트,일광공구공업,40219,"9,380","1,408",0,"1,408",858,550
2월,광고주,CS파트,초부리하우스,58751,"9,390","1,409",0,"1,409",858,551
2월,광고주,SAE팀,아이엠피티,30861,"12,020","1,803",0,"1,803",832,971
2월,광고주,CS파트,화진엠티에스,37885,"9,020","1,353",0,"1,353",823,530
2월,광고주,CS파트,세양기계,57071,"8,670","1,301",0,"1,301",792,509
2월,광고주,CS파트,텔스콤,41977,"8,610","1,292",0,"1,292",785,507
2월,광고주,CS파트,대진종합유통,42823,"8,590","1,289",0,"1,289",784,505
2월,광고주,SAE팀,연세네이처치과의원,56650,"525,280","1,693",0,"1,693",781,912
2월,광고주,CS파트,이브아유르,43509,"8,560","1,285",0,"1,285",781,504
2월,광고주,CS파트,양전자시스템,55347,"8,530","1,280",0,"1,280",778,502
2월,광고주,운영실2팀 (주규철),예손병원,58507,"15,450","2,318",0,"2,318",736,"1,582"
2월,광고주,CS파트,리디아,40673,"7,870","1,181",0,"1,181",719,462
2월,광고주,CS파트,주식회사 파라바이오,61154,"7,550","1,133",0,"1,133",690,443
2월,광고주,SAE팀,서울라인치과의원,59242,"571,741","1,482",0,"1,482",684,798
2월,광고주,SAE팀,주식회사 비비다컴,60994,"9,870","1,481",0,"1,481",683,798
2월,광고주,CS파트,릴수리닷컴,61030,"7,440","1,117",0,"1,117",680,437
2월,광고주,CS파트,가이드인쇄,49003,"7,430","1,115",0,"1,115",679,436
2월,광고주,CS파트,펌프킨,43075,"7,280","1,092",0,"1,092",665,427
2월,광고주,SAE팀,(주)대우컨테이너,57046,"9,080","1,363",0,"1,363",629,734
2월,광고주,광고사업3본부2실6팀 (조정훈),주식회사 커리어게이트,60452,"15,160","2,274",0,"2,274",620,"1,654"
2월,광고주,CS파트,쓰리에스씨,28580,"6,780","1,017",0,"1,017",619,398
2월,광고주,SAE팀,(CW)디테일링 부산명지점,61545,"8,850","1,328",0,"1,328",613,715
2월,광고주,CS파트,한미르학원 주식회사,59362,"6,660",999,0,999,608,391
2월,광고주,CS파트,모든오피스,36254,"6,440",966,0,966,587,379
2월,광고주,CS파트,벌룬데코(파티아나),38254,"6,430",965,0,965,586,379
2월,광고주,SAE팀,해건한의원,35420,"8,400","1,260",0,"1,260",581,679
2월,광고주,SAE팀,봉캐릭터,46652,"8,250","1,238",0,"1,238",571,667
2월,광고주,SAE팀,하나아이엔티,21086,"7,990","1,199",0,"1,199",553,646
2월,광고주,CS파트,공감이 있는 공간,59709,"5,990",899,0,899,546,353
2월,광고주,CS파트,해인가든산장,56553,"5,630",845,0,845,514,331
2월,광고주,운영실2팀 (주규철),주식회사 스틱스앤스톤스,58623,"10,520","1,579",0,"1,579",502,"1,077"
2월,광고주,SAE팀,주식회사 왕부라더스,58872,"7,180","1,077",0,"1,077",497,580
2월,광고주,SAE팀,아쉬탕가요가센터,30072,"6,950","1,043",0,"1,043",481,562
2월,광고주,CS파트,신우전기제조(주),18518,"5,170",776,0,776,472,304
2월,광고주,SAE팀,(주)밀양한천,59739,"6,650",998,0,998,460,538
2월,광고주,CS파트,창성적재함,51072,"5,040",756,0,756,460,296
2월,광고주,CS파트,(주)코스턴,19689,"4,910",737,0,737,449,288
2월,광고주,CS파트,청운검정고시학원,12098,"4,800",721,0,721,438,283
2월,광고주,SAE팀,들길컴퍼니,61016,"5,720",859,0,859,396,463
2월,광고주,CS파트,전주스쿠버,50202,"4,330",650,0,650,396,254
2월,광고주,CS파트,CA(씨에이),38489,"4,200",631,0,631,384,247
2월,광고주,광고사업3본부2실,주식회사 커넥트온,58968,"13,090","1,964",0,"1,964",366,"1,598"
2월,광고주,광고사업3본부2실5팀 (최서희),유비넥스,59236,"10,450","1,568",0,"1,568",364,"1,204"
2월,광고주,CS파트,금모래은모래펜션,53157,"3,970",596,0,596,362,234
2월,광고주,CS파트,제일언어치료센타,31339,"3,930",567,0,567,344,223
2월,광고주,SAE팀,에코스,45916,"4,670",701,0,701,323,378
2월,광고주,CS파트,켐플러스,13118,"3,450",518,0,518,315,203
2월,광고주,CS파트,투인스포츠,46790,"3,400",510,0,510,310,200
2월,광고주,CS파트,신생공업,52094,"3,400",510,0,510,310,200
2월,광고주,CS파트,지혜아동청소년발달센터 주식회사,61618,"3,370",506,0,506,308,198
2월,광고주,SAE팀,주식회사 비티몰(브라이튼몰),25159,"4,050",608,0,608,280,328
2월,광고주,CS파트,월드중고폰&픽스존,58752,"3,050",458,0,458,279,179
2월,광고주,CS파트,엑셀위스,35085,"2,910",437,0,437,266,171
2월,광고주,CS파트,씨큐테크,41682,"2,820",423,0,423,257,166
2월,광고주,CS파트,덕현리촌장 전원펜션,43020,"2,700",405,0,405,246,159
2월,광고주,SAE팀,김민주님 라마다울릉호텔 912호,61370,"3,270",491,0,491,226,265
2월,광고주,SAE팀,대우스토리지,57090,"3,190",479,0,479,221,258
2월,광고주,CS파트,피에스시스템,54815,"2,350",353,0,353,215,138
2월,광고주,CS파트,장호이미자펜션,57459,"2,250",338,0,338,206,132
2월,광고주,CS파트,아키라인,34634,"2,220",333,0,333,203,130
2월,광고주,CS파트,주식회사 하비스,59965,"2,090",314,0,314,192,122
2월,광고주,CS파트,건강한세상앞선치과병원,39109,"1,940",292,0,292,178,114
2월,광고주,CS파트,대관령품안에펜션,15733,"1,810",272,0,272,166,106
2월,광고주,CS파트,신한과학(주),52344,"1,620",243,0,243,148,95
2월,광고주,CS파트,바다림영어조합법인(바지락공장),59168,"1,570",236,0,236,145,91
2월,광고주,CS파트,시그마소프트,40112,"1,240",186,0,186,113,73
2월,광고주,CS파트,(주)제이앤디테크,41980,"1,230",185,0,185,112,73
2월,광고주,광고사업1본부2실1팀 (추성호),UK LINKERS LIMITED,58122,"3,080",463,0,463,100,363
2월,광고주,CS파트,주식회사 휴리스,60628,990,149,0,149,90,59
2월,광고주,CS파트,비엘애드,54692,"1,000",150,0,150,90,60
2월,광고주,운영실1팀 (박유종),(주)ALMUS,58930,"1,900",285,0,285,89,196
2월,광고주,SAE팀,(주)최고식품,60668,"1,190",180,0,180,83,97
2월,광고주,CS파트,js교육,47687,910,137,0,137,83,54
2월,광고주,CS파트,나무판때기,46009,920,138,0,138,83,55
2월,광고주,SAE팀,주식회사 담은푸드,60819,"1,160",174,0,174,80,94
2월,광고주,CS파트,주식회사 케이에이치오토,60361,810,122,0,122,74,48
2월,광고주,CS파트,아이앤텍,45364,770,116,0,116,71,45
2월,광고주,SAE팀,레디션,60911,920,139,0,139,64,75
2월,광고주,CS파트,세광기업,46875,680,102,0,102,62,40
2월,광고주,CS파트,에스티라이트,28002,660,99,0,99,61,38
2월,광고주,CS파트,광명고주파전기,36890,580,87,0,87,53,34
2월,광고주,SAE팀,턴잇인코리아 유한회사,57308,720,108,0,108,50,58
2월,광고주,SAE팀,소프트하모니 인터내셔널,53179,690,104,0,104,48,56
2월,광고주,SAE팀,연세우리치과의원,55374,560,84,0,84,39,45
2월,광고주,CS파트,인포라인,44191,"346,100",66,0,66,39,27
2월,광고주,CS파트,세종이화발레학원,50736,420,63,0,63,38,25
2월,광고주,CS파트,부영목재포장,24938,420,63,0,63,38,25
2월,광고주,CS파트,소망녹취속기사무소,37892,410,62,0,62,37,25
2월,광고주,CS파트,상록지붕방수,48676,410,62,0,62,37,25
2월,광고주,CS파트,서울소독,55636,340,51,0,51,31,20
2월,광고주,CS파트,한국욕실공사,56597,240,36,0,36,21,15
2월,광고주,SAE팀,플로스앤가든,61300,280,43,0,43,20,23
2월,광고주,CS파트,성우오토텍(주),58632,220,33,0,33,20,13
2월,광고주,SAE팀,지축소야한우정육식당,61553,280,42,0,42,19,23
2월,광고주,CS파트,한솔테크,17521,210,32,0,32,19,13
2월,광고주,CS파트,테라스플러스,61041,180,27,0,27,17,10
2월,광고주,CS파트,아세아,41495,160,24,0,24,15,9
2월,광고주,CS파트,싱글하우스 한성대점,27655,140,21,0,21,13,8
2월,광고주,SAE팀,파인애플 피티엘,60721,140,21,0,21,10,11
2월,광고주,CS파트,크린몰,51293,80,12,0,12,7,5
2월,광고주,CS파트,더 플렌티,60055,60,9,0,9,6,3
2월,광고주,CS파트,주식회사 대진메디슨,56143,70,11,0,11,6,5
2월,광고주,CS파트,우리컴(우리파츠),41552,70,11,0,11,6,5
2월,광고주,CS파트,남한강레포츠,43868,70,11,0,11,6,5
2월,광고주,SAE팀,주식회사 스타플랫폼,61197,70,11,0,11,5,6
2월,광고주,광고사업3본부1실,주식회사 베리타스에듀,57385,70,11,0,11,2,9
2월,광고주,광고사업1본부,갤럭시텔,50836,"108,650","16,298",0,"16,298",0,"16,298"
2월,광고주,SAE팀,내곡웰치과의원,60727,"2,800",0,0,0,0,0
2월,광고주,SAE팀,서울이웰치과의원,57173,"20,390",0,0,0,0,0
2월,광고주,SAE팀,금성관 나주곰탕,60710,"389,873",-529,0,-529,0,-529
2월,광고주,사업지원팀,주식회사 콤텍인터내셔널,45500,"200,530",0,0,0,0,0
2월,광고주,HRD팀,마스터피스,60431,"14,180","2,127",0,"2,127",0,"2,127"
2월,광고주,(202301) 채널팀,신한네트워크,44135,900,136,0,136,0,136
2월,광고주,미디어채널팀,(주)중앙애드넷아이엔씨,60991,"1,999,856",0,0,0,0,0
2월,광고주,미디어채널팀,(주)아이디어키,60932,"5,844,759","107,497",0,"107,497",0,"107,497"
2월,광고주,미디어채널팀,주식회사 디포캐스트,60918,"95,891,831","1,247,842","381,120","866,722",0,"866,722"
2월,광고주,미디어채널팀,주식회사 코마스인터렉티브,61012,"113,454,516","6,545,950","5,862,674","683,276",0,"683,276"
2월,광고주,미디어채널팀,(주) 에이엠피엠글로벌,61266,"148,750,764","7,151,032",0,"7,151,032",0,"7,151,032"
2월,광고주,미디어채널팀,주식회사 지니앤솔루션,61055,"681,943,308","31,619,294","5,094,182","26,525,112",0,"26,525,112"
2월,광고주,미디어채널팀,주식회사 아이지에이웍스,61230,"963,759,153","20,121,283","15,200,004","4,921,279",0,"4,921,279"
2월,광고주,미디어채널팀,주식회사 드림인사이트,60015,"1,606,940,628","54,095,997","13,566,977","40,529,020",0,"40,529,020"
2월,광고주,미디어채널팀,주식회사 넥스트미디어그룹,61609,"2,992,319,348","57,696,177","57,696,177",0,0,0
2월,광고주,CS파트,(주)케이에스엔,26945,"-125,244","-18,787",0,"-18,787",0,"-18,787"
2월,광고주,CS파트,라이즈(Rise),58201,"-5,438",-815,0,-815,0,-815
2월,광고주,CS파트,김해가야전산회계학원,28049,645,-271,0,-271,0,-271
2월,광고주,운영실2팀 (주규철),리브로지,61348,"5,263",0,0,0,0,0
2월,광고주,광고사업3본부2실7팀 (류현서),에첼소(Eccelso),60425,"173,010","25,953",0,"25,953",0,"25,953"
2월,광고주,광고사업2본부1실1팀 (구준수),주식회사 에프앤에프,60670,0,0,"220,044","-220,044",0,"-220,044"
3월,광고주,광고사업3본부1실3팀 (이유진),(주)지에스리테일 홈쇼핑,61258,"803,986,009","118,079,786","244,475","117,835,311","82,890,308","34,945,003"
3월,광고주,광고사업3본부1실2팀 (조학성),십일번가 주식회사,60976,"1,757,323,714","99,421,167","11,162,822","88,258,345","82,675,970","5,582,375"
3월,광고주,광고사업1본부2실6팀 (이상우),씨제이 제일제당(주),42154,"1,260,950,709","161,068,113","2,550,314","158,517,799","81,456,616","77,061,183"
3월,광고주,광고사업2본부1실3팀 (장채은),주식회사 에이피알,58263,"1,629,492,652","238,039,706","68,583,171","169,456,535","75,462,549","93,993,986"
3월,광고주,광고사업1본부2실1팀 (추성호),라이나생명보험(주),61571,"1,221,662,031","174,737,752","85,876,642","88,861,110","60,882,514","27,978,596"
3월,광고주,광고사업3본부2실6팀 (조정훈),씨제이올리브영 주식회사,59875,"739,480,022","117,822,008",0,"117,822,008","60,256,652","57,565,356"
3월,광고주,광고사업1본부1실2팀 (이남준),(주)엘지유플러스,61001,"985,164,039","134,158,680","4,310,324","129,848,356","55,476,976","74,371,380"
3월,광고주,광고사업2본부3실4팀 (이세나),네슬레코리아 유한책임회사,60374,"394,736,390","59,998,745","122,285","59,876,460","45,142,061","14,734,399"
3월,광고주,광고사업3본부1실3팀 (이유진),(주)종근당,60913,"454,262,450","67,344,898","2,060,709","65,284,189","42,769,853","22,514,336"
3월,광고주,광고사업2본부1실6팀 (이승화),(주)코스알엑스,61268,"392,455,453","41,920,559",0,"41,920,559","40,052,597","1,867,962"
3월,광고주,광고사업3본부2실4팀 (조다솜),이니스프리,57802,"412,900,363","55,132,258","4,102,345","51,029,913","39,142,196","11,887,717"
3월,광고주,광고사업1본부1실4팀 (유승연),주식회사 버킷플레이스,61240,"556,277,400","54,737,626","10,807,293","43,930,333","38,538,449","5,391,884"
3월,광고주,광고사업1본부2실1팀 (추성호),씨제이제일제당(주)_브랜드스토어,61407,"265,990,665","35,702,220",0,"35,702,220","33,994,533","1,707,687"
3월,광고주,광고사업2본부3실7팀 (김가희),SK매직(주),58368,"209,254,783","34,960,924","1,108,948","33,851,976","33,045,755","806,221"
3월,광고주,광고사업1본부2실7팀 (주낙규),라이나생명보험(주)_CM,61572,"330,249,574","47,148,868","-7,314,393","54,463,261","31,437,296","23,025,965"
3월,광고주,광고사업3본부1실1팀 (강기민),(주)지에스리테일 홈쇼핑,61393,"406,870,023","61,030,502",0,"61,030,502","29,614,438","31,416,064"
3월,광고주,광고사업1본부1실4팀 (유승연),주식회사 버킷플레이스,60029,"335,254,189","50,288,128","12,573,817","37,714,311","29,314,478","8,399,833"
3월,광고주,광고사업1본부2실5팀 (조정현),엘지전자(주),56076,"373,925,286","44,264,006","16,508,836","27,755,170","28,709,921","-954,751"
3월,광고주,광고사업3본부1실1팀 (강기민),에스케이렌터카 주식회사,61386,"169,537,561","21,983,235","487,764","21,495,471","27,061,815","-5,566,344"
3월,광고주,광고사업2본부1실1팀 (구준수),주식회사 지누스,59244,"235,236,497","36,994,486",0,"36,994,486","26,469,679","10,524,807"
3월,광고주,광고사업3본부2실5팀 (최서희),(주)카버코리아,61589,"270,393,766","39,371,679",0,"39,371,679","23,765,416","15,606,263"
3월,광고주,광고사업1본부1실2팀 (이남준),(주)엘지생활건강,60649,"362,561,137","60,978,834","10,197,881","50,780,953","22,982,911","27,798,042"
3월,광고주,광고사업2본부2실8팀 (서성민),(주) 블랙야크,61217,"295,750,645","34,102,350","834,412","33,267,938","20,686,757","12,581,181"
3월,광고주,광고사업1본부1실3팀 (박지연),주식회사 밀도,61538,"328,481,270","49,460,869","14,874,693","34,586,176","19,561,520","15,024,656"
3월,광고주,광고사업3본부1실3팀 (이유진),데상트코리아주식회사,57085,"98,537,819","28,340,043",0,"28,340,043","17,174,313","11,165,730"
3월,광고주,광고사업1본부1실4팀 (유승연),(주)엘지생활건강,61183,"112,112,808","19,255,794","2,582,536","16,673,258","16,690,352","-17,094"
3월,광고주,광고사업3본부2실5팀 (최서희),크린토피아,58344,"202,910,791","34,616,797","5,341","34,611,456","16,294,851","18,316,605"
3월,광고주,광고사업1본부1실3팀 (박지연),(주)엘지생활건강,61194,"106,878,328","18,268,735","2,834,836","15,433,899","14,337,883","1,096,016"
3월,광고주,광고사업2본부2실8팀 (서성민),(주)챔프스터디,60107,"182,767,678","22,524,859",0,"22,524,859","14,222,658","8,302,201"
3월,광고주,광고사업2본부2실5팀 (최소영),코튼클럽,61061,"33,183,038","4,332,607","724,902","3,607,705","14,130,758","-10,523,053"
3월,광고주,광고사업3본부2실6팀 (조정훈),(주)하이라이트브랜즈,61315,"161,210,919","23,111,473","1,250,727","21,860,746","13,248,418","8,612,328"
3월,광고주,광고사업2본부1실6팀 (이승화),(주)마녀공장,61421,"282,954,701","32,209,647",0,"32,209,647","12,163,352","20,046,295"
3월,광고주,운영실2팀 (주규철),(주)유한건강생활,61026,"130,828,968","16,587,399","383,907","16,203,492","12,119,270","4,084,222"
3월,광고주,광고사업2본부2실8팀 (서성민),(주)챔프스터디,60340,"133,521,052","16,727,018",0,"16,727,018","11,323,183","5,403,835"
3월,광고주,광고사업2본부3실7팀 (김가희),(주)에스제이그룹,54521,"110,872,240","16,190,101","1,349,839","14,840,262","11,183,628","3,656,634"
3월,광고주,광고사업2본부2실5팀 (최소영),(주)코앤컴,61062,"221,751,327","30,278,210","6,027,240","24,250,970","11,058,820","13,192,150"
3월,광고주,광고사업2본부3실4팀 (이세나),청호나이스(주),61529,"144,893,705","20,297,406",0,"20,297,406","10,832,221","9,465,185"
3월,광고주,운영실2팀 (주규철),(주)베네통코리아,50655,"90,493,200","13,776,070","573,026","13,203,044","9,262,778","3,940,266"
3월,광고주,광고사업2본부1실1팀 (구준수),주식회사 코스모앤컴퍼니,61524,"38,975,867","5,837,297","4,327","5,832,970","7,973,271","-2,140,301"
3월,광고주,광고사업2본부2실5팀 (최소영),미트리,61271,"43,000,154","11,675,478",0,"11,675,478","7,871,964","3,803,514"
3월,광고주,광고사업2본부2실8팀 (서성민),(주)교암,60343,"35,515,470","4,991,186",0,"4,991,186","7,607,526","-2,616,340"
3월,광고주,운영실1팀 (박유종),(주)경남제약,61219,"58,264,650","9,760,276","554,316","9,205,960","7,268,945","1,937,015"
3월,광고주,광고사업1본부1실3팀 (박지연),(주)엘지생활건강,60841,"49,516,947","9,941,457","279,410","9,662,047","6,598,980","3,063,067"
3월,광고주,광고사업1본부1실2팀 (이남준),(주)엘지생활건강,61419,"82,273,124","11,829,073","748,863","11,080,210","6,076,813","5,003,397"
3월,광고주,운영실2팀 (주규철),슬로우베드,61255,"57,804,133","8,647,819","561,599","8,086,220","5,968,006","2,118,214"
3월,광고주,운영실2팀 (주규철),주식회사 비케이브,61003,"55,668,599","7,723,919","464,102","7,259,817","5,640,618","1,619,199"
3월,광고주,운영실2팀 (주규철),네파(주),51158,"46,871,534","8,525,475","257,369","8,268,106","4,773,166","3,494,940"
3월,광고주,광고사업2본부1실1팀 (구준수),스토어허브코리아 주식회사,61159,"87,711,987","12,523,926","540,482","11,983,444","4,745,458","7,237,986"
3월,광고주,운영실2팀 (주규철),무인양품(주),61152,"30,584,632","4,629,557",0,"4,629,557","4,582,807","46,750"
3월,광고주,광고사업2본부2실5팀 (최소영),(주)코데즈컴바인,61613,0,0,0,0,"4,540,749","-4,540,749"
3월,광고주,운영실1팀 (박유종),주식회사 비케이브,61070,"57,607,236","8,102,437","764,560","7,337,877","4,450,948","2,886,929"
3월,광고주,광고사업3본부1실2팀 (조학성),(주)코스트코코리아,58028,"155,914,515","23,387,177",0,"23,387,177","4,385,196","19,001,981"
3월,광고주,광고사업1본부1실2팀 (이남준),(주)가나,59810,"91,541,834","12,070,003",0,"12,070,003","3,929,949","8,140,054"
3월,광고주,광고사업2본부3실7팀 (김가희),에스제이키즈,59114,"27,464,830","4,071,674","197,174","3,874,500","3,837,703","36,797"
3월,광고주,광고사업2본부2실8팀 (서성민),(주)위더스교육,60341,"34,510,022","4,853,465",0,"4,853,465","3,451,053","1,402,412"
3월,광고주,광고사업2본부1실1팀 (구준수),게스홀딩스코리아유한회사,34987,"80,936,410","9,329,205",0,"9,329,205","3,359,082","5,970,123"
3월,광고주,운영실2팀 (주규철),(사)홀트아동복지회,2886,"29,176,591","4,530,655","346,305","4,184,350","3,102,671","1,081,679"
3월,광고주,운영실1팀 (박유종),(주)한국경제티브이,59916,"33,876,293","5,304,862",0,"5,304,862","2,962,972","2,341,890"
3월,광고주,광고사업2본부2실5팀 (최소영),비에스투코리아(주),61063,"30,912,039","4,191,201","1,374,152","2,817,049","2,946,683","-129,634"
3월,광고주,운영실1팀 (박유종),주식회사 로즈베이,54500,"48,368,429","7,017,537",0,"7,017,537","2,902,344","4,115,193"
3월,광고주,운영실2팀 (주규철),주식회사 넘버링,61186,"33,851,089","3,207,715",0,"3,207,715","2,685,587","522,128"
3월,광고주,SAE팀,주식회사 수나비,59654,"37,216,957","5,513,604",0,"5,513,604","2,655,156","2,858,448"
3월,광고주,광고사업1본부1실3팀 (박지연),밝은눈안과,57599,"44,614,732","6,714,938",0,"6,714,938","2,604,321","4,110,617"
3월,광고주,운영실2팀 (주규철),(주)아모레퍼시픽,61263,"19,715,577","2,888,491","346,688","2,541,803","2,598,299","-56,496"
3월,광고주,광고사업1본부1실3팀 (박지연),(주)엘지생활건강,61632,"92,028","13,804","2,607","11,197","2,518,657","-2,507,460"
3월,광고주,운영실1팀 (박유종),(주)브랜드홀더,60865,"38,399,283","5,133,008",0,"5,133,008","2,488,686","2,644,322"
3월,광고주,운영실1팀 (박유종),국민이주,33951,"44,978,878","8,225,386","583,244","7,642,142","2,413,386","5,228,756"
3월,광고주,운영실2팀 (주규철),(주)파크랜드,32403,"22,802,180","3,826,975",0,"3,826,975","1,979,992","1,846,983"
3월,광고주,운영실2팀 (주규철),"주식회사 아크메드라비(acme de lavie Co.,ltd.)",61120,"8,217,804","1,232,671","140,662","1,092,009","1,972,016","-880,007"
3월,광고주,운영실1팀 (박유종),주식회사 고차원,61207,"19,966,331","2,994,950",0,"2,994,950","1,715,594","1,279,356"
3월,광고주,운영실1팀 (박유종),주식회사 당근마켓,60663,"8,644,311","2,085,319",0,"2,085,319","1,696,886","388,433"
3월,광고주,운영실1팀 (박유종),생기가득 한방병원,61253,"8,504,997","1,316,431",0,"1,316,431","1,664,784","-348,353"
3월,광고주,광고사업2본부1실1팀 (구준수),주식회사 에스와이피글로벌,61182,"25,732,978","3,859,948",0,"3,859,948","1,654,082","2,205,866"
3월,광고주,운영실1팀 (박유종),보자기코리아,53368,"17,949,148","2,443,047",0,"2,443,047","1,601,954","841,093"
3월,광고주,SAE팀,주식회사 큐앤드비인터내셔날,61376,"21,675,049","3,251,259",0,"3,251,259","1,565,691","1,685,568"
3월,광고주,운영실1팀 (박유종),강남세란의원,58078,"8,863,228","1,311,485",0,"1,311,485","1,471,502","-160,017"
3월,광고주,광고사업3본부2실5팀 (최서희),라인프렌즈스퀘어 주식회사,61329,"33,696,836","4,927,243","245,430","4,681,813","1,412,995","3,268,818"
3월,광고주,SAE팀,주식회사 알티스트,61201,"19,465,837","2,930,579","73,236","2,857,343","1,411,263","1,446,080"
3월,광고주,운영실1팀 (박유종),법무법인 새움,61243,"23,771,011","3,382,965",0,"3,382,965","1,335,025","2,047,940"
3월,광고주,운영실1팀 (박유종),(주) 비즈폼,577,"9,836,857","1,475,527",0,"1,475,527","1,270,501","205,026"
3월,광고주,운영실1팀 (박유종),(주)미니멀리스트,59529,"6,798,308","1,359,661","203,313","1,156,348","1,260,740","-104,392"
3월,광고주,운영실2팀 (주규철),주식회사 릴리브랩,61161,"148,909","14,891",0,"14,891","1,244,868","-1,229,977"
3월,광고주,SAE팀,주식회사 출력홀딩스,55786,"16,516,258","2,477,439",0,"2,477,439","1,193,047","1,284,392"
3월,광고주,운영실2팀 (주규철),(주)네오플램,61035,"21,933,592","2,839,771",0,"2,839,771","1,061,457","1,778,314"
3월,광고주,운영실1팀 (박유종),(주) 마하니트,61225,"3,790,927","546,771",0,"546,771","1,047,808","-501,037"
3월,광고주,운영실1팀 (박유종),(주)비엔에프통상,60987,"8,818,829","1,427,203",0,"1,427,203","1,026,418","400,785"
3월,광고주,운영실2팀 (주규철),주식회사 케어닥,60883,"8,402,110","1,564,811",0,"1,564,811","996,714","568,097"
3월,광고주,운영실2팀 (주규철),주식회사 같은온도,60645,"15,860,584","3,172,117",0,"3,172,117","943,539","2,228,578"
3월,광고주,운영실2팀 (주규철),엔구코리아 주식회사,58581,"6,880,742","2,663,034",0,"2,663,034","875,415","1,787,619"
3월,광고주,SAE팀,보드포인트,1149,"12,192,085","1,806,873","12,500","1,794,373","870,126","924,247"
3월,광고주,운영실2팀 (주규철),주식회사 케이비엔,61199,"1,969,001","295,351",0,"295,351","857,075","-561,724"
3월,광고주,운영실2팀 (주규철),(주)지인터내셔날,56828,"16,319,999","2,448,000",0,"2,448,000","820,604","1,627,396"
3월,광고주,운영실1팀 (박유종),주식회사 플레이스앤,60850,"4,792,889","721,506",0,"721,506","801,289","-79,783"
3월,광고주,SAE팀,파인크로스 주식회사,61411,"10,516,685","1,577,503",0,"1,577,503","759,669","817,834"
3월,광고주,운영실1팀 (박유종),(주) 비엔에프통상,60186,"6,892,424","1,094,318",0,"1,094,318","718,200","376,118"
3월,광고주,운영실2팀 (주규철),(주)고래사,58161,"10,047,890","1,408,195",0,"1,408,195","678,502","729,693"
3월,광고주,광고사업3본부2실4팀 (조다솜),(주)아모레퍼시픽,60751,0,0,0,0,"676,865","-676,865"
3월,광고주,운영실1팀 (박유종),(주)코엔코,57939,"6,353,608","953,041",0,"953,041","593,372","359,669"
3월,광고주,SAE팀,라쿤커머스,60801,"7,785,563","1,167,834",0,"1,167,834","562,387","605,447"
3월,광고주,운영실1팀 (박유종),(사)한국여성발명협회,61171,"6,631,781","1,549,185","99,945","1,449,240","510,673","938,567"
3월,광고주,CS파트,(주)제일엠아이,21542,"5,590,687","988,895",0,"988,895","503,655","485,240"
3월,광고주,SAE팀,주식회사 더벗,57763,"7,260,816","1,030,386",0,"1,030,386","496,197","534,189"
3월,광고주,CS파트,골드마켓,61358,"6,485,141","972,771",0,"972,771","495,442","477,329"
3월,광고주,운영실1팀 (박유종),비욘드푸드,60933,"4,091,411","716,689",0,"716,689","476,582","240,107"
3월,광고주,운영실1팀 (박유종),(주)사옹원,56766,"4,577,689","736,655",0,"736,655","469,212","267,443"
3월,광고주,운영실2팀 (주규철),(주) 비케이브,60936,"2,126,085","318,913","63,346","255,567","460,421","-204,854"
3월,광고주,광고사업1본부1실3팀 (박지연),(주)엘지생활건강,61090,"1,097,655","776,648",0,"776,648","429,347","347,301"
3월,광고주,SAE팀,주식회사 딜사이트티브이,61349,"5,833,560","841,907",0,"841,907","405,433","436,474"
3월,광고주,광고사업2본부3실7팀 (김가희),(주)유닛블랙,61357,"3,486,811","523,022",0,"523,022","401,672","121,350"
3월,광고주,SAE팀,한국플루크,57850,"5,360,912","804,136",0,"804,136","387,243","416,893"
3월,광고주,광고사업1본부1실3팀 (박지연),(주)엘지생활건강,61158,"2,668,678","442,802",0,"442,802","383,115","59,687"
3월,광고주,SAE팀,(주) 네모인사이트,60199,"4,916,515","742,972","8,084","734,888","357,789","377,099"
3월,광고주,CS파트,(주)성보하이드로 엔지니어링,2255,"4,424,825","695,210",0,"695,210","354,078","341,132"
3월,광고주,SAE팀,주식회사 아이스칸,61344,"4,777,165","716,575",0,"716,575","345,077","371,498"
3월,광고주,SAE팀,(주)동양테크툴,11053,"4,760,626","714,094",0,"714,094","343,882","370,212"
3월,광고주,SAE팀,주식회사 노랑풍선시티버스,59542,"4,752,786","712,918",0,"712,918","343,316","369,602"
3월,광고주,운영실1팀 (박유종),주식회사 대현엠앤비,61209,"4,262,872","639,430",0,"639,430","338,963","300,467"
3월,광고주,운영실1팀 (박유종),닥터스웰 주식회사,61601,"1,337,156","197,189",0,"197,189","336,156","-138,967"
3월,광고주,운영실1팀 (박유종),주식회사 케익드라마,60837,"2,147,054","322,059",0,"322,059","335,960","-13,901"
3월,광고주,운영실2팀 (주규철),(주)앨리앤코,56591,"5,540,375","831,057",0,"831,057","334,858","496,199"
3월,광고주,SAE팀,수원모던실용음악학원,44389,"4,478,746","685,237",0,"685,237","329,986","355,251"
3월,광고주,SAE팀,임팩트비뇨기과의원,46817,"7,832,756","676,626","7,500","669,126","325,839","343,287"
3월,광고주,운영실2팀 (주규철),포스테스,61528,"1,674,462","251,169",0,"251,169","316,971","-65,802"
3월,광고주,CP팀,에스케이렌터카 주식회사,61415,"14,247,000","14,247,000",0,"14,247,000","313,282","13,933,718"
3월,광고주,SAE팀,샤인뮤직넷,24015,"4,096,612","614,491",0,"614,491","295,917","318,574"
3월,광고주,SAE팀,케이비에스미디어주식회사,30936,"3,665,894","549,884",0,"549,884","264,805","285,079"
3월,광고주,운영실1팀 (박유종),킨키,61549,"3,127,318","540,080",0,"540,080","263,994","276,086"
3월,광고주,CS파트,(주)토스뱅크,60791,"3,438,237","515,736",0,"515,736","262,670","253,066"
3월,광고주,SAE팀,모두의음악버클리음대동문실용음악학원,61404,"3,630,558","544,583",0,"544,583","262,252","282,331"
3월,광고주,CS파트,써모피셔사이언티픽코리아,61112,"2,792,334","418,851",0,"418,851","213,325","205,526"
3월,광고주,SAE팀,주식회사 팜므 (PAM inc.),59000,"2,942,299","441,345",0,"441,345","212,536","228,809"
3월,광고주,CS파트,히오키코리아 주식회사,58786,"2,564,881","407,449",0,"407,449","207,517","199,932"
3월,광고주,CS파트,하나서울안과의원,42986,"2,673,873","401,081",0,"401,081","204,274","196,807"
3월,광고주,SAE팀,연세힐치과의원,61365,"2,505,574","413,420",0,"413,420","199,088","214,332"
3월,광고주,운영실2팀 (주규철),주식회사 티비엘코퍼레이션,61218,"1,446,667","217,000",0,"217,000","197,932","19,068"
3월,광고주,광고사업3본부2실6팀 (조정훈),(주)하이라이트뷰티스,61317,"4,387,207","594,734","58,290","536,444","197,818","338,626"
3월,광고주,광고사업2본부2실5팀 (최소영),라가르데르엑티브엔터프라이즈코리아 유한회사,61366,"7,039,016","809,487",0,"809,487","196,763","612,724"
3월,광고주,SAE팀,보리움 법률사무소,59371,"3,629,093","406,278","50,000","356,278","195,649","160,629"
3월,광고주,CS파트,연세로즈엘의원청주점,44980,"2,517,455","377,618",0,"377,618","192,325","185,293"
3월,광고주,SAE팀,시슬리의원(프리미엄에스피부과),45587,"2,577,556","386,633",0,"386,633","186,189","200,444"
3월,광고주,CS파트,씨티아이코리아 주식회사,54560,"2,432,728","364,910",0,"364,910","185,853","179,057"
3월,광고주,CS파트,(주)우림엠에스,59931,"2,356,117","353,418",0,"353,418","180,000","173,418"
3월,광고주,CS파트,(주)도래샘,60735,"2,138,401","343,411",0,"343,411","174,903","168,508"
3월,광고주,SAE팀,대박판촉물,30804,"2,400,116","360,017","12,500","347,517","173,371","174,146"
3월,광고주,SAE팀,(주) 씨엔씨,58425,"2,308,385","346,258",0,"346,258","166,746","179,512"
3월,광고주,운영실2팀 (주규철),(주)아모레퍼시픽,60271,"3,137,440","470,616",0,"470,616","166,106","304,510"
3월,광고주,SAE팀,새항운병원,45725,"2,260,977","339,146",0,"339,146","163,321","175,825"
3월,광고주,CS파트,(주)프리텍,50050,"2,096,543","314,481",0,"314,481","160,168","154,313"
3월,광고주,SAE팀,주식회사 체온365,61054,"2,311,473","331,992",0,"331,992","159,876","172,116"
3월,광고주,운영실2팀 (주규철),주식회사 우아한형제들,61056,"1,240,000","186,000",0,"186,000","158,239","27,761"
3월,광고주,SAE팀,용대물산,56302,"2,188,722","328,309",0,"328,309","158,102","170,207"
3월,광고주,SAE팀,더함 프랜차이즈 개발원,57437,"2,181,430","327,214",0,"327,214","157,575","169,639"
3월,광고주,SAE팀,루쏘소에프앤에프,49422,"2,017,743","316,905","6,853","310,052","152,610","157,442"
3월,광고주,SAE팀,꼴레지오니스타,61239,"1,816,521","316,596","24,101","292,495","152,461","140,034"
3월,광고주,SAE팀,온뮤직실용음악학원,57089,"2,100,807","315,121",0,"315,121","151,751","163,370"
3월,광고주,CS파트,페스툴코리아 유한회사,58662,"1,860,000","279,000",0,"279,000","142,097","136,903"
3월,광고주,운영실2팀 (주규철),생고뱅코리아 주식회사,61031,0,0,0,0,"141,493","-141,493"
3월,광고주,CS파트,23살농부,48028,"1,826,712","274,007",0,"274,007","139,556","134,451"
3월,광고주,SAE팀,(주)엠제이플렉스,19413,"1,876,241","281,436",0,"281,436","135,530","145,906"
3월,광고주,광고사업1본부1실3팀 (박지연),(주)엘지생활건강,61641,0,0,0,0,"130,208","-130,208"
3월,광고주,CS파트,주식회사 이노렌탈,59385,"1,702,416","255,363",0,"255,363","130,058","125,305"
3월,광고주,SAE팀,(주)백령여행사,1288,"1,674,997","251,250",0,"251,250","120,993","130,257"
3월,광고주,SAE팀,중소기업정책자금지원센터주식회사,58412,"1,667,910","250,187",0,"250,187","120,481","129,706"
3월,광고주,CS파트,윤동주성형외과의원,47123,"1,555,804","233,371",0,"233,371","118,858","114,513"
3월,광고주,SAE팀,발해유학원,60704,"1,628,522","244,279",0,"244,279","117,636","126,643"
3월,광고주,CS파트,주식회사 상우,59906,"1,522,505","228,376",0,"228,376","116,314","112,062"
3월,광고주,SAE팀,남장현산부인과,10663,"1,590,140","238,522",0,"238,522","114,864","123,658"
3월,광고주,CS파트,주식회사 이폼웍스,60757,"1,501,378","225,207",0,"225,207","114,699","110,508"
3월,광고주,광고사업1본부1실3팀 (박지연),(주)엘지생활건강,61639,0,0,0,0,"114,379","-114,379"
3월,광고주,SAE팀,주식회사 내공관리형스터디카페,61491,"1,581,654","237,248",0,"237,248","114,250","122,998"
3월,광고주,SAE팀,한반도교량점검,58958,"1,548,716","232,307",0,"232,307","111,871","120,436"
3월,광고주,SAE팀,(주)의식주컴퍼니,61211,"1,539,830","230,975",0,"230,975","111,229","119,746"
3월,광고주,CS파트,주식회사 뷰티메디칼,61360,"1,374,173","206,126",0,"206,126","104,982","101,144"
3월,광고주,SAE팀,(주)나인스쿨,54669,"1,446,666","217,000",0,"217,000","104,499","112,501"
3월,광고주,SAE팀,(주)벤제프,59357,"1,446,666","217,000",0,"217,000","104,499","112,501"
3월,광고주,CS파트,주식회사 성광특수강화유리,60839,"1,357,014","203,552",0,"203,552","103,671","99,881"
3월,광고주,SAE팀,더클래식500,34094,"1,235,464","209,617",0,"209,617","100,944","108,673"
3월,광고주,CS파트,세브란스치과의원,61076,"1,855,529","198,062",0,"198,062","100,875","97,187"
3월,광고주,CS파트,쏘내추럴(주),59576,"1,278,555","191,783",0,"191,783","97,678","94,105"
3월,광고주,CS파트,이케이 주식회사,57644,"1,277,473","191,621",0,"191,621","97,594","94,027"
3월,광고주,CS파트,한미노즐(주),41665,"1,246,367","186,956",0,"186,956","95,219","91,737"
3월,광고주,CS파트,니오라코리아 유한회사,61364,"1,240,000","186,000",0,"186,000","94,731","91,269"
3월,광고주,CS파트,화이트큐브,60738,"1,240,000","186,000",0,"186,000","94,731","91,269"
3월,광고주,CS파트,(주)다보산업,60086,"1,240,000","186,000",0,"186,000","94,731","91,269"
3월,광고주,CS파트,(주)지학사,58937,"1,240,000","186,000",0,"186,000","94,731","91,269"
3월,광고주,CS파트,바른본병원,57137,"1,240,000","186,000",0,"186,000","94,731","91,269"
3월,광고주,CS파트,송정필방,31463,"1,756,754","181,561",0,"181,561","92,472","89,089"
3월,광고주,SAE팀,주식회사 골프파트너앤코스모,61426,"1,279,254","191,888",0,"191,888","92,406","99,482"
3월,광고주,SAE팀,진흥산업주식회사,43451,"1,272,084","190,812",0,"190,812","91,888","98,924"
3월,광고주,CS파트,주산수리셈(주),26442,"1,162,548","174,383",0,"174,383","88,814","85,569"
3월,광고주,SAE팀,(주)마음나눔,56946,"1,184,301","177,646",0,"177,646","85,548","92,098"
3월,광고주,CS파트,(주)스폰지마트,59261,"1,094,830","164,225",0,"164,225","83,643","80,582"
3월,광고주,SAE팀,수피부과의원,61190,"876,201","170,714",0,"170,714","82,210","88,504"
3월,광고주,CS파트,주식회사 테크원씨엔에스,60418,"1,071,299","160,695",0,"160,695","81,844","78,851"
3월,광고주,CS파트,코리아에폭시,58684,"1,044,908","156,737",0,"156,737","79,829","76,908"
3월,광고주,CS파트,한국피셔과학 (주),61113,"1,019,670","152,950",0,"152,950","77,899","75,051"
3월,광고주,CS파트,예술은행,40938,"1,003,563","150,534",0,"150,534","76,668","73,866"
3월,광고주,CS파트,주식회사 모던인텍,52081,"840,296","147,821",0,"147,821","75,287","72,534"
3월,광고주,CS파트,청호문화사,55257,"965,479","144,822",0,"144,822","73,759","71,063"
3월,광고주,CS파트,서광에프알피산업,24490,"962,417","144,363",0,"144,363","73,525","70,838"
3월,광고주,SAE팀,한국교원연수원,36446,"970,382","145,558",0,"145,558","70,096","75,462"
3월,광고주,SAE팀,(주)엘넷,61277,"965,591","144,839",0,"144,839","69,749","75,090"
3월,광고주,SAE팀,에이블스토어,55298,"940,000","141,000",0,"141,000","67,901","73,099"
3월,광고주,CS파트,(주)유닉스글로벌,61301,"846,673","127,001",0,"127,001","64,683","62,318"
3월,광고주,SAE팀,부강아이티(주),39679,"893,518","134,027",0,"134,027","64,543","69,484"
3월,광고주,SAE팀,(주)알앤디코리아,58379,"850,748","127,612",0,"127,612","61,453","66,159"
3월,광고주,SAE팀,그림이좋은사람들,61420,"847,830","127,175",0,"127,175","61,243","65,932"
3월,광고주,SAE팀,강남편입아카데미(동의엠스쿨),16106,"803,956","120,593",0,"120,593","58,073","62,520"
3월,광고주,CS파트,우진디자인시스템퍼니처,38656,"723,417","108,513",0,"108,513","55,268","53,245"
3월,광고주,SAE팀,제이비엠,61149,"755,817","113,373",0,"113,373","54,596","58,777"
3월,광고주,CS파트,총각에어컨,52641,"692,708","103,906",0,"103,906","52,921","50,985"
3월,광고주,CS파트,한국특수금속,42220,"692,561","103,884",0,"103,884","52,908","50,976"
3월,광고주,광고사업2본부2실5팀 (최소영),티에스인터내셔날코리아(주),61592,"1,446,667","217,000","217,000",0,"52,746","-52,746"
3월,광고주,CS파트,주식회사 한서이엔지,59699,"685,510","102,827",0,"102,827","52,370","50,457"
3월,광고주,운영실1팀 (박유종),봄날가정법률사무소,57396,"1,437,940","215,692",0,"215,692","51,220","164,472"
3월,광고주,CS파트,주식회사 지지엠,58058,"1,156,682","100,567",0,"100,567","51,219","49,348"
3월,광고주,SAE팀,에버스마일치과_목동,58000,"575,210","101,457",0,"101,457","48,858","52,599"
3월,광고주,SAE팀,구플러스,58525,"667,670","100,150",0,"100,150","48,229","51,921"
3월,광고주,CS파트,(주)케이지이니시스,52699,"624,023","93,604",0,"93,604","47,673","45,931"
3월,광고주,CS파트,테사테이프코리아(유),58402,"620,000","93,000",0,"93,000","47,366","45,634"
3월,광고주,SAE팀,한누리요가아카데미(H핫요가),42239,"643,711","96,557",0,"96,557","46,498","50,059"
3월,광고주,SAE팀,쿠코무 주식회사,58626,"641,805","96,271",0,"96,271","46,361","49,910"
3월,광고주,CS파트,안성비단잉어,23040,"594,655","89,198",0,"89,198","45,429","43,769"
3월,광고주,CS파트,태동관광개발(주),40687,"592,929","88,939",0,"88,939","45,298","43,641"
3월,광고주,SAE팀,(주)에이블클라우드,61412,"620,000","93,000",0,"93,000","44,785","48,215"
3월,광고주,SAE팀,바로디자인,54937,"610,840","91,626",0,"91,626","44,124","47,502"
3월,광고주,SAE팀,주식회사 맛있는에프앤비,58787,"593,212","88,982",0,"88,982","42,851","46,131"
3월,광고주,CS파트,송탄성모안과,58705,"556,568","83,485",0,"83,485","42,518","40,967"
3월,광고주,CS파트,평택크레인,16918,"552,757","82,914",0,"82,914","42,228","40,686"
3월,광고주,SAE팀,명성이벤트,34437,"577,447","86,617",0,"86,617","41,712","44,905"
3월,광고주,SAE팀,서울플란트원치과의원,56408,"706,193","86,090",0,"86,090","41,458","44,632"
3월,광고주,SAE팀,한소 주식회사,51366,"553,116","82,967",0,"82,967","39,954","43,013"
3월,광고주,SAE팀,위너에너텍(린나이동대문대리점),61429,"596,251","79,962",0,"79,962","38,507","41,455"
3월,광고주,CS파트,ACA 강남,60806,"503,610","75,542",0,"75,542","38,474","37,068"
3월,광고주,SAE팀,솔밭펜션,39744,"527,912","79,187",0,"79,187","38,134","41,053"
3월,광고주,CS파트,칠판마트,26860,"491,800","73,771",0,"73,771","37,572","36,199"
3월,광고주,운영실1팀 (박유종),고마컴퍼니 주식회사,60445,"1,021,946","153,292",0,"153,292","36,401","116,891"
3월,광고주,SAE팀,주식회사 전구샵,61361,"502,927","75,439",0,"75,439","36,329","39,110"
3월,광고주,CS파트,제이제이비뇨기과,49955,"474,155","71,123",0,"71,123","36,223","34,900"
3월,광고주,SAE팀,디자인치과의원,54569,"500,962","75,145",0,"75,145","36,187","38,958"
3월,광고주,SAE팀,서울스마트치과,54843,"746,119","74,936",0,"74,936","36,087","38,849"
3월,광고주,CS파트,위대한탄생여성병원,60129,"469,528","70,429",0,"70,429","35,870","34,559"
3월,광고주,CS파트,원시스,61557,"466,976","70,047",0,"70,047","35,675","34,372"
3월,광고주,CS파트,(주)프로테인웍스,41866,"458,970","68,846",0,"68,846","35,064","33,782"
3월,광고주,SAE팀,주식회사 제이컴스,57617,"477,750","71,663",0,"71,663","34,510","37,153"
3월,광고주,CS파트,주식회사 강성냉동컨테이너,60958,"450,247","67,538",0,"67,538","34,398","33,140"
3월,광고주,CS파트,주식회사 한국국제교류원,53184,"448,450","67,268",0,"67,268","34,259","33,009"
3월,광고주,SAE팀,탐나오리,61585,"473,500","71,025",0,"71,025","34,203","36,822"
3월,광고주,CS파트,레그노,14771,"443,433","66,516",0,"66,516","33,877","32,639"
3월,광고주,SAE팀,아리아르마투렌코리아 유한회사,61327,"465,249","69,788",0,"69,788","33,607","36,181"
3월,광고주,SAE팀,(주)정보라인,59099,"464,490","69,674",0,"69,674","33,553","36,121"
3월,광고주,SAE팀,코아리에프앤비,61539,"454,570","68,186",0,"68,186","32,836","35,350"
3월,광고주,SAE팀,태흥교역,45282,"432,008","64,801",0,"64,801","31,206","33,595"
3월,광고주,CS파트,grandmotors,55839,"407,506","61,126",0,"61,126","31,133","29,993"
3월,광고주,CS파트,나비에스 (NABY-S) 의원,51066,"406,962","61,044",0,"61,044","31,091","29,953"
3월,광고주,CS파트,레퍼런스체크코리아 주식회사,57708,"401,509","60,226",0,"60,226","30,673","29,553"
3월,광고주,SAE팀,더서울치과,56535,"595,088","62,838",0,"62,838","30,261","32,577"
3월,광고주,광고사업3본부1실,주식회사 다다엠앤씨,60855,"1,306,639","195,996",0,"195,996","30,236","165,760"
3월,광고주,SAE팀,와이비엠비즈강남교육연수센터,52311,"412,163","61,825",0,"61,825","29,773","32,052"
3월,광고주,SAE팀,AHA 산업(아하산업),20031,"411,868","61,780",0,"61,780","29,751","32,029"
3월,광고주,SAE팀,코코원룸텔 염창역점,41870,"410,063","61,509",0,"61,509","29,621","31,888"
3월,광고주,CS파트,(주)바오솔루션스,56129,"385,472","57,820","7,500","50,320","29,449","20,871"
3월,광고주,SAE팀,다인치과,60147,"303,974","60,795",0,"60,795","29,277","31,518"
3월,광고주,SAE팀,(주)이룸에프엔비,61355,"397,473","59,621",0,"59,621","28,711","30,910"
3월,광고주,CS파트,한국생산성본부,17297,"364,660","54,700",0,"54,700","27,860","26,840"
3월,광고주,CS파트,(주)대영테크,42498,"358,683","53,802",0,"53,802","27,401","26,401"
3월,광고주,CS파트,나비에스한의원,54699,"322,496","48,375",0,"48,375","24,638","23,737"
3월,광고주,SAE팀,기프팅,19935,"339,976","50,996",0,"50,996","24,558","26,438"
3월,광고주,SAE팀,365서울원탑치과의원,61384,"339,330","50,900",0,"50,900","24,512","26,388"
3월,광고주,광고사업3본부1실1팀 (강기민),어음톡,59295,"889,298","133,395",0,"133,395","24,428","108,967"
3월,광고주,CS파트,대구연합행정사사무소,58804,"307,672","46,151",0,"46,151","23,506","22,645"
3월,광고주,CS파트,명인팩,57380,"304,006","45,601",0,"45,601","23,224","22,377"
3월,광고주,CS파트,제이원 인터내셔널,59391,"303,625","45,543",0,"45,543","23,196","22,347"
3월,광고주,SAE팀,가나식품기계,6698,"303,762","45,565",0,"45,565","21,942","23,623"
3월,광고주,CS파트,방방,28383,"283,183","42,477",0,"42,477","21,634","20,843"
3월,광고주,SAE팀,메디앙,37955,"272,759","44,589",0,"44,589","21,472","23,117"
3월,광고주,SAE팀,주식회사 라온비주얼시스템,54845,"296,746","44,512",0,"44,512","21,435","23,077"
3월,광고주,CS파트,수원에버성형외과의원,33481,"273,950","41,093",0,"41,093","20,930","20,163"
3월,광고주,CS파트,(주)짐모아인터내쇼날,31794,"273,106","40,966",0,"40,966","20,865","20,101"
3월,광고주,CS파트,동양전기공업 (주),59695,"202,954","40,591",0,"40,591","20,674","19,917"
3월,광고주,CS파트,디지털서울문화예술대학교,43116,"270,330","40,550",0,"40,550","20,652","19,898"
3월,광고주,SAE팀,한울프랜차이즈,34384,"278,318","41,748","8,625","33,123","20,104","13,019"
3월,광고주,SAE팀,성우기획(소프트하모니 인터내셔널),33562,"275,829","41,375",0,"41,375","19,925","21,450"
3월,광고주,SAE팀,온뮤직실용음악강북캠퍼스학원,51920,"275,250","41,288",0,"41,288","19,883","21,405"
3월,광고주,CS파트,독일지멘스보청기 구미,59403,"255,957","38,394",0,"38,394","19,555","18,839"
3월,광고주,CS파트,스토리투어,51349,"248,661","37,299",0,"37,299","18,996","18,303"
3월,광고주,SAE팀,메가존(주),41201,"256,010","38,402","12,799","25,603","18,493","7,110"
3월,광고주,SAE팀,수유상사 주식회사,59489,"248,729","37,310",0,"37,310","17,967","19,343"
3월,광고주,SAE팀,위요감,61625,"248,620","37,293",0,"37,293","17,959","19,334"
3월,광고주,CS파트,한국자동차운전전문학원,58732,"223,720","33,558",0,"33,558","17,092","16,466"
3월,광고주,CS파트,주식회사 웰면식품,59940,"217,660","32,650",0,"32,650","16,629","16,021"
3월,광고주,CS파트,곤카곤충농장,47310,"213,526","32,029",0,"32,029","16,313","15,716"
3월,광고주,CS파트,(주)프론티어유학원,52618,"212,937","31,941",0,"31,941","16,268","15,673"
3월,광고주,운영실1팀 (박유종),프린세스 산부인과,59228,"454,570","68,186",0,"68,186","16,191","51,995"
3월,광고주,SAE팀,브랜드온넷,40982,"219,279","32,892",0,"32,892","15,840","17,052"
3월,광고주,SAE팀,믿음하수구,41706,"219,059","32,859",0,"32,859","15,824","17,035"
3월,광고주,CS파트,태건산업안전 주식회사,49068,"206,963","31,045",0,"31,045","15,812","15,233"
3월,광고주,SAE팀,주식회사 대흥포텍,56848,"217,662","32,650",0,"32,650","15,723","16,927"
3월,광고주,SAE팀,21세기모타,59292,"214,800","32,220",0,"32,220","15,516","16,704"
3월,광고주,SAE팀,러시아어 에듀랑,61262,"212,540","31,881",0,"31,881","15,353","16,528"
3월,광고주,CS파트,인제나노판매 주식회사,41431,"196,758","29,515",0,"29,515","15,032","14,483"
3월,광고주,SAE팀,주식회사 토홀드,61245,"207,717","31,158",0,"31,158","15,005","16,153"
3월,광고주,CS파트,마포크린,58587,"216,187","27,447",0,"27,447","13,979","13,468"
3월,광고주,SAE팀,연세바로치과교정과치과의원,60606,"392,408","28,577",0,"28,577","13,762","14,815"
3월,광고주,CS파트,현대공업,60260,"180,070","27,011",0,"27,011","13,757","13,254"
3월,광고주,CS파트,주식회사 세일,58050,"179,740","26,961",0,"26,961","13,732","13,229"
3월,광고주,CS파트,생생면 식품,61410,"178,569","26,785",0,"26,785","13,642","13,143"
3월,광고주,SAE팀,알에스신화랜드,61427,"188,133","28,220",0,"28,220","13,590","14,630"
3월,광고주,CS파트,필어닝,59132,"176,165","26,425",0,"26,425","13,459","12,966"
3월,광고주,SAE팀,홍제탑치과의원,60755,"219,041","27,672",0,"27,672","13,326","14,346"
3월,광고주,CS파트,크라운외식산업,36639,"166,372","24,956",0,"24,956","12,710","12,246"
3월,광고주,CS파트,헬로우다이빙,34373,"165,887","24,868",0,"24,868","12,666","12,202"
3월,광고주,CS파트,주식회사에이이노텍,58621,"164,033","24,605",0,"24,605","12,532","12,073"
3월,광고주,CS파트,(주)지큐엘이비,7036,"161,642","24,247",0,"24,247","12,350","11,897"
3월,광고주,SAE팀,한성기업,41009,"167,945","25,192",0,"25,192","12,132","13,060"
3월,광고주,CS파트,등대불빛아래,45263,"155,850","23,378",0,"23,378","11,906","11,472"
3월,광고주,CS파트,찬주공조,50127,"155,142","23,271",0,"23,271","11,852","11,419"
3월,광고주,SAE팀,주식회사 삼주산업,56980,"157,401","23,611",0,"23,611","11,370","12,241"
3월,광고주,운영실2팀 (주규철),(재)서울디자인재단 서울디자인창업센터,61144,0,0,0,0,"11,201","-11,201"
3월,광고주,SAE팀,온뮤직실용음악학원,61096,"154,832","23,225",0,"23,225","11,184","12,041"
3월,광고주,CS파트,통영수산물직매장,43204,"143,870","21,580",0,"21,580","10,990","10,590"
3월,광고주,SAE팀,리빙캐슬 양재점,59424,"152,112","22,817",0,"22,817","10,988","11,829"
3월,광고주,SAE팀,청주아이폰수리마켓,59473,"229,743","22,603",0,"22,603","10,885","11,718"
3월,광고주,SAE팀,소솜시티,41042,"145,800","21,870",0,"21,870","10,532","11,338"
3월,광고주,CS파트,씨엔쇼파,43448,"131,435","19,715",0,"19,715","10,041","9,674"
3월,광고주,SAE팀,머니닥터공인중개사사무소,60870,"410,730","20,566",0,"20,566","9,904","10,662"
3월,광고주,CS파트,한지상자닷컴,57424,"126,660","18,999",0,"18,999","9,676","9,323"
3월,광고주,CS파트,리본요가분당점,54975,"126,505","18,976",0,"18,976","9,664","9,312"
3월,광고주,SAE팀,코코리빙텔 천호점,21038,"132,750","19,913",0,"19,913","9,589","10,324"
3월,광고주,SAE팀,주식회사 엠지아이티,61519,"125,454","18,818",0,"18,818","9,062","9,756"
3월,광고주,CS파트,즐거운친구들,26053,"117,510","17,627",0,"17,627","8,978","8,649"
3월,광고주,CS파트,서울역 윌치과,41178,"117,297","17,595",0,"17,595","8,963","8,632"
3월,광고주,CS파트,(주)엠프파트너스,47207,"114,857","17,229",0,"17,229","8,775","8,454"
3월,광고주,SAE팀,싱글하우스정자점,41750,"121,373","18,206",0,"18,206","8,767","9,439"
3월,광고주,SAE팀,삼삼물산,46528,"121,019","18,153",0,"18,153","8,742","9,411"
3월,광고주,CS파트,주식회사 신원,58306,"111,341","16,702",0,"16,702","8,507","8,195"
3월,광고주,SAE팀,주아네트웍스,21062,"117,400","17,610",0,"17,610","8,480","9,130"
3월,광고주,SAE팀,에셋프라자(프라임에셋),41363,"115,688","17,353",0,"17,353","8,357","8,996"
3월,광고주,CS파트,리즈미의원,46120,"109,107","16,367",0,"16,367","8,336","8,031"
3월,광고주,CS파트,도촌모터스,58181,"108,990","16,349",0,"16,349","8,326","8,023"
3월,광고주,SAE팀,임팩트 로스트볼,61394,"114,832","17,225",0,"17,225","8,295","8,930"
3월,광고주,CS파트,(주) 라인시스템,60613,"106,256","15,938",0,"15,938","8,117","7,821"
3월,광고주,SAE팀,아트탱크,25733,"152,833","16,805",0,"16,805","8,093","8,712"
3월,광고주,CS파트,(주)오랙스티엠,57183,"104,973","15,746",0,"15,746","8,020","7,726"
3월,광고주,CS파트,배터리일번지,49854,"101,669","15,251",0,"15,251","7,768","7,483"
3월,광고주,CS파트,범일금고,2516,"101,354","15,203",0,"15,203","7,743","7,460"
3월,광고주,CS파트,뉴비자,59069,"100,061","15,009",0,"15,009","7,645","7,364"
3월,광고주,SAE팀,평산테크(다음),55515,"104,625","15,694",0,"15,694","7,558","8,136"
3월,광고주,SAE팀,(주)에스다드,61590,"104,100","15,615",0,"15,615","7,520","8,095"
3월,광고주,CS파트,김경숙출장요리,19398,"97,930","14,689",0,"14,689","7,481","7,208"
3월,광고주,CS파트,케이엔비 엔터테인먼트,61200,"93,703","14,056",0,"14,056","7,159","6,897"
3월,광고주,CS파트,뉴마더맘산후조리원,56620,"93,229","13,984",0,"13,984","7,122","6,862"
3월,광고주,SAE팀,제일산업,6804,"98,412","14,762",0,"14,762","7,109","7,653"
3월,광고주,CS파트,카인드짐 휘트니스,58394,"178,179","13,927",0,"13,927","7,093","6,834"
3월,광고주,CS파트,한국후지A/S센타,36585,"92,810","13,922",0,"13,922","7,091","6,831"
3월,광고주,CS파트,씨지통신(해병마크사),51541,"90,600","13,591",0,"13,591","6,922","6,669"
3월,광고주,CS파트,(주)에스공사(소리공사),31028,"89,690","13,455",0,"13,455","6,853","6,602"
3월,광고주,CS파트,신일특허사무소,59177,"89,469","13,421",0,"13,421","6,836","6,585"
3월,광고주,CS파트,켄포토,30910,"212,395","13,134",0,"13,134","6,689","6,445"
3월,광고주,CS파트,911aircon,41614,"84,055","12,608",0,"12,608","6,421","6,187"
3월,광고주,CS파트,리마트(사무나라),47273,"82,225","12,334",0,"12,334","6,281","6,053"
3월,광고주,SAE팀,앵마켓,61423,"85,090","12,764",0,"12,764","6,147","6,617"
3월,광고주,CS파트,시골연가네내음,22382,"79,015","11,853",0,"11,853","6,037","5,816"
3월,광고주,CS파트,다나넥스트(주),42000,"78,903","11,835",0,"11,835","6,028","5,807"
3월,광고주,CS파트,리본요가평촌점,57527,"76,230","11,435",0,"11,435","5,824","5,611"
3월,광고주,CS파트,신호시스템 서울센타,26320,"253,567","11,036",0,"11,036","5,621","5,415"
3월,광고주,CS파트,피싱스튜디오,53622,"71,929","10,790",0,"10,790","5,496","5,294"
3월,광고주,CS파트,엠플러스실용음악학원,41553,"71,160","10,675",0,"10,675","5,437","5,238"
3월,광고주,CS파트,베스트데이타,40735,"282,028","10,553",0,"10,553","5,376","5,177"
3월,광고주,CS파트,강민근국어논술,58574,"68,783","10,318",0,"10,318","5,256","5,062"
3월,광고주,CS파트,제마산업,19987,"67,689","10,153",0,"10,153","5,171","4,982"
3월,광고주,CS파트,헬레나즈,31430,"67,390","10,109",0,"10,109","5,149","4,960"
3월,광고주,CS파트,월평아이빅실용음악학원,60514,"65,453","9,818",0,"9,818","5,000","4,818"
3월,광고주,CS파트,성산특수글라스,3235,"65,302","9,796",0,"9,796","4,990","4,806"
3월,광고주,SAE팀,미래연세치과,60671,"69,010","10,352",0,"10,352","4,985","5,367"
3월,광고주,CS파트,세기하우징,40012,"65,095","9,765",0,"9,765","4,974","4,791"
3월,광고주,CS파트,홍승동떡연구소,29732,"63,469","9,520",0,"9,520","4,849","4,671"
3월,광고주,SAE팀,키즈뮤,61422,"67,040","10,057",0,"10,057","4,843","5,214"
3월,광고주,CS파트,이삭사다리,50891,"63,210","9,482",0,"9,482","4,829","4,653"
3월,광고주,SAE팀,뉴돌고래레져클럽,43900,"64,629","9,695",0,"9,695","4,669","5,026"
3월,광고주,CS파트,이벤트원,52541,"60,707","9,107",0,"9,107","4,638","4,469"
3월,광고주,SAE팀,주식회사 라코브,61586,"63,690","9,555",0,"9,555","4,601","4,954"
3월,광고주,SAE팀,(주)서구대성학원,61166,"63,313","9,497",0,"9,497","4,573","4,924"
3월,광고주,CS파트,그리고휴,13213,"55,739","8,361",0,"8,361","4,259","4,102"
3월,광고주,CS파트,동화나라,22021,"55,363","8,304",0,"8,304","4,229","4,075"
3월,광고주,CS파트,나라전기,22241,"52,241","7,836",0,"7,836","3,991","3,845"
3월,광고주,CS파트,조호군한의원,28261,"50,433","7,565",0,"7,565","3,853","3,712"
3월,광고주,SAE팀,1945김근치과의원,58911,"53,140","7,972",0,"7,972","3,839","4,133"
3월,광고주,SAE팀,레이텍,21418,"50,032","7,505",0,"7,505","3,614","3,891"
3월,광고주,CS파트,제이스준우,55915,"46,718","7,008",0,"7,008","3,570","3,438"
3월,광고주,CS파트,아트웍스,25449,"46,687","7,003",0,"7,003","3,567","3,436"
3월,광고주,CS파트,동양라이트,55246,"46,259","6,939",0,"6,939","3,534","3,405"
3월,광고주,CS파트,(주)제이앤피코퍼레이션,41603,"45,559","6,834",0,"6,834","3,480","3,354"
3월,광고주,CS파트,마스터이엔씨,36312,"45,560","6,834",0,"6,834","3,480","3,354"
3월,광고주,SAE팀,온세led,40789,"43,970","6,596",0,"6,596","3,176","3,420"
3월,광고주,CS파트,키엘네일,59879,"41,239","6,186",0,"6,186","3,150","3,036"
3월,광고주,SAE팀,세화,12743,"43,470","6,521",0,"6,521","3,140","3,381"
3월,광고주,SAE팀,두두디자인,60098,"43,310","6,497",0,"6,497","3,129","3,368"
3월,광고주,CS파트,다솜공예,6752,"40,372","6,056",0,"6,056","3,084","2,972"
3월,광고주,CS파트,네모나무펜션,57405,"39,661","5,950",0,"5,950","3,031","2,919"
3월,광고주,CS파트,오일마스터,40472,"39,350","5,903",0,"5,903","3,007","2,896"
3월,광고주,CS파트,(주)아이온커뮤니케이션즈,56191,"38,996","5,850",0,"5,850","2,980","2,870"
3월,광고주,SAE팀,법무사 심재성,61328,"40,090","6,014",0,"6,014","2,896","3,118"
3월,광고주,CS파트,우진조구,43350,"37,866","5,680",0,"5,680","2,893","2,787"
3월,광고주,CS파트,한우리AV,45130,"37,825","5,674",0,"5,674","2,889","2,785"
3월,광고주,CS파트,가온,51701,"208,937","5,373",0,"5,373","2,737","2,636"
3월,광고주,CS파트,건강한사람들,49434,"35,693","5,354",0,"5,354","2,727","2,627"
3월,광고주,CS파트,업스포츠,57835,"35,343","5,302",0,"5,302","2,701","2,601"
3월,광고주,SAE팀,퀸아울렛,27161,"35,824","5,374",0,"5,374","2,588","2,786"
3월,광고주,CS파트,씨에이테크,58569,"33,696","5,055",0,"5,055","2,574","2,481"
3월,광고주,CS파트,인천잉꼬음향(잉꼬노래연습장),7453,"33,140","4,971",0,"4,971","2,533","2,438"
3월,광고주,SAE팀,봉캐릭터,46652,"34,544","5,182",0,"5,182","2,495","2,687"
3월,광고주,CS파트,태정산업,56205,"32,620","4,893",0,"4,893","2,492","2,401"
3월,광고주,CS파트,오산한국문화센터(개인),57522,"32,085","4,814",0,"4,814","2,453","2,361"
3월,광고주,CS파트,거산21컨테이너,32117,"30,780","4,617",0,"4,617","2,351","2,266"
3월,광고주,SAE팀,수도엔터프라이즈,60826,"29,837","4,476",0,"4,476","2,155","2,321"
3월,광고주,SAE팀,마이홈리빙텔 문정점,22905,"29,720","4,458",0,"4,458","2,147","2,311"
3월,광고주,CS파트,월드중고폰&픽스존,58752,"27,270","4,091",0,"4,091","2,083","2,008"
3월,광고주,CS파트,우양산업개발 (주) 힐튼경주지점,57878,"27,270","4,091",0,"4,091","2,083","2,008"
3월,광고주,SAE팀,가은에어컨,60719,"28,801","4,320",0,"4,320","2,080","2,240"
3월,광고주,SAE팀,뉴영남 부동산,44109,"28,727","4,309",0,"4,309","2,075","2,234"
3월,광고주,SAE팀,준 종합공사 (하늘땅),57458,"27,420","4,114",0,"4,114","1,981","2,133"
3월,광고주,SAE팀,엘에스(LS)방전,61213,"26,670","4,001",0,"4,001","1,927","2,074"
3월,광고주,CS파트,디아이에프(DIF)무용원,61523,"28,197","3,614",0,"3,614","1,841","1,773"
3월,광고주,CS파트,유창금속,52178,"22,990","3,450",0,"3,450","1,757","1,693"
3월,광고주,CS파트,미디어사운드랩 음각,58294,"22,520","3,379",0,"3,379","1,722","1,657"
3월,광고주,CS파트,복주는세상(복어세상),30624,"22,296","3,345",0,"3,345","1,703","1,642"
3월,광고주,CS파트,을지인쇄,22414,"21,390","3,209",0,"3,209","1,634","1,575"
3월,광고주,CS파트,본영사,49013,"20,630","3,095",0,"3,095","1,577","1,518"
3월,광고주,CS파트,(주)피엠씨엔지니어링,58707,"20,520","3,079",0,"3,079","1,569","1,510"
3월,광고주,CS파트,대하테크,41296,"20,450","3,068",0,"3,068","1,563","1,505"
3월,광고주,CS파트,현덕산업기술,3221,"20,440","3,066",0,"3,066","1,562","1,504"
3월,광고주,CS파트,금모래은모래펜션,53157,"19,409","2,912",0,"2,912","1,484","1,428"
3월,광고주,SAE팀,푸른건강식품연구원(웰빙하우스),19638,"20,066","3,010",0,"3,010","1,450","1,560"
3월,광고주,CS파트,이선생,60319,"18,650","2,798",0,"2,798","1,424","1,374"
3월,광고주,CS파트,대진종합유통,42823,"18,329","2,750",0,"2,750","1,400","1,350"
3월,광고주,CS파트,동국섬유,58649,"18,056","2,708",0,"2,708","1,378","1,330"
3월,광고주,CS파트,지혜아동청소년발달센터 주식회사,61618,"17,795","2,670",0,"2,670","1,359","1,311"
3월,광고주,CS파트,마인드랩,61561,"17,530","2,630",0,"2,630","1,340","1,290"
3월,광고주,SAE팀,연세네이처치과의원,56650,"466,157","2,716",0,"2,716","1,308","1,408"
3월,광고주,SAE팀,명성한의원,6778,"18,032","2,705",0,"2,705","1,303","1,402"
3월,광고주,SAE팀,연세구치과,56057,"15,787","2,682",0,"2,682","1,292","1,390"
3월,광고주,SAE팀,능이백숙명가,61330,"17,620","2,643",0,"2,643","1,273","1,370"
3월,광고주,광고사업3본부2실5팀 (최서희),주안전기공사인력,59586,"52,712","7,907",0,"7,907","1,259","6,648"
3월,광고주,CS파트,해인가든산장,56553,"16,370","2,456",0,"2,456","1,251","1,205"
3월,광고주,CS파트,동진과학,41861,"16,207","2,431",0,"2,431","1,238","1,193"
3월,광고주,SAE팀,리즌카,54154,"17,089","2,564",0,"2,564","1,235","1,329"
3월,광고주,CS파트,에프에이온,61359,"15,710","2,357",0,"2,357","1,200","1,157"
3월,광고주,CS파트,아이빅아트센터,60717,"15,419","2,313",0,"2,313","1,179","1,134"
3월,광고주,CS파트,이브아유르,43509,"15,050","2,258",0,"2,258","1,151","1,107"
3월,광고주,CS파트,파출사랑,59024,"14,997","2,250",0,"2,250","1,146","1,104"
3월,광고주,CS파트,케이티티글로벌,47321,"14,397","2,160",0,"2,160","1,100","1,060"
3월,광고주,CS파트,리본요가(수원점),32008,"14,365","2,155",0,"2,155","1,098","1,057"
3월,광고주,CS파트,민현악기,50804,"14,342","2,152",0,"2,152","1,095","1,057"
3월,광고주,CS파트,다산정공,42591,"14,246","2,137",0,"2,137","1,087","1,050"
3월,광고주,CS파트,주식회사 티아이,58441,"13,119","1,968",0,"1,968","1,003",965
3월,광고주,CS파트,주식회사 파라바이오,61154,"13,079","1,962",0,"1,962","1,000",962
3월,광고주,SAE팀,(주)대우컨테이너,57046,"13,640","2,046",0,"2,046",985,"1,061"
3월,광고주,CS파트,일광공구공업,40219,"12,670","1,901",0,"1,901",968,933
3월,광고주,운영실2팀 (주규철),예손병원,58507,"24,660","3,699",0,"3,699",960,"2,739"
3월,광고주,CS파트,펌프킨,43075,"12,480","1,872",0,"1,872",953,919
3월,광고주,SAE팀,(CW)디테일링 부산명지점,61545,"13,077","1,962",0,"1,962",945,"1,017"
3월,광고주,CS파트,리디아,40673,"12,140","1,821",0,"1,821",927,894
3월,광고주,SAE팀,해충방역캐치원,59619,"12,800","1,921",0,"1,921",925,996
3월,광고주,CS파트,청운검정고시학원,12098,"11,802","1,771",0,"1,771",901,870
3월,광고주,CS파트,경광카본,30740,"11,430","1,716",0,"1,716",874,842
3월,광고주,CS파트,공감이 있는 공간,59709,"10,746","1,612",0,"1,612",822,790
3월,광고주,CS파트,초부리하우스,58751,"10,310","1,547",0,"1,547",788,759
3월,광고주,CS파트,세무법인조율 고양지점,59919,"10,240","1,537",0,"1,537",783,754
3월,광고주,CS파트,텔스콤,41977,"10,180","1,528",0,"1,528",778,750
3월,광고주,CS파트,모든오피스,36254,"10,140","1,521",0,"1,521",775,746
3월,광고주,운영실1팀 (박유종),주식회사 동양디엔피,57125,"21,100","3,165",0,"3,165",751,"2,414"
3월,광고주,CS파트,엑셀위스,35085,"9,540","1,431",0,"1,431",729,702
3월,광고주,SAE팀,에코스,45916,"10,080","1,512",0,"1,512",728,784
3월,광고주,SAE팀,해건한의원,35420,"9,770","1,466",0,"1,466",706,760
3월,광고주,CS파트,쓰리에스씨,28580,"9,010","1,352",0,"1,352",689,663
3월,광고주,CS파트,더 플렌티,60055,"8,900","1,336",0,"1,336",680,656
3월,광고주,SAE팀,주식회사 비비다컴,60994,"9,380","1,407",0,"1,407",678,729
3월,광고주,CS파트,CA(씨에이),38489,"8,237","1,236",0,"1,236",628,608
3월,광고주,CS파트,(주)코스턴,19689,"8,170","1,226",0,"1,226",624,602
3월,광고주,CS파트,전주변기하수구씽크대막힘뚫음업체,56807,"8,080","1,213",0,"1,213",618,595
3월,광고주,CS파트,신우전기제조(주),18518,"7,961","1,195",0,"1,195",609,586
3월,광고주,CS파트,건강한세상앞선치과병원,39109,"7,910","1,187",0,"1,187",605,582
3월,광고주,CS파트,릴수리닷컴,61030,"7,896","1,184",0,"1,184",604,580
3월,광고주,CS파트,양전자시스템,55347,"7,518","1,129",0,"1,129",575,554
3월,광고주,CS파트,켐플러스,13118,"7,403","1,111",0,"1,111",566,545
3월,광고주,운영실2팀 (주규철),주식회사 스틱스앤스톤스,58623,"14,380","2,158",0,"2,158",561,"1,597"
3월,광고주,CS파트,세양기계,57071,"7,250","1,088",0,"1,088",554,534
3월,광고주,CS파트,화진엠티에스,37885,"7,114","1,069",0,"1,069",544,525
3월,광고주,광고사업3본부2실6팀 (조정훈),주식회사 커리어게이트,60452,"19,003","2,850",0,"2,850",544,"2,306"
3월,광고주,CS파트,가이드인쇄,49003,"7,070","1,061",0,"1,061",540,521
3월,광고주,SAE팀,아쉬탕가요가센터,30072,"7,422","1,114",0,"1,114",536,578
3월,광고주,CS파트,벌룬데코(파티아나),38254,"6,970","1,046",0,"1,046",532,514
3월,광고주,CS파트,창성적재함,51072,"6,710","1,006",0,"1,006",512,494
3월,광고주,CS파트,전주스쿠버,50202,"5,600",840,0,840,428,412
3월,광고주,광고사업3본부2실,주식회사 커넥트온,58968,"18,990","2,849",0,"2,849",421,"2,428"
3월,광고주,SAE팀,소프트하모니 인터내셔널,53179,"5,577",837,0,837,403,434
3월,광고주,CS파트,한미르학원 주식회사,59362,"5,095",764,0,764,389,375
3월,광고주,SAE팀,돈우구이,61326,"5,260",789,0,789,380,409
3월,광고주,SAE팀,주식회사 비티몰(브라이튼몰),25159,"4,450",668,0,668,322,346
3월,광고주,CS파트,횡성한우백화점,41536,"4,180",627,0,627,319,308
3월,광고주,SAE팀,대우스토리지,57090,"3,937",591,0,591,285,306
3월,광고주,CS파트,장호이미자펜션,57459,"3,730",560,0,560,285,275
3월,광고주,CS파트,고운이라인치과,41297,"3,540",531,0,531,271,260
3월,광고주,SAE팀,(주)밀양한천,59739,"3,720",558,0,558,269,289
3월,광고주,CS파트,신생공업,52094,"3,240",487,0,487,248,239
3월,광고주,SAE팀,들길컴퍼니,61016,"3,410",512,0,512,247,265
3월,광고주,CS파트,(주)태흥,7468,"3,190",479,0,479,244,235
3월,광고주,CS파트,바다림영어조합법인(바지락공장),59168,"3,170",476,0,476,242,234
3월,광고주,CS파트,주식회사 하비스,59965,"3,160",474,0,474,241,233
3월,광고주,CS파트,(주)쓰리에이엔지니어링,57872,"3,100",465,0,465,237,228
3월,광고주,CS파트,투인스포츠,46790,"3,050",458,0,458,234,224
3월,광고주,CS파트,전주하수구,57552,"3,060",459,0,459,234,225
3월,광고주,CS파트,(주)제이앤디테크,41980,"2,601",391,0,391,199,192
3월,광고주,CS파트,신한과학(주),52344,"2,430",365,0,365,187,178
3월,광고주,CS파트,성우오토텍(주),58632,"2,390",359,0,359,184,175
3월,광고주,광고사업1본부2실1팀 (추성호),도움부동산중개,60001,"7,240","1,086",0,"1,086",184,902
3월,광고주,SAE팀,델타콘도비,51904,"2,510",377,0,377,182,195
3월,광고주,SAE팀,김민주님 라마다울릉호텔 912호,61370,"2,360",355,0,355,171,184
3월,광고주,SAE팀,주식회사 담은푸드,60819,"2,198",330,0,330,159,171
3월,광고주,SAE팀,하나아이엔티,21086,"2,140",321,0,321,155,166
3월,광고주,SAE팀,(주)최고식품,60668,"2,090",314,0,314,151,163
3월,광고주,CS파트,아키라인,34634,"1,640",247,0,247,125,122
3월,광고주,CS파트,세광기업,46875,"1,650",248,0,248,125,123
3월,광고주,CS파트,나무판때기,46009,"1,480",222,0,222,113,109
3월,광고주,CS파트,js교육,47687,"1,260",189,0,189,97,92
3월,광고주,CS파트,동광테크,60099,"1,170",176,0,176,88,88
3월,광고주,CS파트,아이앤텍,45364,"1,150",173,0,173,87,86
3월,광고주,CS파트,인포라인,44191,"308,049",156,0,156,80,76
3월,광고주,CS파트,시그마소프트,40112,886,133,0,133,68,65
3월,광고주,CS파트,소망녹취속기사무소,37892,740,111,0,111,56,55
3월,광고주,CS파트,피에스시스템,54815,700,105,0,105,53,52
3월,광고주,CS파트,상록지붕방수,48676,640,96,0,96,49,47
3월,광고주,CS파트,대관령품안에펜션,15733,650,98,0,98,49,49
3월,광고주,SAE팀,아이엠피티,30861,660,99,0,99,48,51
3월,광고주,CS파트,아세아,41495,630,95,0,95,48,47
3월,광고주,CS파트,주식회사 휴리스,60628,600,90,0,90,46,44
3월,광고주,CS파트,부영목재포장,24938,580,87,0,87,45,42
3월,광고주,SAE팀,레디션,60911,580,87,0,87,42,45
3월,광고주,CS파트,덕현리촌장 전원펜션,43020,470,71,0,71,36,35
3월,광고주,SAE팀,플로스앤가든,61300,480,72,0,72,35,37
3월,광고주,CS파트,서울소독,55636,410,62,0,62,32,30
3월,광고주,CS파트,에스티라이트,28002,420,63,0,63,32,31
3월,광고주,SAE팀,파인애플 피티엘,60721,420,63,0,63,30,33
3월,광고주,SAE팀,턴잇인코리아 유한회사,57308,350,53,0,53,26,27
3월,광고주,CS파트,화성고등학교,44076,280,42,0,42,22,20
3월,광고주,CS파트,주식회사 케이에이치오토,60361,260,39,0,39,20,19
3월,광고주,운영실,영상교육미디어,3190,696,104,0,104,18,86
3월,광고주,CS파트,세종이화발레학원,50736,210,32,0,32,16,16
3월,광고주,CS파트,테라스플러스,61041,210,32,0,32,16,16
3월,광고주,CS파트,샴푸모텔,60557,210,32,0,32,16,16
3월,광고주,CS파트,프로리더,35538,150,23,0,23,12,11
3월,광고주,CS파트,광명고주파전기,36890,140,21,0,21,11,10
3월,광고주,SAE팀,주식회사 스타플랫폼,61197,70,11,0,11,5,6
3월,광고주,SAE팀,주식회사 모아드림에프앤비,61417,70,11,0,11,5,6
3월,광고주,SAE팀,소호리빙텔 면목점,19440,70,11,0,11,5,6
3월,광고주,CS파트,수원동아앵글,688,70,11,0,11,5,6
3월,광고주,CS파트,남한강레포츠,43868,70,11,0,11,5,6
3월,광고주,CS파트,우리컴(우리파츠),41552,70,11,0,11,5,6
3월,광고주,CS파트,싱글하우스 한성대점,27655,70,11,0,11,5,6
3월,광고주,광고사업1본부,비품플러스,51403,"5,903",885,0,885,0,885
3월,광고주,광고사업1본부,갤럭시텔,50836,"18,220","2,734",0,"2,734",0,"2,734"
3월,광고주,SAE팀,(주)제이에스인터푸드,42763,"-2,340",-351,0,-351,0,-351
3월,광고주,SAE팀,내곡웰치과의원,60727,"3,850",0,0,0,0,0
3월,광고주,SAE팀,서울이웰치과의원,57173,"53,003",0,0,0,0,0
3월,광고주,SAE팀,서울라인치과의원,59242,"214,699",0,0,0,0,0
3월,광고주,SAE팀,금성관 나주곰탕,60710,"440,588",0,0,0,0,0
3월,광고주,사업지원팀,이엠넷,10157,"1,265,068","109,755",0,"109,755",0,"109,755"
3월,광고주,HRD팀,마스터피스,60431,"60,776","9,116",0,"9,116",0,"9,116"
3월,광고주,(202301) 채널팀,신한네트워크,44135,940,141,0,141,0,141
3월,광고주,미디어채널팀,(주)중앙애드넷아이엔씨,60991,"2,426,689",0,0,0,0,0
3월,광고주,미디어채널팀,(주)아이디어키,60932,"12,050,144","333,828",0,"333,828",0,"333,828"
3월,광고주,미디어채널팀,(주) 에이엠피엠글로벌,61266,"72,263,866","3,281,252",0,"3,281,252",0,"3,281,252"
3월,광고주,미디어채널팀,주식회사 디포캐스트,60918,"92,308,681","1,282,326","351,538","930,788",0,"930,788"
3월,광고주,미디어채널팀,주식회사 코마스인터렉티브,61012,"125,301,048","8,807,295","7,908,824","898,471",0,"898,471"
3월,광고주,미디어채널팀,주식회사 지니앤솔루션,61055,"821,461,269","39,065,593","8,944,642","30,120,951",0,"30,120,951"
3월,광고주,미디어채널팀,주식회사 아이지에이웍스,61230,"978,518,872","17,301,883","13,656,222","3,645,661",0,"3,645,661"
3월,광고주,미디어채널팀,주식회사 드림인사이트,60015,"1,781,453,668","59,711,279","19,148,360","40,562,919",0,"40,562,919"
3월,광고주,미디어채널팀,주식회사 넥스트미디어그룹,61609,"2,479,226,932","46,800,882","46,800,882",0,0,0
3월,광고주,CS파트,김해가야전산회계학원,28049,"2,829",0,0,0,0,0
3월,광고주,광고사업3본부2실7팀 (류현서),에첼소(Eccelso),60425,"183,080","27,463",0,"27,463",0,"27,463"
3월,광고주,광고사업1본부1실4팀 (유승연),악사손해보험(주),58798,"-12,414",0,0,0,0,0
4월,광고주,광고사업3본부1실3팀 (이유진),(주)지에스리테일 홈쇼핑,61258,"848,926,982","115,184,628","241,883","114,942,745","91,066,731","23,876,014"
4월,광고주,광고사업3본부1실2팀 (조학성),십일번가 주식회사,60976,"1,073,275,020","83,263,293","11,124,794","72,138,499","77,244,959","-5,106,460"
4월,광고주,광고사업1본부2실6팀 (이상우),씨제이 제일제당(주),42154,"1,115,017,704","161,994,479","27,007,699","134,986,780","74,154,711","60,832,069"
4월,광고주,광고사업2본부1실3팀 (장채은),주식회사 에이피알,58263,"1,233,173,468","173,603,351","42,391,036","131,212,315","67,903,617","63,308,698"
4월,광고주,광고사업1본부2실1팀 (추성호),라이나생명보험(주),61571,"1,280,481,398","179,969,787","49,825,906","130,143,881","63,898,039","66,245,842"
4월,광고주,광고사업3본부1실3팀 (이유진),(주)종근당,60913,"536,748,854","85,112,120","2,604,153","82,507,967","60,111,060","22,396,907"
4월,광고주,광고사업3본부2실6팀 (조정훈),씨제이올리브영 주식회사,59875,"629,564,640","94,434,698",0,"94,434,698","58,117,528","36,317,170"
4월,광고주,광고사업2본부1실6팀 (이승화),(주)코스알엑스,61268,"454,094,116","49,650,299",0,"49,650,299","52,785,643","-3,135,344"
4월,광고주,광고사업2본부3실4팀 (이세나),네슬레코리아 유한책임회사,60374,"410,464,912","59,351,430","176,158","59,175,272","51,632,159","7,543,113"
4월,광고주,광고사업1본부1실4팀 (유승연),주식회사 버킷플레이스,61240,"328,999,898","30,790,995","5,346,671","25,444,324","47,167,740","-21,723,416"
4월,광고주,광고사업3본부2실4팀 (조다솜),이니스프리,57802,"306,874,907","40,891,946","1,998,190","38,893,756","41,393,811","-2,500,055"
4월,광고주,광고사업2본부3실7팀 (김가희),SK매직(주),58368,"202,641,779","35,803,534","1,751,079","34,052,455","39,768,161","-5,715,706"
4월,광고주,광고사업1본부2실7팀 (주낙규),라이나생명보험(주)_CM,61572,"448,179,129","64,439,698","-16,825,906","81,265,604","38,027,802","43,237,802"
4월,광고주,광고사업3본부1실1팀 (강기민),(주)지에스리테일 홈쇼핑,61393,"420,173,683","63,026,051",0,"63,026,051","31,581,586","31,444,465"
4월,광고주,광고사업2본부2실8팀 (서성민),(주) 블랙야크,61217,"545,683,662","84,484,174","18,676,357","65,807,817","31,133,736","34,674,081"
4월,광고주,광고사업1본부2실5팀 (조정현),엘지전자(주),56076,"360,955,818","56,389,764","15,768,315","40,621,449","30,306,445","10,315,004"
4월,광고주,광고사업1본부2실1팀 (추성호),씨제이제일제당(주)_브랜드스토어,61407,"217,844,621","31,156,551","6,529,884","24,626,667","29,624,955","-4,998,288"
4월,광고주,광고사업1본부1실4팀 (유승연),주식회사 버킷플레이스,60029,"249,166,916","37,375,038","11,325,769","26,049,269","29,429,735","-3,380,466"
4월,광고주,광고사업3본부2실5팀 (최서희),(주)카버코리아,61589,"207,923,968","37,440,984","130,387","37,310,597","26,368,304","10,942,293"
4월,광고주,운영실2팀 (주규철),(주)유한건강생활,61026,"108,762,234","14,451,435","210,071","14,241,364","24,155,445","-9,914,081"
4월,광고주,광고사업1본부1실3팀 (박지연),주식회사 밀도,61538,"388,025,773","54,466,861","14,560,938","39,905,923","24,037,708","15,868,215"
4월,광고주,광고사업3본부1실1팀 (강기민),에스케이렌터카 주식회사,61386,"202,096,525","19,111,492","853,858","18,257,634","23,754,272","-5,496,638"
4월,광고주,광고사업2본부1실1팀 (구준수),주식회사 지누스,59244,"258,664,141","39,127,927",0,"39,127,927","23,484,109","15,643,818"
4월,광고주,광고사업1본부1실2팀 (이남준),(주)엘지생활건강,61419,"154,732,447","21,962,297","1,804,020","20,158,277","17,458,417","2,699,860"
4월,광고주,광고사업3본부1실3팀 (이유진),데상트코리아주식회사,57085,"181,381,432","27,735,562",0,"27,735,562","17,356,876","10,378,686"
4월,광고주,광고사업3본부2실5팀 (최서희),크린토피아,58344,"125,094,940","25,512,392",0,"25,512,392","15,074,134","10,438,258"
4월,광고주,광고사업1본부1실4팀 (유승연),(주)엘지생활건강,61183,"89,708,120","19,249,765","1,473,856","17,775,909","14,902,373","2,873,536"
4월,광고주,광고사업2본부1실6팀 (이승화),(주)마녀공장,61421,"205,388,557","24,646,513",0,"24,646,513","14,054,828","10,591,685"
4월,광고주,광고사업3본부2실6팀 (조정훈),(주)하이라이트브랜즈,61315,"148,472,680","21,132,539","1,035,350","20,097,189","13,345,840","6,751,349"
4월,광고주,광고사업1본부1실2팀 (이남준),(주)엘지생활건강,60649,"91,968,473","23,781,524","1,627,298","22,154,226","13,319,917","8,834,309"
4월,광고주,광고사업2본부2실5팀 (최소영),코튼클럽,61061,"31,854,490","4,124,473","801,653","3,322,820","13,286,355","-9,963,535"
4월,광고주,광고사업2본부2실8팀 (서성민),(주)챔프스터디,60107,"126,703,553","15,746,172",0,"15,746,172","12,199,291","3,546,881"
4월,광고주,운영실2팀 (주규철),무인양품(주),61152,"133,157,654","21,186,072",0,"21,186,072","11,933,791","9,252,281"
4월,광고주,광고사업1본부1실3팀 (박지연),(주)엘지생활건강,61641,"27,263,386","4,561,460",0,"4,561,460","11,613,203","-7,051,743"
4월,광고주,광고사업2본부2실5팀 (최소영),(주)코앤컴,61062,"223,331,563","30,658,762","5,444,773","25,213,989","11,437,702","13,776,287"
4월,광고주,광고사업2본부3실4팀 (이세나),청호나이스(주),61529,"150,637,224","21,283,360",0,"21,283,360","11,410,340","9,873,020"
4월,광고주,광고사업2본부2실8팀 (서성민),(주)챔프스터디,60340,"110,944,308","13,667,707",0,"13,667,707","10,249,222","3,418,485"
4월,광고주,운영실1팀 (박유종),(주)경남제약,61219,"67,873,177","11,786,260","646,688","11,139,572","9,761,023","1,378,549"
4월,광고주,광고사업2본부3실7팀 (김가희),(주)에스제이그룹,54521,"85,775,352","12,618,614","754,567","11,864,047","9,512,182","2,351,865"
4월,광고주,광고사업1본부1실3팀 (박지연),(주)엘지생활건강,61194,"62,060,903","9,311,647","1,814,897","7,496,750","9,067,690","-1,570,940"
4월,광고주,광고사업2본부1실1팀 (구준수),스토어허브코리아 주식회사,61159,"76,831,234","11,677,280","296,313","11,380,967","7,767,866","3,613,101"
4월,광고주,광고사업2본부2실5팀 (최소영),미트리,61271,"33,613,031","8,446,229",0,"8,446,229","6,795,984","1,650,245"
4월,광고주,운영실2팀 (주규철),(주)베네통코리아,50655,"56,270,691","8,404,682","516,897","7,887,785","6,513,351","1,374,434"
4월,광고주,운영실2팀 (주규철),주식회사 비케이브,61003,"64,826,814","7,994,473","629,594","7,364,879","5,905,333","1,459,546"
4월,광고주,광고사업1본부1실3팀 (박지연),(주)엘지생활건강,61632,"6,443,532","966,530","125,311","841,219","5,565,203","-4,723,984"
4월,광고주,광고사업1본부1실3팀 (박지연),(주)엘지생활건강,61638,"27,908,029","5,477,184",0,"5,477,184","5,489,871","-12,687"
4월,광고주,운영실1팀 (박유종),주식회사 비케이브,61070,"41,994,380","5,952,889","297,675","5,655,214","5,184,583","470,631"
4월,광고주,광고사업2본부1실1팀 (구준수),주식회사 코스모앤컴퍼니,61524,"24,736,852","3,893,950","120,624","3,773,326","4,931,867","-1,158,541"
4월,광고주,광고사업2본부2실8팀 (서성민),(주)교암,60343,"33,120,495","4,625,107",0,"4,625,107","4,931,318","-306,211"
4월,광고주,운영실2팀 (주규철),슬로우베드,61255,"38,039,075","5,681,162","277,215","5,403,947","4,571,543","832,404"
4월,광고주,운영실2팀 (주규철),네파(주),51158,"39,956,988","7,066,676","285,710","6,780,966","4,344,846","2,436,120"
4월,광고주,광고사업2본부3실7팀 (김가희),(주)유닛블랙,61357,"5,084,201","762,630",0,"762,630","4,325,184","-3,562,554"
4월,광고주,광고사업3본부1실2팀 (조학성),(주)코스트코코리아,58028,"110,579,292","16,586,894",0,"16,586,894","4,100,289","12,486,605"
4월,광고주,광고사업2본부3실7팀 (김가희),에스제이키즈,59114,"28,231,377","4,132,062","190,053","3,942,009","3,945,646","-3,637"
4월,광고주,운영실1팀 (박유종),주식회사 로즈베이,54500,"41,559,352","5,950,728",0,"5,950,728","3,507,319","2,443,409"
4월,광고주,운영실1팀 (박유종),(주)한국경제티브이,59916,"28,338,583","4,651,047",0,"4,651,047","3,461,602","1,189,445"
4월,광고주,광고사업1본부1실2팀 (이남준),(주)가나,59810,"91,945,540","12,128,847",0,"12,128,847","3,391,713","8,737,134"
4월,광고주,광고사업2본부2실5팀 (최소영),비에스투코리아(주),61063,"28,912,953","4,027,681","1,249,850","2,777,831","3,265,046","-487,215"
4월,광고주,광고사업2본부1실1팀 (구준수),게스홀딩스코리아유한회사,34987,"98,204,796","10,528,659",0,"10,528,659","3,178,678","7,349,981"
4월,광고주,운영실1팀 (박유종),국민이주,33951,"35,930,082","6,476,659","280,897","6,195,762","2,964,648","3,231,114"
4월,광고주,운영실1팀 (박유종),법무법인 새움,61243,"25,141,468","3,650,295",0,"3,650,295","2,906,705","743,590"
4월,광고주,운영실2팀 (주규철),주식회사 넘버링,61186,"24,302,245","5,088,665",0,"5,088,665","2,866,382","2,222,283"
4월,광고주,운영실1팀 (박유종),(주)브랜드홀더,60865,"32,638,990","4,516,539",0,"4,516,539","2,799,939","1,716,600"
4월,광고주,광고사업1본부1실3팀 (박지연),(주)엘지생활건강,61639,"19,626,201","3,020,430",0,"3,020,430","2,735,144","285,286"
4월,광고주,운영실2팀 (주규철),(주)아모레퍼시픽,61263,"31,642,088","4,713,879","508,845","4,205,034","2,720,530","1,484,504"
4월,광고주,광고사업2본부2실8팀 (서성민),(주)위더스교육,60341,"31,119,531","4,364,152",0,"4,364,152","2,492,253","1,871,899"
4월,광고주,운영실2팀 (주규철),(사)홀트아동복지회,2886,"30,074,075","4,917,444","257,422","4,660,022","2,455,280","2,204,742"
4월,광고주,SAE팀,주식회사 수나비,59654,"33,017,081","4,924,859",0,"4,924,859","2,281,078","2,643,781"
4월,광고주,광고사업2본부2실5팀 (최소영),(주)코데즈컴바인,61613,0,0,0,0,"2,234,302","-2,234,302"
4월,광고주,광고사업1본부1실3팀 (박지연),밝은눈안과,57599,"42,317,768","6,370,394","268,800","6,101,594","2,224,762","3,876,832"
4월,광고주,광고사업1본부1실4팀 (유승연),(주)엘지생활건강,61640,"932,178","163,225",0,"163,225","2,195,357","-2,032,132"
4월,광고주,운영실1팀 (박유종),생기가득 한방병원,61253,"13,514,442","2,222,393",0,"2,222,393","2,080,362","142,031"
4월,광고주,광고사업3본부2실5팀 (최서희),라인프렌즈스퀘어 주식회사,61329,"41,784,246","6,170,102","362,135","5,807,967","2,032,949","3,775,018"
4월,광고주,운영실2팀 (주규철),(주)파크랜드,32403,"26,954,340","4,625,076",0,"4,625,076","1,799,043","2,826,033"
4월,광고주,운영실1팀 (박유종),보자기코리아,53368,"18,020,779","2,213,978",0,"2,213,978","1,733,102","480,876"
4월,광고주,SAE팀,주식회사 큐앤드비인터내셔날,61376,"24,475,331","3,671,301",0,"3,671,301","1,700,459","1,970,842"
4월,광고주,운영실1팀 (박유종),주식회사 고차원,61207,"15,404,712","2,310,706",0,"2,310,706","1,670,657","640,049"
4월,광고주,광고사업1본부1실3팀 (박지연),(주)엘지생활건강,61536,"24,413,598","3,873,040","239,765","3,633,275","1,484,003","2,149,272"
4월,광고주,운영실1팀 (박유종),(주) 비즈폼,577,"8,986,083","1,347,912",0,"1,347,912","1,468,341","-120,429"
4월,광고주,광고사업1본부1실3팀 (박지연),(주)엘지생활건강,60841,"4,385,924","2,312,108",0,"2,312,108","1,459,934","852,174"
4월,광고주,운영실1팀 (박유종),주식회사 당근마켓,60663,"8,467,520","2,057,474",0,"2,057,474","1,447,757","609,717"
4월,광고주,광고사업2본부1실1팀 (구준수),주식회사 에스와이피글로벌,61182,"25,212,528","3,781,880",0,"3,781,880","1,421,408","2,360,472"
4월,광고주,운영실2팀 (주규철),주식회사 케어닥,60883,"12,072,310","2,286,798","7,561","2,279,237","1,290,661","988,576"
4월,광고주,운영실2팀 (주규철),"주식회사 아크메드라비(acme de lavie Co.,ltd.)",61120,"8,418,171","1,262,726","70,291","1,192,435","1,224,137","-31,702"
4월,광고주,운영실1팀 (박유종),강남세란의원,58078,"7,174,641","1,076,195",0,"1,076,195","1,217,848","-141,653"
4월,광고주,운영실1팀 (박유종),(주) 마하니트,61225,"7,210,318","931,549",0,"931,549","1,131,700","-200,151"
4월,광고주,광고사업1본부1실2팀 (이남준),(주)엘지유플러스,61001,"30,094,794",0,0,0,"1,098,603","-1,098,603"
4월,광고주,SAE팀,주식회사 출력홀딩스,55786,"15,199,935","2,279,991",0,"2,279,991","1,056,038","1,223,953"
4월,광고주,운영실2팀 (주규철),주식회사 같은온도,60645,"14,028,621","2,805,724",0,"2,805,724","953,652","1,852,072"
4월,광고주,SAE팀,주식회사 알티스트,61201,"12,396,393","1,961,543","34,481","1,927,062","908,540","1,018,522"
4월,광고주,운영실1팀 (박유종),(주)코엔코,57939,"5,933,560","890,034",0,"890,034","877,898","12,136"
4월,광고주,SAE팀,보드포인트,1149,"12,695,863","1,881,638","12,500","1,869,138","871,530","997,608"
4월,광고주,운영실1팀 (박유종),(주)미니멀리스트,59529,"6,230,212","1,246,043","148,611","1,097,432","837,174","260,258"
4월,광고주,운영실2팀 (주규철),주식회사 릴리브랩,61161,"135,009","18,952",0,"18,952","828,787","-809,835"
4월,광고주,운영실1팀 (박유종),(주)비엔에프통상,60987,"9,137,165","1,492,036",0,"1,492,036","793,264","698,772"
4월,광고주,운영실1팀 (박유종),주식회사 플레이스앤,60850,"3,616,121","542,419",0,"542,419","792,153","-249,734"
4월,광고주,운영실2팀 (주규철),(주)지인터내셔날,56828,"15,000,000","2,250,000",0,"2,250,000","781,613","1,468,387"
4월,광고주,운영실2팀 (주규철),(주)아모레퍼시픽,60271,"10,208,495","1,531,274",0,"1,531,274","693,111","838,163"
4월,광고주,광고사업3본부2실4팀 (조다솜),(주)아모레퍼시픽,60751,0,0,0,0,"668,401","-668,401"
4월,광고주,운영실2팀 (주규철),엔구코리아 주식회사,58581,0,"1,827,120",0,"1,827,120","667,371","1,159,749"
4월,광고주,운영실2팀 (주규철),주식회사 케이비엔,61199,"1,339,399","200,910",0,"200,910","635,530","-434,620"
4월,광고주,운영실1팀 (박유종),(주) 비엔에프통상,60186,"6,976,666","1,086,500",0,"1,086,500","622,376","464,124"
4월,광고주,운영실1팀 (박유종),(주)사옹원,56766,"4,827,359","784,104",0,"784,104","569,575","214,529"
4월,광고주,운영실2팀 (주규철),(주)고래사,58161,"6,632,757","974,563",0,"974,563","542,031","432,532"
4월,광고주,운영실1팀 (박유종),비욘드푸드,60933,"3,951,121","692,025",0,"692,025","536,935","155,090"
4월,광고주,운영실1팀 (박유종),닥터스웰 주식회사,61601,"462,522","69,378",0,"69,378","533,781","-464,403"
4월,광고주,SAE팀,파인크로스 주식회사,61411,"7,316,501","1,097,475",0,"1,097,475","508,324","589,151"
4월,광고주,CS파트,(주)제일엠아이,21542,"4,968,693","895,036",0,"895,036","469,311","425,725"
4월,광고주,운영실2팀 (주규철),포스테스,61528,"2,758,265","413,740",0,"413,740","460,341","-46,601"
4월,광고주,운영실2팀 (주규철),(주)앨리앤코,56591,"7,727,063","1,159,060",0,"1,159,060","436,583","722,477"
4월,광고주,CS파트,골드마켓,61358,"5,547,654","832,149",0,"832,149","436,337","395,812"
4월,광고주,SAE팀,주식회사 딜사이트티브이,61349,"5,803,600","875,088",0,"875,088","405,320","469,768"
4월,광고주,SAE팀,주식회사 노랑풍선시티버스,59542,"5,728,375","859,256",0,"859,256","397,987","461,269"
4월,광고주,SAE팀,수원모던실용음악학원,44389,"5,041,636","856,068",0,"856,068","396,510","459,558"
4월,광고주,SAE팀,(주)동양테크툴,11053,"5,389,195","808,379",0,"808,379","374,422","433,957"
4월,광고주,CS파트,(주)성보하이드로 엔지니어링,2255,"4,224,655","666,598",0,"666,598","349,529","317,069"
4월,광고주,SAE팀,한국플루크,57850,"4,868,965","730,344",0,"730,344","338,278","392,066"
4월,광고주,SAE팀,주식회사 아이스칸,61344,"4,837,895","725,685",0,"725,685","336,120","389,565"
4월,광고주,운영실1팀 (박유종),주식회사 대현엠앤비,61209,"4,268,490","640,274",0,"640,274","331,363","308,911"
4월,광고주,운영실1팀 (박유종),(사)한국여성발명협회,61171,"2,695,575","571,383","33,889","537,494","328,411","209,083"
4월,광고주,SAE팀,(주) 네모인사이트,60199,"4,689,053","708,104","8,502","699,602","327,977","371,625"
4월,광고주,SAE팀,주식회사 더벗,57763,"5,331,141","667,687",0,"667,687","309,257","358,430"
4월,광고주,운영실1팀 (박유종),킨키,61549,"2,973,358","535,236",0,"535,236","302,800","232,436"
4월,광고주,운영실1팀 (박유종),주식회사 케익드라마,60837,"1,962,024","294,304",0,"294,304","297,220","-2,916"
4월,광고주,SAE팀,라쿤커머스,60801,"4,208,605","631,291",0,"631,291","292,399","338,892"
4월,광고주,SAE팀,임팩트비뇨기과의원,46817,"6,814,798","597,382","2,500","594,882","276,693","318,189"
4월,광고주,CS파트,하나서울안과의원,42986,"3,163,607","474,541",0,"474,541","248,825","225,716"
4월,광고주,SAE팀,샤인뮤직넷,24015,"3,563,315","534,497",0,"534,497","247,566","286,931"
4월,광고주,CS파트,(주)도래샘,60735,"2,981,786","469,938",0,"469,938","246,411","223,527"
4월,광고주,광고사업3본부2실6팀 (조정훈),(주)하이라이트뷰티스,61317,"4,423,401","558,696","31,360","527,336","229,507","297,829"
4월,광고주,CS파트,씨티아이코리아 주식회사,54560,"2,890,784","433,618",0,"433,618","227,368","206,250"
4월,광고주,SAE팀,꼴레지오니스타,61239,"2,518,545","475,690","54,540","421,150","220,328","200,822"
4월,광고주,광고사업1본부1실2팀 (이남준),주식회사 버킷플레이스,61653,"316,650","47,498","9,368","38,130","218,634","-180,504"
4월,광고주,SAE팀,365서울원탑치과의원,61384,"3,053,272","457,991",0,"457,991","212,131","245,860"
4월,광고주,CS파트,히오키코리아 주식회사,58786,"2,544,425","404,309",0,"404,309","211,998","192,311"
4월,광고주,SAE팀,보리움 법률사무소,59371,"3,608,156","445,349","57,500","387,849","206,275","181,574"
4월,광고주,광고사업2본부2실5팀 (최소영),라가르데르엑티브엔터프라이즈코리아 유한회사,61366,"8,047,524","804,752",0,"804,752","205,186","599,566"
4월,광고주,CS파트,써모피셔사이언티픽코리아,61112,"2,558,907","383,836",0,"383,836","201,265","182,571"
4월,광고주,SAE팀,루쏘소에프앤에프,49422,"2,713,524","434,531","13,434","421,097","201,264","219,833"
4월,광고주,SAE팀,모두의음악버클리음대동문실용음악학원,61404,"2,888,238","433,236",0,"433,236","200,665","232,571"
4월,광고주,CS파트,쏘내추럴(주),59576,"2,542,875","381,431",0,"381,431","200,003","181,428"
4월,광고주,SAE팀,새항운병원,45725,"2,817,053","422,558",0,"422,558","195,719","226,839"
4월,광고주,CS파트,(주)우림엠에스,59931,"2,431,639","364,746",0,"364,746","191,254","173,492"
4월,광고주,SAE팀,더함 프랜차이즈 개발원,57437,"2,742,841","411,427",0,"411,427","190,563","220,864"
4월,광고주,운영실2팀 (주규철),주식회사 티비엘코퍼레이션,61218,"1,400,000","210,000",0,"210,000","184,739","25,261"
4월,광고주,SAE팀,주식회사 팜므 (PAM inc.),59000,"2,628,920","394,338",0,"394,338","182,648","211,690"
4월,광고주,운영실2팀 (주규철),주식회사 우아한형제들,61056,"1,200,000","180,000",0,"180,000","177,402","2,598"
4월,광고주,SAE팀,시슬리의원(프리미엄에스피부과),45587,"2,522,805","378,421",0,"378,421","175,276","203,145"
4월,광고주,SAE팀,연세힐치과의원,61365,"2,406,031","360,905",0,"360,905","167,163","193,742"
4월,광고주,SAE팀,대박판촉물,30804,"2,390,662","358,600","12,500","346,100","166,095","180,005"
4월,광고주,CS파트,주식회사 이노렌탈,59385,"2,074,011","311,102",0,"311,102","163,126","147,976"
4월,광고주,CS파트,(주)프리텍,50050,"2,041,774","306,266",0,"306,266","160,591","145,675"
4월,광고주,CP팀,에스케이렌터카 주식회사,61415,"27,230,080","27,230,080",0,"27,230,080","156,302","27,073,778"
4월,광고주,CS파트,라이즈(Rise),58201,"1,983,757","297,564",0,"297,564","156,027","141,537"
4월,광고주,SAE팀,주식회사 체온365,61054,"2,288,978","334,112",0,"334,112","154,753","179,359"
4월,광고주,운영실2팀 (주규철),(주) 비케이브,60936,"-4,460",-669,0,-669,"151,976","-152,645"
4월,광고주,CS파트,페스툴코리아 유한회사,58662,"1,800,000","270,000",0,"270,000","141,575","128,425"
4월,광고주,SAE팀,온뮤직실용음악학원,57089,"1,980,427","297,064",0,"297,064","137,593","159,471"
4월,광고주,SAE팀,용대물산,56302,"1,860,046","279,007",0,"279,007","129,229","149,778"
4월,광고주,CS파트,화이트큐브,60738,"1,580,000","237,000",0,"237,000","124,270","112,730"
4월,광고주,CS파트,주식회사 상우,59906,"1,565,227","234,784",0,"234,784","123,110","111,674"
4월,광고주,CS파트,(주)브리파워코리아,61647,"1,159,588","231,917",0,"231,917","121,606","110,311"
4월,광고주,CS파트,23살농부,48028,"1,535,100","230,265",0,"230,265","120,739","109,526"
4월,광고주,SAE팀,(주)백령여행사,1288,"1,693,967","254,096",0,"254,096","117,691","136,405"
4월,광고주,SAE팀,중소기업정책자금지원센터주식회사,58412,"1,673,076","250,962",0,"250,962","116,240","134,722"
4월,광고주,CS파트,주식회사 이폼웍스,60757,"1,426,832","214,025",0,"214,025","112,224","101,801"
4월,광고주,SAE팀,주식회사 내공관리형스터디카페,61491,"1,613,647","242,047",0,"242,047","112,110","129,937"
4월,광고주,CS파트,이케이 주식회사,57644,"1,347,440","202,116",0,"202,116","105,980","96,136"
4월,광고주,운영실1팀 (박유종),봄날가정법률사무소,57396,"1,832,498","274,875",0,"274,875","102,009","172,866"
4월,광고주,CS파트,주식회사 뷰티메디칼,61360,"1,255,155","188,274",0,"188,274","98,720","89,554"
4월,광고주,CS파트,주식회사 성광특수강화유리,60839,"1,252,510","187,876",0,"187,876","98,513","89,363"
4월,광고주,SAE팀,수피부과의원,61190,"1,106,146","211,427",0,"211,427","97,928","113,499"
4월,광고주,SAE팀,(주)나인스쿨,54669,"1,400,000","210,000",0,"210,000","97,267","112,733"
4월,광고주,SAE팀,(주)벤제프,59357,"1,400,000","210,000",0,"210,000","97,267","112,733"
4월,광고주,CS파트,(주)스폰지마트,59261,"1,233,919","185,088",0,"185,088","97,050","88,038"
4월,광고주,SAE팀,더클래식500,34094,"1,193,419","209,407",0,"209,407","96,992","112,415"
4월,광고주,SAE팀,(주)엠제이플렉스,19413,"1,385,967","207,896",0,"207,896","96,292","111,604"
4월,광고주,CS파트,(주)다보산업,60086,"1,200,000","180,000",0,"180,000","94,382","85,618"
4월,광고주,CS파트,니오라코리아 유한회사,61364,"1,200,000","180,000",0,"180,000","94,382","85,618"
4월,광고주,CS파트,바른본병원,57137,"1,200,000","180,000",0,"180,000","94,382","85,618"
4월,광고주,CS파트,(주)지학사,58937,"1,200,000","180,000",0,"180,000","94,382","85,618"
4월,광고주,SAE팀,(주) 씨엔씨,58425,"1,357,239","203,586",0,"203,586","94,296","109,290"
4월,광고주,SAE팀,발해유학원,60704,"1,349,968","202,495",0,"202,495","93,791","108,704"
4월,광고주,SAE팀,동구여성인력개발센터,61375,"1,338,268","200,740","74,086","126,654","92,978","33,676"
4월,광고주,CS파트,서광에프알피산업,24490,"1,181,168","177,175",0,"177,175","92,901","84,274"
4월,광고주,CS파트,한미노즐(주),41665,"1,164,019","174,603",0,"174,603","91,553","83,050"
4월,광고주,SAE팀,주식회사 골프파트너앤코스모,61426,"1,241,695","186,254",0,"186,254","86,268","99,986"
4월,광고주,SAE팀,진흥산업주식회사,43451,"1,207,562","181,135",0,"181,135","83,897","97,238"
4월,광고주,CS파트,예술은행,40938,"1,063,685","159,553",0,"159,553","83,661","75,892"
4월,광고주,SAE팀,(주)마음나눔,56946,"1,195,934","179,390",0,"179,390","83,089","96,301"
4월,광고주,SAE팀,한반도교량점검,58958,"1,177,274","176,592",0,"176,592","81,793","94,799"
4월,광고주,운영실2팀 (주규철),(재)서울디자인재단 서울디자인창업센터,61144,"1,397,038","264,353","26,764","237,589","81,755","155,834"
4월,광고주,CS파트,주식회사 모던인텍,52081,"889,623","154,481",0,"154,481","81,002","73,479"
4월,광고주,운영실2팀 (주규철),(주)네오플램,61035,0,0,0,0,"77,380","-77,380"
4월,광고주,광고사업1본부1실3팀 (박지연),(주)엘지생활건강,61158,"251,376","37,706",0,"37,706","77,377","-39,671"
4월,광고주,CS파트,윤동주성형외과의원,47123,"938,072","140,711",0,"140,711","73,783","66,928"
4월,광고주,사업지원팀,이엠넷,10157,"1,302,275","104,440",0,"104,440","73,017","31,423"
4월,광고주,CS파트,코리아에폭시,58684,"925,721","138,858",0,"138,858","72,811","66,047"
4월,광고주,CS파트,주식회사 테크원씨엔에스,60418,"912,073","136,811",0,"136,811","71,737","65,074"
4월,광고주,CS파트,안성비단잉어,23040,"900,383","135,058",0,"135,058","70,817","64,241"
4월,광고주,CS파트,송정필방,31463,"1,345,120","134,628",0,"134,628","70,592","64,036"
4월,광고주,SAE팀,주식회사 엠지아이티,61519,"1,000,000","150,000",0,"150,000","69,476","80,524"
4월,광고주,CS파트,연세로즈엘의원청주점,44980,"878,120","131,718",0,"131,718","69,067","62,651"
4월,광고주,CS파트,청호문화사,55257,"872,626","130,894",0,"130,894","68,634","62,260"
4월,광고주,CS파트,주식회사에이이노텍,58621,"839,592","125,939",0,"125,939","66,036","59,903"
4월,광고주,CS파트,주식회사 지지엠,58058,"1,308,242","123,299",0,"123,299","64,651","58,648"
4월,광고주,SAE팀,부강아이티(주),39679,"917,840","137,675",0,"137,675","63,768","73,907"
4월,광고주,SAE팀,쿠코무 주식회사,58626,"889,020","133,353",0,"133,353","61,766","71,587"
4월,광고주,SAE팀,남장현산부인과,10663,"886,567","132,985",0,"132,985","61,595","71,390"
4월,광고주,CS파트,한국피셔과학 (주),61113,"761,939","114,291",0,"114,291","59,928","54,363"
4월,광고주,SAE팀,(주)알앤디코리아,58379,"851,126","127,669",0,"127,669","59,133","68,536"
4월,광고주,광고사업2본부2실5팀 (최소영),티에스인터내셔날코리아(주),61592,"1,490,000","223,500","223,500",0,"56,985","-56,985"
4월,광고주,CS파트,한국특수금속,42220,"713,552","107,033",0,"107,033","56,122","50,911"
4월,광고주,CS파트,주식회사 한서이엔지,59699,"709,040","106,356",0,"106,356","55,768","50,588"
4월,광고주,CS파트,평택크레인,16918,"701,960","105,294",0,"105,294","55,209","50,085"
4월,광고주,SAE팀,한국교원연수원,36446,"791,818","118,773",0,"118,773","55,013","63,760"
4월,광고주,CS파트,명인팩,57380,"656,084","98,413",0,"98,413","51,603","46,810"
4월,광고주,SAE팀,베스트무빙주식회사,59663,"727,819","109,172",0,"109,172","50,566","58,606"
4월,광고주,CS파트,위대한탄생여성병원,60129,"642,710","96,406",0,"96,406","50,551","45,855"
4월,광고주,SAE팀,디자인치과의원,54569,"707,000","106,050",0,"106,050","49,120","56,930"
4월,광고주,CS파트,총각에어컨,52641,"607,831","91,175",0,"91,175","47,806","43,369"
4월,광고주,SAE팀,한누리요가아카데미(H핫요가),42239,"686,070","102,911",0,"102,911","47,666","55,245"
4월,광고주,CS파트,테사테이프코리아(유),58402,"600,000","90,000",0,"90,000","47,192","42,808"
4월,광고주,SAE팀,(주)엘넷,61277,"670,763","100,614",0,"100,614","46,602","54,012"
4월,광고주,운영실1팀 (박유종),고마컴퍼니 주식회사,60445,"815,611","122,341",0,"122,341","45,402","76,939"
4월,광고주,SAE팀,강남편입아카데미(동의엠스쿨),16106,"653,191","97,979",0,"97,979","45,382","52,597"
4월,광고주,CS파트,송탄성모안과,58705,"574,655","86,199",0,"86,199","45,199","41,000"
4월,광고주,CS파트,(주)케이지이니시스,52699,"570,273","85,541",0,"85,541","44,853","40,688"
4월,광고주,SAE팀,와이비엠비즈강남교육연수센터,52311,"635,556","95,333",0,"95,333","44,156","51,177"
4월,광고주,SAE팀,제이비엠,61149,"626,285","93,943",0,"93,943","43,512","50,431"
4월,광고주,CS파트,태동관광개발(주),40687,"550,190","82,529",0,"82,529","43,273","39,256"
4월,광고주,SAE팀,바로디자인,54937,"605,460","90,819",0,"90,819","42,065","48,754"
4월,광고주,SAE팀,구플러스,58525,"603,879","90,582",0,"90,582","41,955","48,627"
4월,광고주,SAE팀,(주)에이블클라우드,61412,"600,000","90,000",0,"90,000","41,686","48,314"
4월,광고주,SAE팀,에이블스토어,55298,"600,000","90,000",0,"90,000","41,686","48,314"
4월,광고주,CS파트,바흐가구 인테리어,59100,"519,762","77,965",0,"77,965","40,881","37,084"
4월,광고주,CS파트,레그노,14771,"514,810","77,222",0,"77,222","40,491","36,731"
4월,광고주,SAE팀,명성이벤트,34437,"576,456","86,469",0,"86,469","40,050","46,419"
4월,광고주,SAE팀,주식회사 맛있는에프앤비,58787,"555,497","83,325",0,"83,325","38,594","44,731"
4월,광고주,CS파트,씨에이테크,58569,"486,953","73,043",0,"73,043","38,299","34,744"
4월,광고주,광고사업1본부1실3팀 (박지연),(주)엘지생활건강,61090,"495,390","176,309",0,"176,309","37,088","139,221"
4월,광고주,CS파트,동양전기공업 (주),59695,"347,135","69,427",0,"69,427","36,405","33,022"
4월,광고주,CS파트,우진디자인시스템퍼니처,38656,"449,297","67,395",0,"67,395","35,340","32,055"
4월,광고주,광고사업3본부1실1팀 (강기민),어음톡,59295,"1,095,731","164,359",0,"164,359","34,873","129,486"
4월,광고주,SAE팀,한소 주식회사,51366,"496,526","74,479",0,"74,479","34,497","39,982"
4월,광고주,SAE팀,주식회사 전구샵,61361,"490,656","73,599",0,"73,599","34,089","39,510"
4월,광고주,CS파트,(주)프로테인웍스,41866,"429,092","64,364",0,"64,364","33,749","30,615"
4월,광고주,CS파트,주식회사 강성냉동컨테이너,60958,"424,669","63,701",0,"63,701","33,402","30,299"
4월,광고주,SAE팀,주식회사 제이컴스,57617,"478,620","71,793",0,"71,793","33,253","38,540"
4월,광고주,SAE팀,솔밭펜션,39744,"463,924","69,588",0,"69,588","32,232","37,356"
4월,광고주,CS파트,grandmotors,55839,"408,474","61,271",0,"61,271","32,127","29,144"
4월,광고주,CS파트,제이제이비뇨기과,49955,"403,967","60,596",0,"60,596","31,774","28,822"
4월,광고주,SAE팀,서울스마트치과,54843,"671,078","68,399",0,"68,399","31,681","36,718"
4월,광고주,CS파트,칠판마트,26860,"400,277","60,042",0,"60,042","31,483","28,559"
4월,광고주,CS파트,레퍼런스체크코리아 주식회사,57708,"396,004","59,401",0,"59,401","31,147","28,254"
4월,광고주,CS파트,(주)대영테크,42498,"383,064","57,460",0,"57,460","30,129","27,331"
4월,광고주,SAE팀,아리아르마투렌코리아 유한회사,61327,"419,941","62,991",0,"62,991","29,176","33,815"
4월,광고주,SAE팀,더서울치과,56535,"646,242","62,754",0,"62,754","29,066","33,688"
4월,광고주,SAE팀,기프팅,19935,"415,710","62,356",0,"62,356","28,882","33,474"
4월,광고주,CS파트,나비에스 (NABY-S) 의원,51066,"364,359","54,653",0,"54,653","28,657","25,996"
4월,광고주,CS파트,한국생산성본부,17297,"362,002","54,301",0,"54,301","28,472","25,829"
4월,광고주,SAE팀,삼정식품,58927,"408,270","61,241",0,"61,241","28,365","32,876"
4월,광고주,SAE팀,다인치과,60147,"303,999","60,800",0,"60,800","28,161","32,639"
4월,광고주,CS파트,주산수리셈(주),26442,"356,907","53,537",0,"53,537","28,072","25,465"
4월,광고주,SAE팀,태흥교역,45282,"395,378","59,307",0,"59,307","27,470","31,837"
4월,광고주,SAE팀,(주)정보라인,59099,"385,653","57,848",0,"57,848","26,794","31,054"
4월,광고주,SAE팀,수유상사 주식회사,59489,"385,061","57,759",0,"57,759","26,753","31,006"
4월,광고주,광고사업3본부1실,주식회사 다다엠앤씨,60855,"1,003,540","150,531",0,"150,531","26,392","124,139"
4월,광고주,SAE팀,AHA 산업(아하산업),20031,"362,971","54,446",0,"54,446","25,218","29,228"
4월,광고주,CS파트,나비에스한의원,54699,"319,250","47,503",0,"47,503","24,907","22,596"
4월,광고주,광고사업2본부2실8팀 (서성민),(주)챔프스터디,60799,0,0,0,0,"24,671","-24,671"
4월,광고주,CS파트,찬주공조,50127,"306,492","45,974",0,"45,974","24,107","21,867"
4월,광고주,CS파트,카인드짐 휘트니스,58394,"901,048","44,707",0,"44,707","23,442","21,265"
4월,광고주,SAE팀,가나식품기계,6698,"333,247","49,987",0,"49,987","23,153","26,834"
4월,광고주,CS파트,(주)바오솔루션스,56129,"293,593","44,039",0,"44,039","23,092","20,947"
4월,광고주,CS파트,마포크린,58587,"336,063","43,706",0,"43,706","22,916","20,790"
4월,광고주,CS파트,수원에버성형외과의원,33481,"288,737","43,311",0,"43,311","22,711","20,600"
4월,광고주,CS파트,크라운외식산업,36639,"288,441","43,266",0,"43,266","22,687","20,579"
4월,광고주,CS파트,대구연합행정사사무소,58804,"287,188","43,078",0,"43,078","22,589","20,489"
4월,광고주,CS파트,생생면 식품,61410,"279,098","41,864",0,"41,864","21,952","19,912"
4월,광고주,CS파트,제이원 인터내셔널,59391,"277,890","41,684",0,"41,684","21,858","19,826"
4월,광고주,CS파트,신원플라스틱 주식회사,61362,"277,498","41,624",0,"41,624","21,825","19,799"
4월,광고주,CS파트,디지털서울문화예술대학교,43116,"276,251","41,438",0,"41,438","21,729","19,709"
4월,광고주,CS파트,방방,28383,"265,659","39,849",0,"39,849","20,895","18,954"
4월,광고주,CS파트,태건산업안전 주식회사,49068,"263,333","39,500",0,"39,500","20,712","18,788"
4월,광고주,SAE팀,연세구치과,56057,"219,484","43,518",0,"43,518","20,157","23,361"
4월,광고주,SAE팀,에버스마일치과_목동,58000,"243,064","43,293",0,"43,293","20,052","23,241"
4월,광고주,CS파트,(주)짐모아인터내쇼날,31794,"234,271","35,141",0,"35,141","18,427","16,714"
4월,광고주,SAE팀,성우기획(소프트하모니 인터내셔널),33562,"260,077","39,012",0,"39,012","18,069","20,943"
4월,광고주,SAE팀,주식회사 토홀드,61245,"255,255","38,288",0,"38,288","17,734","20,554"
4월,광고주,SAE팀,연세우리치과의원,55374,"254,685","38,203",0,"38,203","17,695","20,508"
4월,광고주,SAE팀,(주)이룸에프엔비,61355,"254,336","38,150",0,"38,150","17,670","20,480"
4월,광고주,CS파트,독일지멘스보청기 구미,59403,"220,836","33,126",0,"33,126","17,370","15,756"
4월,광고주,SAE팀,러시아어 에듀랑,61262,"243,002","36,451",0,"36,451","16,883","19,568"
4월,광고주,CS파트,(주)프론티어유학원,52618,"212,280","31,842",0,"31,842","16,697","15,145"
4월,광고주,CS파트,한국자동차운전전문학원,58732,"210,770","31,616",0,"31,616","16,578","15,038"
4월,광고주,운영실1팀 (박유종),프린세스 산부인과,59228,"297,316","44,598",0,"44,598","16,551","28,047"
4월,광고주,CS파트,곤카곤충농장,47310,"209,620","31,443",0,"31,443","16,487","14,956"
4월,광고주,CS파트,주식회사 웰면식품,59940,"203,876","30,581",0,"30,581","16,035","14,546"
4월,광고주,SAE팀,메디앙,37955,"192,655","34,502",0,"34,502","15,981","18,521"
4월,광고주,SAE팀,온뮤직실용음악강북캠퍼스학원,51920,"229,449","34,417",0,"34,417","15,941","18,476"
4월,광고주,SAE팀,킴스요가&필라테스 중앙점,61416,"227,367","34,105",0,"34,105","15,797","18,308"
4월,광고주,SAE팀,홍제탑치과의원,60755,"243,389","33,981",0,"33,981","15,739","18,242"
4월,광고주,SAE팀,메가존(주),41201,"226,026","33,903","11,300","22,603","15,703","6,900"
4월,광고주,SAE팀,믿음하수구,41706,"225,974","33,896",0,"33,896","15,700","18,196"
4월,광고주,SAE팀,한성기업,41009,"225,658","33,848",0,"33,848","15,678","18,170"
4월,광고주,SAE팀,케이워터운영관리(주),61278,"225,358","33,803",0,"33,803","15,657","18,146"
4월,광고주,SAE팀,탐나오리,61585,"222,962","33,445",0,"33,445","15,491","17,954"
4월,광고주,SAE팀,(주)헬스앤뉴트리션,61659,"222,957","33,443",0,"33,443","15,490","17,953"
4월,광고주,SAE팀,임팩트 로스트볼,61394,"221,039","33,156",0,"33,156","15,357","17,799"
4월,광고주,CS파트,(주) 일식조리기술원,58227,"194,016","29,102",0,"29,102","15,259","13,843"
4월,광고주,SAE팀,코코원룸텔 염창역점,41870,"217,648","32,648",0,"32,648","15,122","17,526"
4월,광고주,CS파트,리마트(사무나라),47273,"190,140","28,521",0,"28,521","14,956","13,565"
4월,광고주,SAE팀,주식회사 라온비주얼시스템,54845,"205,581","30,837",0,"30,837","14,283","16,554"
4월,광고주,SAE팀,위너에너텍(린나이동대문대리점),61429,"218,222","30,709",0,"30,709","14,224","16,485"
4월,광고주,SAE팀,롯데몰부동산 공인중개사 사무소,61293,"203,462","30,519",0,"30,519","14,136","16,383"
4월,광고주,CS파트,등대불빛아래,45263,"178,109","26,716",0,"26,716","14,008","12,708"
4월,광고주,SAE팀,(주)의식주컴퍼니,61211,"198,738","29,811",0,"29,811","13,808","16,003"
4월,광고주,CS파트,헬로우다이빙,34373,"171,520","25,713",0,"25,713","13,483","12,230"
4월,광고주,SAE팀,서울플란트원치과의원,56408,"392,431","28,337",0,"28,337","13,125","15,212"
4월,광고주,SAE팀,21세기모타,59292,"181,433","27,215",0,"27,215","12,605","14,610"
4월,광고주,CS파트,한지상자닷컴,57424,"159,699","23,956",0,"23,956","12,562","11,394"
4월,광고주,CS파트,(주)지큐엘이비,7036,"158,881","23,832",0,"23,832","12,496","11,336"
4월,광고주,CS파트,원시스,61557,"156,783","23,518",0,"23,518","12,331","11,187"
4월,광고주,SAE팀,브랜드온넷,40982,"177,312","26,596",0,"26,596","12,319","14,277"
4월,광고주,CS파트,주식회사 한국국제교류원,53184,"149,764","22,464",0,"22,464","11,779","10,685"
4월,광고주,CS파트,신일특허사무소,59177,"148,520","22,278",0,"22,278","11,682","10,596"
4월,광고주,SAE팀,코코리빙텔 천호점,21038,"165,452","24,818",0,"24,818","11,495","13,323"
4월,광고주,CS파트,(주)오랙스티엠,57183,"145,925","21,889",0,"21,889","11,477","10,412"
4월,광고주,CS파트,주식회사 신원,58306,"145,806","21,872",0,"21,872","11,468","10,404"
4월,광고주,SAE팀,주식회사 삼주산업,56980,"164,263","24,640",0,"24,640","11,413","13,227"
4월,광고주,CS파트,케이엔비 엔터테인먼트,61200,"142,960","21,444",0,"21,444","11,244","10,200"
4월,광고주,SAE팀,위요감,61625,"159,554","23,933",0,"23,933","11,085","12,848"
4월,광고주,운영실1팀 (박유종),주식회사 뷰티팩토리 (beauty factory),61279,0,0,0,0,"10,833","-10,833"
4월,광고주,CS파트,씨엔쇼파,43448,"134,560","20,184",0,"20,184","10,583","9,601"
4월,광고주,CS파트,인제나노판매 주식회사,41431,"129,570","19,435",0,"19,435","10,192","9,243"
4월,광고주,CS파트,배터리일번지,49854,"128,842","19,326",0,"19,326","10,134","9,192"
4월,광고주,CS파트,(주) 라인시스템,60613,"125,578","18,837",0,"18,837","9,878","8,959"
4월,광고주,SAE팀,주식회사 대흥포텍,56848,"138,763","20,815",0,"20,815","9,641","11,174"
4월,광고주,CS파트,통영수산물직매장,43204,"115,969","17,395",0,"17,395","9,121","8,274"
4월,광고주,SAE팀,싱글하우스정자점,41750,"123,165","18,475",0,"18,475","8,557","9,918"
4월,광고주,CS파트,리본요가분당점,54975,"106,204","15,931",0,"15,931","8,354","7,577"
4월,광고주,CS파트,피싱스튜디오,53622,"105,452","15,818",0,"15,818","8,294","7,524"
4월,광고주,CS파트,세기하우징,40012,"104,627","15,695",0,"15,695","8,230","7,465"
4월,광고주,SAE팀,아트탱크,25733,"129,787","17,739",0,"17,739","8,216","9,523"
4월,광고주,CS파트,동화나라,22021,"100,910","15,136",0,"15,136","7,937","7,199"
4월,광고주,CS파트,신호시스템 서울센타,26320,"299,465","14,924",0,"14,924","7,826","7,098"
4월,광고주,CS파트,다나넥스트(주),42000,"99,313","14,897",0,"14,897","7,811","7,086"
4월,광고주,SAE팀,뉴돌고래레져클럽,43900,"107,247","16,087",0,"16,087","7,451","8,636"
4월,광고주,CS파트,리즈미의원,46120,"94,299","14,145",0,"14,145","7,418","6,727"
4월,광고주,CS파트,씨지통신(해병마크사),51541,"91,263","13,690",0,"13,690","7,178","6,512"
4월,광고주,CS파트,911aircon,41614,"89,814","13,472",0,"13,472","7,064","6,408"
4월,광고주,CS파트,월평아이빅실용음악학원,60514,"89,380","13,407",0,"13,407","7,030","6,377"
4월,광고주,CS파트,뉴비자,59069,"88,885","13,333",0,"13,333","6,991","6,342"
4월,광고주,CS파트,즐거운친구들,26053,"88,857","13,328",0,"13,328","6,988","6,340"
4월,광고주,CS파트,헬레나즈,31430,"87,894","13,184",0,"13,184","6,914","6,270"
4월,광고주,SAE팀,연세바로치과교정과치과의원,60606,"466,407","14,777",0,"14,777","6,844","7,933"
4월,광고주,CS파트,한국후지A/S센타,36585,"86,915","13,037",0,"13,037","6,836","6,201"
4월,광고주,CS파트,엠플러스실용음악학원,41553,"85,825","12,874",0,"12,874","6,750","6,124"
4월,광고주,SAE팀,청주아이폰수리마켓,59473,"179,229","14,133",0,"14,133","6,546","7,587"
4월,광고주,SAE팀,리빙캐슬 양재점,59424,"94,182","14,127",0,"14,127","6,543","7,584"
4월,광고주,CS파트,성산특수글라스,3235,"82,928","12,439",0,"12,439","6,523","5,916"
4월,광고주,SAE팀,두두디자인,60098,"92,791","13,918",0,"13,918","6,446","7,472"
4월,광고주,SAE팀,알에스신화랜드,61427,"91,832","13,775",0,"13,775","6,380","7,395"
4월,광고주,CS파트,제마산업,19987,"80,033","12,005",0,"12,005","6,295","5,710"
4월,광고주,CS파트,그리고휴,13213,"80,045","12,006",0,"12,006","6,295","5,711"
4월,광고주,CS파트,네모나무펜션,57405,"79,689","11,953",0,"11,953","6,267","5,686"
4월,광고주,CS파트,(주)에스공사(소리공사),31028,"78,354","11,753",0,"11,753","6,162","5,591"
4월,광고주,SAE팀,삼삼물산,46528,"87,936","13,190",0,"13,190","6,109","7,081"
4월,광고주,CS파트,리본요가평촌점,57527,"76,861","11,529",0,"11,529","6,046","5,483"
4월,광고주,CS파트,홍승동떡연구소,29732,"74,950","11,243",0,"11,243","5,895","5,348"
4월,광고주,CS파트,(주)엠프파트너스,47207,"73,574","11,036",0,"11,036","5,786","5,250"
4월,광고주,SAE팀,머니닥터공인중개사사무소,60870,"268,378","12,312",0,"12,312","5,703","6,609"
4월,광고주,SAE팀,한울프랜차이즈,34384,"80,783","12,118","2,736","9,382","5,613","3,769"
4월,광고주,CS파트,아트웍스,25449,"70,884","10,633",0,"10,633","5,575","5,058"
4월,광고주,CS파트,이벤트원,52541,"69,948","10,493",0,"10,493","5,502","4,991"
4월,광고주,SAE팀,에셋프라자(프라임에셋),41363,"79,161","11,874",0,"11,874","5,500","6,374"
4월,광고주,CS파트,김경숙출장요리,19398,"69,369","10,406",0,"10,406","5,456","4,950"
4월,광고주,SAE팀,(주)서구대성학원,61166,"77,787","11,668",0,"11,668","5,404","6,264"
4월,광고주,SAE팀,평산테크(다음),55515,"76,738","11,511",0,"11,511","5,332","6,179"
4월,광고주,SAE팀,주아네트웍스,21062,"76,570","11,486",0,"11,486","5,320","6,166"
4월,광고주,CS파트,이삭사다리,50891,"67,404","10,111",0,"10,111","5,302","4,809"
4월,광고주,CS파트,뉴마더맘산후조리원,56620,"66,920","10,038",0,"10,038","5,263","4,775"
4월,광고주,SAE팀,봉캐릭터,46652,"73,340","11,001",0,"11,001","5,095","5,906"
4월,광고주,SAE팀,레이텍,21418,"72,046","10,807",0,"10,807","5,006","5,801"
4월,광고주,CS파트,제이스준우,55915,"63,558","9,534",0,"9,534","4,999","4,535"
4월,광고주,CS파트,(주)아이온커뮤니케이션즈,56191,"61,806","9,271",0,"9,271","4,862","4,409"
4월,광고주,CS파트,미디어사운드랩 음각,58294,"61,696","9,255",0,"9,255","4,852","4,403"
4월,광고주,CS파트,나라전기,22241,"60,772","9,116",0,"9,116","4,780","4,336"
4월,광고주,SAE팀,메트로레지던스,52275,"66,930","10,039",0,"10,039","4,650","5,389"
4월,광고주,CS파트,필어닝,59132,"58,623","8,794",0,"8,794","4,611","4,183"
4월,광고주,CS파트,오일마스터,40472,"57,232","8,585",0,"8,585","4,501","4,084"
4월,광고주,CS파트,태정산업,56205,"56,490","8,474",0,"8,474","4,443","4,031"
4월,광고주,CS파트,베스트데이타,40735,"308,787","8,426",0,"8,426","4,418","4,008"
4월,광고주,CS파트,우진조구,43350,"52,566","7,885",0,"7,885","4,135","3,750"
4월,광고주,CS파트,조호군한의원,28261,"52,232","7,835",0,"7,835","4,108","3,727"
4월,광고주,CS파트,강민근국어논술,58574,"49,096","7,365",0,"7,365","3,862","3,503"
4월,광고주,CS파트,동양라이트,55246,"48,806","7,321",0,"7,321","3,838","3,483"
4월,광고주,SAE팀,제일산업,6804,"54,693","8,204",0,"8,204","3,800","4,404"
4월,광고주,CS파트,범일금고,2516,"47,872","7,181",0,"7,181","3,765","3,416"
4월,광고주,CS파트,인천잉꼬음향(잉꼬노래연습장),7453,"47,546","7,132",0,"7,132","3,740","3,392"
4월,광고주,CS파트,다솜공예,6752,"47,546","7,132",0,"7,132","3,740","3,392"
4월,광고주,SAE팀,해충방역캐치원,59619,"52,294","7,845",0,"7,845","3,634","4,211"
4월,광고주,CS파트,테라스플러스,61041,"46,018","6,903",0,"6,903","3,620","3,283"
4월,광고주,SAE팀,김민주님 라마다울릉호텔 912호,61370,"50,054","7,508",0,"7,508","3,478","4,030"
4월,광고주,CS파트,스토리투어,51349,"44,082","6,612",0,"6,612","3,467","3,145"
4월,광고주,CS파트,마스터이엔씨,36312,"42,300","6,345",0,"6,345","3,328","3,017"
4월,광고주,CS파트,키엘네일,59879,"41,071","6,160",0,"6,160","3,230","2,930"
4월,광고주,CS파트,시골연가네내음,22382,"40,768","6,115",0,"6,115","3,206","2,909"
4월,광고주,CS파트,(주)제이앤피코퍼레이션,41603,"40,195","6,029",0,"6,029","3,161","2,868"
4월,광고주,SAE팀,미래연세치과,60671,"45,114","6,767",0,"6,767","3,134","3,633"
4월,광고주,CS파트,우양산업개발 (주) 힐튼경주지점,57878,"38,068","5,710",0,"5,710","2,994","2,716"
4월,광고주,SAE팀,온뮤직실용음악학원,61096,"42,959","6,444",0,"6,444","2,985","3,459"
4월,광고주,CS파트,화진엠티에스,37885,"37,492","5,625",0,"5,625","2,949","2,676"
4월,광고주,CS파트,세무법인조율 고양지점,59919,"37,494","5,624",0,"5,624","2,949","2,675"
4월,광고주,CS파트,한우리AV,45130,"36,674","5,501",0,"5,501","2,885","2,616"
4월,광고주,CS파트,건강한사람들,49434,"36,288","5,443",0,"5,443","2,854","2,589"
4월,광고주,CS파트,오산한국문화센터(개인),57522,"35,797","5,370",0,"5,370","2,816","2,554"
4월,광고주,CS파트,타라(TARA),59843,"34,887","5,233",0,"5,233","2,745","2,488"
4월,광고주,CS파트,유창금속,52178,"34,438","5,166",0,"5,166","2,709","2,457"
4월,광고주,SAE팀,수도엔터프라이즈,60826,"36,946","5,542",0,"5,542","2,567","2,975"
4월,광고주,SAE팀,퀸아울렛,27161,"36,159","5,424",0,"5,424","2,512","2,912"
4월,광고주,SAE팀,푸른건강식품연구원(웰빙하우스),19638,"35,382","5,307",0,"5,307","2,458","2,849"
4월,광고주,CS파트,아이빅아트센터,60717,"30,021","4,503",0,"4,503","2,362","2,141"
4월,광고주,CS파트,본영사,49013,"29,440","4,416",0,"4,416","2,315","2,101"
4월,광고주,SAE팀,세화,12743,"33,222","4,984",0,"4,984","2,308","2,676"
4월,광고주,CS파트,가온,51701,"28,890","4,334",0,"4,334","2,272","2,062"
4월,광고주,CS파트,월드중고폰&픽스존,58752,"28,659","4,299",0,"4,299","2,255","2,044"
4월,광고주,SAE팀,연세네이처치과의원,56650,"426,060","4,796",0,"4,796","2,221","2,575"
4월,광고주,CS파트,업스포츠,57835,"28,039","4,206",0,"4,206","2,206","2,000"
4월,광고주,CS파트,스마트렌탈,50120,"27,578","4,137",0,"4,137","2,170","1,967"
4월,광고주,CS파트,리본요가(수원점),32008,"26,453","3,968",0,"3,968","2,080","1,888"
4월,광고주,SAE팀,마이홈리빙텔 문정점,22905,"29,584","4,438",0,"4,438","2,056","2,382"
4월,광고주,SAE팀,능이백숙명가,61330,"29,554","4,433",0,"4,433","2,053","2,380"
4월,광고주,CS파트,금모래은모래펜션,53157,"25,233","3,785",0,"3,785","1,985","1,800"
4월,광고주,CS파트,세브란스치과의원,61076,"512,896","3,743",0,"3,743","1,963","1,780"
4월,광고주,SAE팀,뉴영남 부동산,44109,"27,988","4,198",0,"4,198","1,944","2,254"
4월,광고주,SAE팀,엘에스(LS)방전,61213,"27,743","4,162",0,"4,162","1,928","2,234"
4월,광고주,CS파트,케이티티글로벌,47321,"23,839","3,576",0,"3,576","1,874","1,702"
4월,광고주,CS파트,초부리하우스,58751,"23,485","3,523",0,"3,523","1,848","1,675"
4월,광고주,CS파트,지혜아동청소년발달센터 주식회사,61618,"23,397","3,509",0,"3,509","1,839","1,670"
4월,광고주,CS파트,복주는세상(복어세상),30624,"22,393","3,359",0,"3,359","1,762","1,597"
4월,광고주,CS파트,대하테크,41296,"21,768","3,265",0,"3,265","1,712","1,553"
4월,광고주,SAE팀,온세led,40789,"22,960","3,444",0,"3,444","1,595","1,849"
4월,광고주,CS파트,이선생,60319,"19,784","2,968",0,"2,968","1,555","1,413"
4월,광고주,CS파트,다산정공,42591,"19,763","2,965",0,"2,965","1,554","1,411"
4월,광고주,CS파트,펌프킨,43075,"19,667","2,950",0,"2,950","1,547","1,403"
4월,광고주,CS파트,도촌모터스,58181,"18,325","2,749",0,"2,749","1,441","1,308"
4월,광고주,CS파트,파출사랑,59024,"17,857","2,678",0,"2,678","1,405","1,273"
4월,광고주,CS파트,엑셀위스,35085,"17,650","2,648",0,"2,648","1,389","1,259"
4월,광고주,CS파트,(주)피엠씨엔지니어링,58707,"17,214","2,583",0,"2,583","1,356","1,227"
4월,광고주,CS파트,현덕산업기술,3221,"17,192","2,579",0,"2,579","1,353","1,226"
4월,광고주,운영실2팀 (주규철),예손병원,58507,"28,440","4,266",0,"4,266","1,320","2,946"
4월,광고주,CS파트,(주)쓰리에이엔지니어링,57872,"16,697","2,505",0,"2,505","1,313","1,192"
4월,광고주,광고사업3본부2실5팀 (최서희),주안전기공사인력,59586,"45,590","6,839",0,"6,839","1,309","5,530"
4월,광고주,CS파트,거산21컨테이너,32117,"16,006","2,401",0,"2,401","1,259","1,142"
4월,광고주,CS파트,에프에이온,61359,"15,960","2,394",0,"2,394","1,255","1,139"
4월,광고주,CS파트,동국섬유,58649,"15,513","2,327",0,"2,327","1,221","1,106"
4월,광고주,CS파트,디아이에프(DIF)무용원,61523,"18,554","2,313",0,"2,313","1,214","1,099"
4월,광고주,SAE팀,햇살가득농장펜션,44740,"17,397","2,610",0,"2,610","1,209","1,401"
4월,광고주,CS파트,민현악기,50804,"14,595","2,189",0,"2,189","1,147","1,042"
4월,광고주,CS파트,이브아유르,43509,"13,556","2,034",0,"2,034","1,066",968
4월,광고주,CS파트,주식회사 티아이,58441,"13,501","2,025",0,"2,025","1,062",963
4월,광고주,CS파트,양전자시스템,55347,"13,456","2,019",0,"2,019","1,059",960
4월,광고주,SAE팀,델타콘도비,51904,"15,060","2,259",0,"2,259","1,046","1,213"
4월,광고주,CS파트,주식회사 비달사순아카데미한국공식,60092,"13,132","1,970",0,"1,970","1,033",937
4월,광고주,CS파트,건강한세상앞선치과병원,39109,"13,085","1,963",0,"1,963","1,028",935
4월,광고주,CS파트,장호이미자펜션,57459,"13,039","1,956",0,"1,956","1,025",931
4월,광고주,CS파트,대진종합유통,42823,"12,873","1,931",0,"1,931","1,012",919
4월,광고주,CS파트,가이드인쇄,49003,"12,248","1,838",0,"1,838",964,874
4월,광고주,CS파트,경광카본,30740,"12,058","1,809",0,"1,809",949,860
4월,광고주,CS파트,주식회사 파라바이오,61154,"11,747","1,762",0,"1,762",924,838
4월,광고주,SAE팀,해건한의원,35420,"13,286","1,993",0,"1,993",923,"1,070"
4월,광고주,SAE팀,리즌카,54154,"13,032","1,955",0,"1,955",906,"1,049"
4월,광고주,CS파트,신우전기제조(주),18518,"11,339","1,701",0,"1,701",892,809
4월,광고주,SAE팀,에코스,45916,"12,552","1,883",0,"1,883",872,"1,011"
4월,광고주,CS파트,해인가든산장,56553,"10,719","1,607",0,"1,607",843,764
4월,광고주,CS파트,릴수리닷컴,61030,"10,054","1,508",0,"1,508",791,717
4월,광고주,SAE팀,주식회사 비비다컴,60994,"10,875","1,631",0,"1,631",755,876
4월,광고주,CS파트,일광공구공업,40219,"9,236","1,386",0,"1,386",727,659
4월,광고주,CS파트,더 플렌티,60055,"9,194","1,379",0,"1,379",723,656
4월,광고주,CS파트,벌룬데코(파티아나),38254,"9,093","1,364",0,"1,364",716,648
4월,광고주,CS파트,리디아,40673,"8,960","1,344",0,"1,344",705,639
4월,광고주,운영실1팀 (박유종),주식회사 동양디엔피,57125,"12,470","1,871",0,"1,871",695,"1,176"
4월,광고주,CS파트,CA(씨에이),38489,"7,931","1,189",0,"1,189",622,567
4월,광고주,CS파트,쓰리에스씨,28580,"7,910","1,186",0,"1,186",621,565
4월,광고주,CS파트,한미르학원 주식회사,59362,"7,745","1,162",0,"1,162",609,553
4월,광고주,SAE팀,(주)대우컨테이너,57046,"8,581","1,287",0,"1,287",596,691
4월,광고주,SAE팀,아이엠피티,30861,"8,040","1,206",0,"1,206",559,647
4월,광고주,CS파트,텔스콤,41977,"6,969","1,045",0,"1,045",548,497
4월,광고주,CS파트,전주스쿠버,50202,"6,741","1,011",0,"1,011",530,481
4월,광고주,SAE팀,돈우구이,61326,"7,332","1,100",0,"1,100",509,591
4월,광고주,CS파트,청운검정고시학원,12098,"6,327",949,0,949,497,452
4월,광고주,광고사업3본부2실,주식회사 커넥트온,58968,"19,596","2,940",0,"2,940",488,"2,452"
4월,광고주,SAE팀,(CW)디테일링 부산명지점,61545,"6,842","1,027",0,"1,027",476,551
4월,광고주,SAE팀,아쉬탕가요가센터,30072,"6,618",993,0,993,460,533
4월,광고주,CS파트,창성적재함,51072,"5,468",820,0,820,430,390
4월,광고주,CS파트,공감이 있는 공간,59709,"5,452",818,0,818,429,389
4월,광고주,광고사업3본부2실6팀 (조정훈),주식회사 커리어게이트,60452,"12,225","1,834",0,"1,834",429,"1,405"
4월,광고주,CS파트,(주)태흥,7468,"5,421",813,0,813,426,387
4월,광고주,CS파트,켐플러스,13118,"5,326",799,0,799,419,380
4월,광고주,CS파트,한희피부과,51321,"5,240",786,0,786,412,374
4월,광고주,CS파트,(주)코스턴,19689,"4,960",744,0,744,391,353
4월,광고주,SAE팀,하나아이엔티,21086,"5,580",837,0,837,388,449
4월,광고주,SAE팀,앵마켓,61423,"5,474",821,0,821,380,441
4월,광고주,CS파트,모든오피스,36254,"4,670",701,0,701,368,333
4월,광고주,CS파트,동진과학,41861,"4,330",650,0,650,341,309
4월,광고주,SAE팀,에이틴,59033,"4,805",720,0,720,333,387
4월,광고주,SAE팀,명성한의원,6778,"4,748",712,0,712,330,382
4월,광고주,운영실2팀 (주규철),주식회사 스틱스앤스톤스,58623,"6,561",984,0,984,305,679
4월,광고주,광고사업1본부2실1팀 (추성호),도움부동산중개,60001,"8,536","1,280",0,"1,280",290,990
4월,광고주,CS파트,횡성한우백화점,41536,"3,640",546,0,546,286,260
4월,광고주,SAE팀,주식회사 비티몰(브라이튼몰),25159,"3,870",581,0,581,269,312
4월,광고주,CS파트,서울역 윌치과,41178,"3,284",492,0,492,259,233
4월,광고주,CS파트,신생공업,52094,"3,241",486,0,486,255,231
4월,광고주,CS파트,고운이라인치과,41297,"3,176",476,0,476,250,226
4월,광고주,CS파트,바다림영어조합법인(바지락공장),59168,"3,150",473,0,473,249,224
4월,광고주,SAE팀,대우스토리지,57090,"3,122",468,0,468,217,251
4월,광고주,CS파트,주식회사 케이에이치오토,60361,"2,736",411,0,411,216,195
4월,광고주,SAE팀,(주)밀양한천,59739,"3,000",450,0,450,208,242
4월,광고주,CS파트,주식회사 하비스,59965,"2,575",386,0,386,201,185
4월,광고주,SAE팀,비토섬마린블루펜션,61252,"2,627",394,0,394,182,212
4월,광고주,SAE팀,코비코,57317,"2,544",382,0,382,177,205
4월,광고주,CS파트,아키라인,34634,"2,190",329,0,329,172,157
4월,광고주,SAE팀,레디션,60911,"2,370",356,0,356,165,191
4월,광고주,CS파트,신한과학(주),52344,"2,030",305,0,305,160,145
4월,광고주,SAE팀,주식회사 담은푸드,60819,"2,221",333,0,333,154,179
4월,광고주,CS파트,피에스시스템,54815,"1,936",291,0,291,153,138
4월,광고주,CS파트,동광테크,60099,"1,650",248,0,248,129,119
4월,광고주,CS파트,시그마소프트,40112,"1,631",245,0,245,128,117
4월,광고주,SAE팀,(주)최고식품,60668,"1,639",247,0,247,114,133
4월,광고주,CS파트,(주)제이앤디테크,41980,"1,274",191,0,191,101,90
4월,광고주,CS파트,아이앤텍,45364,"1,248",187,0,187,99,88
4월,광고주,CS파트,소망녹취속기사무소,37892,"1,241",186,0,186,98,88
4월,광고주,CS파트,대관령품안에펜션,15733,902,135,0,135,71,64
4월,광고주,운영실,영상교육미디어,3190,"2,201",331,0,331,61,270
4월,광고주,SAE팀,턴잇인코리아 유한회사,57308,860,129,0,129,60,69
4월,광고주,CS파트,js교육,47687,770,116,0,116,59,57
4월,광고주,CS파트,세광기업,46875,700,105,0,105,55,50
4월,광고주,CS파트,나무판때기,46009,700,105,0,105,55,50
4월,광고주,CS파트,프로리더,35538,660,99,0,99,52,47
4월,광고주,CS파트,성우오토텍(주),58632,650,98,0,98,51,47
4월,광고주,SAE팀,소프트하모니 인터내셔널,53179,620,93,0,93,43,50
4월,광고주,CS파트,상록지붕방수,48676,500,75,0,75,38,37
4월,광고주,CS파트,부영목재포장,24938,454,68,0,68,35,33
4월,광고주,CS파트,주식회사 제이제이쥬얼리,59341,422,64,0,64,34,30
4월,광고주,CS파트,덕현리촌장 전원펜션,43020,412,62,0,62,32,30
4월,광고주,CS파트,싱글하우스 한성대점,27655,380,57,0,57,30,27
4월,광고주,CS파트,세양기계,57071,373,56,0,56,29,27
4월,광고주,CS파트,남한강레포츠,43868,350,53,0,53,28,25
4월,광고주,CS파트,광명고주파전기,36890,290,44,0,44,23,21
4월,광고주,CS파트,인포라인,44191,"167,937",42,0,42,21,21
4월,광고주,CS파트,세종이화발레학원,50736,260,39,0,39,20,19
4월,광고주,CS파트,주식회사 휴리스,60628,230,35,0,35,18,17
4월,광고주,SAE팀,온뮤직실용음악강서학원,54363,243,37,0,37,17,20
4월,광고주,CS파트,화성고등학교,44076,206,31,0,31,17,14
4월,광고주,SAE팀,플로스앤가든,61300,210,32,0,32,15,17
4월,광고주,CS파트,에스티라이트,28002,140,21,0,21,11,10
4월,광고주,CS파트,우리컴(우리파츠),41552,140,21,0,21,11,10
4월,광고주,CS파트,한국욕실공사,56597,147,22,0,22,11,11
4월,광고주,SAE팀,파인애플 피티엘,60721,140,21,0,21,10,11
4월,광고주,CS파트,수원동아앵글,688,70,11,0,11,6,5
4월,광고주,SAE팀,소호리빙텔 면목점,19440,70,11,0,11,5,6
4월,광고주,광고사업1본부,갤럭시텔,50836,603,91,0,91,0,91
4월,광고주,광고사업1본부,비품플러스,51403,"9,641","1,446",0,"1,446",0,"1,446"
4월,광고주,SAE팀,케이비에스미디어주식회사,30936,"-24,260","-3,639",0,"-3,639",0,"-3,639"
4월,광고주,SAE팀,리빙캐슬 인덕원점,39362,-705,-105,0,-105,0,-105
4월,광고주,SAE팀,1945김근치과의원,58911,-350,-52,0,-52,0,-52
4월,광고주,SAE팀,가은에어컨,60719,-70,-10,0,-10,0,-10
4월,광고주,SAE팀,내곡웰치과의원,60727,"3,150",0,0,0,0,0
4월,광고주,SAE팀,서울이웰치과의원,57173,"59,925",0,0,0,0,0
4월,광고주,SAE팀,플란트,60740,"293,586",0,0,0,0,0
4월,광고주,SAE팀,금성관 나주곰탕,60710,"751,706",0,0,0,0,0
4월,광고주,HRD팀,마스터피스,60431,"68,389","10,259",0,"10,259",0,"10,259"
4월,광고주,(202301) 채널팀,신한네트워크,44135,867,131,0,131,0,131
4월,광고주,미디어채널팀,(주)중앙애드넷아이엔씨,60991,"2,396,339",0,0,0,0,0
4월,광고주,미디어채널팀,(주)아이디어키,60932,"12,340,128","200,356","160,283","40,073",0,"40,073"
4월,광고주,미디어채널팀,주식회사 디포캐스트,60918,"94,273,648","1,508,663","1,206,926","301,737",0,"301,737"
4월,광고주,미디어채널팀,(주) 에이엠피엠글로벌,61266,"94,728,558","4,341,675","3,473,339","868,336",0,"868,336"
4월,광고주,미디어채널팀,주식회사 코마스인터렉티브,61012,"101,773,310","6,215,145","5,522,994","692,151",0,"692,151"
4월,광고주,미디어채널팀,주식회사 지니앤솔루션,61055,"874,804,621","40,496,681","32,397,329","8,099,352",0,"8,099,352"
4월,광고주,미디어채널팀,주식회사 아이지에이웍스,61230,"1,115,855,299","15,638,613","14,076,172","1,562,441",0,"1,562,441"
4월,광고주,미디어채널팀,주식회사 드림인사이트,60015,"2,038,231,336","64,544,229","60,377,718","4,166,511",0,"4,166,511"
4월,광고주,CS파트,ACA 강남,60806,-810,-121,0,-121,0,-121
4월,광고주,CS파트,전주하수구,57552,-560,-84,0,-84,0,-84
4월,광고주,CS파트,김길진 커피 랩,59568,-550,-82,0,-82,0,-82
4월,광고주,CS파트,(주)토스뱅크,60791,-331,-50,0,-50,0,-50
4월,광고주,CS파트,(주)케이에스엔,26945,-229,-34,0,-34,0,-34
4월,광고주,CS파트,김해가야전산회계학원,28049,"2,581",0,0,0,0,0
5월,광고주,광고사업3본부1실3팀 (이유진),(주)지에스리테일 홈쇼핑,61258,"1,079,910,763","140,556,527","166,770","140,389,757","87,543,781","52,845,976"
5월,광고주,광고사업3본부1실2팀 (조학성),십일번가 주식회사,60976,"1,730,141,310","98,381,572","9,360,164","89,021,408","78,497,924","10,523,484"
5월,광고주,광고사업1본부2실6팀 (이상우),씨제이 제일제당(주),42154,"1,460,082,709","197,715,852","37,980,561","159,735,291","74,578,708","85,156,583"
5월,광고주,광고사업1본부2실1팀 (추성호),라이나생명보험(주),61571,"1,333,538,505","186,956,828","121,891,034","65,065,794","71,877,669","-6,811,875"
5월,광고주,광고사업2본부1실3팀 (장채은),주식회사 에이피알,58263,"1,154,980,181","163,540,608","39,637,928","123,902,680","67,376,109","56,526,571"
5월,광고주,광고사업3본부1실3팀 (이유진),(주)종근당,60913,"546,095,268","81,935,222","2,308,727","79,626,495","66,197,062","13,429,433"
5월,광고주,광고사업2본부1실6팀 (이승화),(주)코스알엑스,61268,"977,836,429","77,546,039",0,"77,546,039","63,167,446","14,378,593"
5월,광고주,광고사업3본부2실6팀 (조정훈),씨제이올리브영 주식회사,59875,"483,389,276","72,508,395","1,599,372","70,909,023","55,007,468","15,901,555"
5월,광고주,광고사업3본부2실4팀 (조다솜),이니스프리,57802,"653,410,809","89,436,630","6,316,707","83,119,923","54,663,902","28,456,021"
5월,광고주,광고사업2본부3실4팀 (이세나),네슬레코리아 유한책임회사,60374,"411,221,201","59,936,549","195,565","59,740,984","47,315,726","12,425,258"
5월,광고주,광고사업1본부1실4팀 (유승연),주식회사 버킷플레이스,61240,"435,659,650","41,752,271","9,399,659","32,352,612","47,293,505","-14,940,893"
5월,광고주,광고사업2본부3실7팀 (김가희),SK매직(주),58368,"253,885,333","47,117,218","2,516,635","44,600,583","34,399,720","10,200,863"
5월,광고주,광고사업3본부1실1팀 (강기민),(주)지에스리테일 홈쇼핑,61393,"497,284,237","74,592,638",0,"74,592,638","33,295,591","41,297,047"
5월,광고주,광고사업1본부2실7팀 (주낙규),라이나생명보험(주)_CM,61572,"376,337,119","52,988,001","13,108,966","39,879,035","31,897,467","7,981,568"
5월,광고주,광고사업1본부2실5팀 (조정현),엘지전자(주),56076,"413,930,561","58,516,723","19,008,146","39,508,577","31,439,656","8,068,921"
5월,광고주,광고사업3본부1실1팀 (강기민),에스케이렌터카 주식회사,61386,"197,889,788","25,720,037","699,139","25,020,898","27,428,066","-2,407,168"
5월,광고주,광고사업1본부1실4팀 (유승연),주식회사 버킷플레이스,60029,"240,001,533","36,000,230","10,909,161","25,091,069","26,575,835","-1,484,766"
5월,광고주,광고사업2본부1실1팀 (구준수),주식회사 지누스,59244,"265,106,305","41,186,117",0,"41,186,117","24,539,092","16,647,025"
5월,광고주,광고사업2본부2실8팀 (서성민),(주) 블랙야크,61217,"240,348,080","37,648,277","758,992","36,889,285","24,384,640","12,504,645"
5월,광고주,광고사업2본부3실7팀 (김가희),(주)유닛블랙,61357,"562,888,134","72,304,821","264,367","72,040,454","22,914,474","49,125,980"
5월,광고주,광고사업1본부2실1팀 (추성호),씨제이제일제당(주)_브랜드스토어,61407,"264,371,273","35,593,619","7,783,866","27,809,753","21,808,852","6,000,901"
5월,광고주,광고사업1본부1실3팀 (박지연),주식회사 밀도,61538,"394,525,933","59,444,303","18,247,222","41,197,081","21,370,182","19,826,899"
5월,광고주,광고사업3본부1실3팀 (이유진),데상트코리아주식회사,57085,"171,059,363","25,637,497",0,"25,637,497","20,825,198","4,812,299"
5월,광고주,광고사업3본부2실5팀 (최서희),(주)카버코리아,61589,"208,940,091","32,360,559","74,328","32,286,231","19,890,541","12,395,690"
5월,광고주,광고사업1본부1실2팀 (이남준),(주)엘지생활건강,60649,"183,083,741","27,927,561","4,171,548","23,756,013","19,483,224","4,272,789"
5월,광고주,광고사업1본부1실4팀 (유승연),(주)엘지생활건강,61183,"138,049,275","24,730,717","1,733,480","22,997,237","16,727,406","6,269,831"
5월,광고주,광고사업3본부2실5팀 (최서희),크린토피아,58344,"235,941,408","34,534,511",0,"34,534,511","14,491,215","20,043,296"
5월,광고주,광고사업2본부2실5팀 (최소영),(주)코앤컴,61062,"229,009,536","30,704,676","5,336,762","25,367,914","14,056,384","11,311,530"
5월,광고주,광고사업2본부2실5팀 (최소영),코튼클럽,61061,"36,168,345","4,374,142","848,520","3,525,622","13,878,240","-10,352,618"
5월,광고주,광고사업3본부2실6팀 (조정훈),(주)하이라이트브랜즈,61315,"144,241,348","20,591,603","1,148,004","19,443,599","13,568,936","5,874,663"
5월,광고주,광고사업1본부1실2팀 (이남준),(주)엘지생활건강,61419,"102,076,266","14,021,006","1,585,733","12,435,273","12,761,837","-326,564"
5월,광고주,광고사업1본부1실4팀 (유승연),(주)엘지생활건강,61640,"130,965,915","20,886,578",0,"20,886,578","12,382,763","8,503,815"
5월,광고주,광고사업2본부1실1팀 (구준수),스토어허브코리아 주식회사,61159,"83,020,331","12,217,943","391,707","11,826,236","11,733,487","92,749"
5월,광고주,광고사업1본부1실3팀 (박지연),(주)엘지생활건강,61194,"119,807,083","18,203,107","3,516,595","14,686,512","11,502,924","3,183,588"
5월,광고주,광고사업2본부3실4팀 (이세나),청호나이스(주),61529,"142,873,736","19,911,098",0,"19,911,098","11,098,338","8,812,760"
5월,광고주,광고사업2본부2실8팀 (서성민),(주)챔프스터디,60107,"96,228,289","12,154,581",0,"12,154,581","11,010,113","1,144,468"
5월,광고주,운영실2팀 (주규철),무인양품(주),61152,"115,644,998","16,736,623",0,"16,736,623","10,652,188","6,084,435"
5월,광고주,광고사업2본부2실8팀 (서성민),(주)챔프스터디,60340,"102,839,081","12,587,064",0,"12,587,064","10,347,076","2,239,988"
5월,광고주,운영실2팀 (주규철),(주)베네통코리아,50655,"102,193,187","15,239,378","577,723","14,661,655","9,800,699","4,860,956"
5월,광고주,광고사업2본부1실6팀 (이승화),(주)마녀공장,61421,"258,555,551","20,606,763",0,"20,606,763","9,703,515","10,903,248"
5월,광고주,운영실1팀 (박유종),(주)경남제약,61219,"75,751,310","11,152,991","1,113,482","10,039,509","9,191,325","848,184"
5월,광고주,광고사업2본부3실7팀 (김가희),(주)에스제이그룹,54521,"110,224,363","15,860,070","1,875,986","13,984,084","8,882,471","5,101,613"
5월,광고주,운영실2팀 (주규철),(주)아모레퍼시픽,61263,"110,893,758","17,298,053","545,775","16,752,278","8,079,173","8,673,105"
5월,광고주,운영실2팀 (주규철),(주)유한건강생활,61026,"88,486,928","11,275,013","555,765","10,719,248","7,558,936","3,160,312"
5월,광고주,광고사업2본부2실5팀 (최소영),미트리,61271,"37,223,176","6,300,049",0,"6,300,049","5,995,248","304,801"
5월,광고주,운영실2팀 (주규철),주식회사 비케이브,61003,"40,895,869","5,330,574","355,729","4,974,845","5,183,519","-208,674"
5월,광고주,광고사업1본부1실3팀 (박지연),(주)엘지생활건강,61632,"7,368,870","1,183,087","183,959","999,128","5,040,658","-4,041,530"
5월,광고주,운영실1팀 (박유종),(주)한국경제티브이,59916,"39,838,876","6,437,395","173,043","6,264,352","4,916,980","1,347,372"
5월,광고주,운영실2팀 (주규철),슬로우베드,61255,"39,517,427","5,928,897","360,271","5,568,626","4,811,974","756,652"
5월,광고주,광고사업1본부1실3팀 (박지연),(주)엘지생활건강,61641,"33,247,725","5,460,141",0,"5,460,141","4,627,593","832,548"
5월,광고주,광고사업1본부1실3팀 (박지연),(주)엘지생활건강,61638,"47,533,622","7,822,148",0,"7,822,148","4,474,279","3,347,869"
5월,광고주,광고사업2본부2실8팀 (서성민),(주)교암,60343,"33,856,487","4,608,391",0,"4,608,391","4,424,915","183,476"
5월,광고주,운영실2팀 (주규철),네파(주),51158,"41,767,477","7,033,555","407,933","6,625,622","4,386,012","2,239,610"
5월,광고주,운영실1팀 (박유종),국민이주,33951,"46,724,892","8,660,223","522,854","8,137,369","4,177,170","3,960,199"
5월,광고주,광고사업1본부1실3팀 (박지연),(주)엘지생활건강,61639,"45,991,544","7,762,671",0,"7,762,671","4,141,679","3,620,992"
5월,광고주,운영실1팀 (박유종),주식회사 로즈베이,54500,"37,326,019","5,410,761",0,"5,410,761","4,063,459","1,347,302"
5월,광고주,광고사업1본부1실2팀 (이남준),주식회사 버킷플레이스,61653,"9,797,563","1,469,634","288,431","1,181,203","3,951,143","-2,769,940"
5월,광고주,운영실1팀 (박유종),주식회사 비케이브,61070,"41,158,211","5,906,572","400,974","5,505,598","3,800,407","1,705,191"
5월,광고주,운영실1팀 (박유종),(주)브랜드홀더,60865,"32,090,157","4,251,027",0,"4,251,027","3,738,351","512,676"
5월,광고주,광고사업3본부1실2팀 (조학성),(주)코스트코코리아,58028,"106,236,707","15,935,506",0,"15,935,506","3,535,759","12,399,747"
5월,광고주,광고사업2본부1실1팀 (구준수),주식회사 코스모앤컴퍼니,61524,"15,250,288","1,809,387","73,775","1,735,612","3,488,927","-1,753,315"
5월,광고주,광고사업1본부1실2팀 (이남준),(주)가나,59810,"96,396,434","12,757,022",0,"12,757,022","3,433,930","9,323,092"
5월,광고주,광고사업2본부3실7팀 (김가희),에스제이키즈,59114,"28,333,665","4,048,875","348,033","3,700,842","3,370,322","330,520"
5월,광고주,광고사업2본부2실5팀 (최소영),비에스투코리아(주),61063,"34,266,648","4,729,937","1,483,798","3,246,139","3,296,098","-49,959"
5월,광고주,운영실2팀 (주규철),주식회사 넘버링,61186,"33,559,816","3,758,337",0,"3,758,337","3,285,480","472,857"
5월,광고주,광고사업2본부1실1팀 (구준수),게스홀딩스코리아유한회사,34987,"81,223,161","9,198,499",0,"9,198,499","3,055,643","6,142,856"
5월,광고주,광고사업2본부2실5팀 (최소영),(주)코데즈컴바인,61613,0,0,0,0,"2,836,684","-2,836,684"
5월,광고주,광고사업2본부2실8팀 (서성민),(주)위더스교육,60341,"29,279,299","4,059,372",0,"4,059,372","2,818,395","1,240,977"
5월,광고주,운영실2팀 (주규철),(사)홀트아동복지회,2886,"28,453,700","4,279,619","177,668","4,101,951","2,718,713","1,383,238"
5월,광고주,광고사업2본부2실5팀 (최소영),(주)롯데하이마트,61687,0,0,0,0,"2,626,973","-2,626,973"
5월,광고주,운영실1팀 (박유종),생기가득 한방병원,61253,"14,544,873","2,216,275",0,"2,216,275","2,578,177","-361,902"
5월,광고주,광고사업1본부1실3팀 (박지연),(주)엘지생활건강,61536,"43,964,503","6,594,675","367,683","6,226,992","2,177,805","4,049,187"
5월,광고주,운영실2팀 (주규철),(주)파크랜드,32403,"32,046,251","5,501,511",0,"5,501,511","2,154,375","3,347,136"
5월,광고주,운영실2팀 (주규철),"주식회사 아크메드라비(acme de lavie Co.,ltd.)",61120,"-1,557,853","625,293","32,570","592,723","1,965,466","-1,372,743"
5월,광고주,광고사업3본부2실5팀 (최서희),라인프렌즈스퀘어 주식회사,61329,"39,860,665","5,770,271","331,441","5,438,830","1,915,676","3,523,154"
5월,광고주,운영실1팀 (박유종),주식회사 고차원,61207,"13,631,214","2,044,682",0,"2,044,682","1,843,267","201,415"
5월,광고주,운영실1팀 (박유종),주식회사 당근마켓,60663,"7,244,048","1,871,211",0,"1,871,211","1,806,858","64,353"
5월,광고주,광고사업1본부1실3팀 (박지연),밝은눈안과,57599,"45,447,967","6,839,924",0,"6,839,924","1,768,609","5,071,315"
5월,광고주,운영실1팀 (박유종),법무법인 새움,61243,"22,743,523","3,227,461",0,"3,227,461","1,750,564","1,476,897"
5월,광고주,SAE팀,주식회사 큐앤드비인터내셔날,61376,"25,264,327","3,789,650",0,"3,789,650","1,712,374","2,077,276"
5월,광고주,SAE팀,주식회사 수나비,59654,"24,390,738","3,615,151",0,"3,615,151","1,633,526","1,981,625"
5월,광고주,운영실1팀 (박유종),보자기코리아,53368,"17,319,267","2,097,985",0,"2,097,985","1,516,986","580,999"
5월,광고주,운영실1팀 (박유종),(주) 마하니트,61225,"8,641,437","1,146,819",0,"1,146,819","1,467,816","-320,997"
5월,광고주,운영실2팀 (주규철),주식회사 같은온도,60645,"17,153,953","3,430,791",0,"3,430,791","1,364,417","2,066,374"
5월,광고주,운영실2팀 (주규철),주식회사 케어닥,60883,"10,875,530","2,069,438","38,509","2,030,929","1,288,232","742,697"
5월,광고주,운영실1팀 (박유종),(주) 비즈폼,577,"8,648,414","1,297,262",0,"1,297,262","1,270,275","26,987"
5월,광고주,운영실1팀 (박유종),(주)비엔에프통상,60987,"9,406,342","1,531,426",0,"1,531,426","1,175,883","355,543"
5월,광고주,운영실2팀 (주규철),주식회사 릴리브랩,61161,"4,003,417","525,143",0,"525,143","1,166,536","-641,393"
5월,광고주,운영실2팀 (주규철),(주)지인터내셔날,56828,"14,870,000","2,230,500",0,"2,230,500","1,026,811","1,203,689"
5월,광고주,SAE팀,주식회사 알티스트,61201,"12,583,532","1,977,455","64,831","1,912,624","893,524","1,019,100"
5월,광고주,운영실1팀 (박유종),(주) 비엔에프통상,60186,"8,806,667","1,361,000",0,"1,361,000","827,932","533,068"
5월,광고주,운영실1팀 (박유종),강남세란의원,61691,"11,471,525","1,720,730",0,"1,720,730","770,159","950,571"
5월,광고주,운영실1팀 (박유종),강남세란의원,58078,"120,000",0,0,0,"740,659","-740,659"
5월,광고주,운영실1팀 (박유종),(주)코엔코,57939,"5,537,661","830,649",0,"830,649","730,293","100,356"
5월,광고주,운영실2팀 (주규철),주식회사 케이비엔,61199,"390,584","58,587",0,"58,587","707,721","-649,134"
5월,광고주,SAE팀,주식회사 출력홀딩스,55786,"9,590,914","1,438,637",0,"1,438,637","650,056","788,581"
5월,광고주,SAE팀,보드포인트,1149,"9,716,330","1,437,924","12,500","1,425,424","649,734","775,690"
5월,광고주,운영실1팀 (박유종),(주)사옹원,56766,"3,951,448","632,717",0,"632,717","638,166","-5,449"
5월,광고주,CS파트,라이즈(Rise),58201,"7,463,104","1,119,466",0,"1,119,466","602,352","517,114"
5월,광고주,운영실2팀 (주규철),엔구코리아 주식회사,58581,0,"1,575,355",0,"1,575,355","601,740","973,615"
5월,광고주,CS파트,골드마켓,61358,"6,710,764","1,006,614",0,"1,006,614","541,630","464,984"
5월,광고주,SAE팀,주식회사 노랑풍선시티버스,59542,"7,856,577","1,178,486",0,"1,178,486","532,505","645,981"
5월,광고주,광고사업3본부2실4팀 (조다솜),(주)아모레퍼시픽,60751,0,0,0,0,"513,146","-513,146"
5월,광고주,운영실2팀 (주규철),(주)앨리앤코,56591,"5,938,238","890,736",0,"890,736","467,927","422,809"
5월,광고주,운영실1팀 (박유종),주식회사 대현엠앤비,61209,"4,862,372","729,356",0,"729,356","441,245","288,111"
5월,광고주,SAE팀,파인크로스 주식회사,61411,"6,448,924","967,339",0,"967,339","437,097","530,242"
5월,광고주,운영실1팀 (박유종),주식회사 플레이스앤,60850,"1,819,490","251,661",0,"251,661","433,714","-182,053"
5월,광고주,CS파트,(주)제일엠아이,21542,"4,089,617","731,629",0,"731,629","393,667","337,962"
5월,광고주,SAE팀,라쿤커머스,60801,"5,742,157","861,323",0,"861,323","389,194","472,129"
5월,광고주,운영실2팀 (주규철),(주)아모레퍼시픽,60271,"2,868,040","430,206",0,"430,206","351,853","78,353"
5월,광고주,광고사업1본부1실3팀 (박지연),(주)엘지생활건강,61090,"686,840","528,026",0,"528,026","341,530","186,496"
5월,광고주,운영실2팀 (주규철),포스테스,61528,"724,598","26,972",0,"26,972","329,733","-302,761"
5월,광고주,운영실2팀 (주규철),(주)고래사,58161,"2,430,787","347,450",0,"347,450","321,739","25,711"
5월,광고주,SAE팀,중소기업정책자금지원센터주식회사,58412,"4,695,158","704,274",0,"704,274","318,230","386,044"
5월,광고주,운영실1팀 (박유종),닥터스웰 주식회사,61601,"67,741","10,161",0,"10,161","312,379","-302,218"
5월,광고주,운영실1팀 (박유종),주식회사 케익드라마,60837,"1,838,343","275,751",0,"275,751","306,962","-31,211"
5월,광고주,SAE팀,수원모던실용음악학원,44389,"3,983,850","676,703",0,"676,703","305,772","370,931"
5월,광고주,SAE팀,한국플루크,57850,"4,413,551","662,033",0,"662,033","299,143","362,890"
5월,광고주,SAE팀,(주)동양테크툴,11053,"4,237,714","635,657",0,"635,657","287,225","348,432"
5월,광고주,SAE팀,주식회사 딜사이트티브이,61349,"4,184,031","627,605",0,"627,605","283,587","344,018"
5월,광고주,CS파트,(주)성보하이드로 엔지니어링,2255,"3,270,162","517,535",0,"517,535","278,470","239,065"
5월,광고주,SAE팀,임팩트비뇨기과의원,46817,"6,997,532","609,151","2,500","606,651","275,248","331,403"
5월,광고주,CS파트,하나서울안과의원,42986,"3,403,877","510,581",0,"510,581","274,729","235,852"
5월,광고주,운영실2팀 (주규철),(재)서울디자인재단 서울디자인창업센터,61144,"2,482,373","469,049","50,034","419,015","272,106","146,909"
5월,광고주,운영실1팀 (박유종),산스,61679,0,"16,302",0,"16,302","265,413","-249,111"
5월,광고주,SAE팀,(주)의식주컴퍼니,61211,"3,793,415","569,013",0,"569,013","257,112","311,901"
5월,광고주,SAE팀,주식회사 아이스칸,61344,"3,682,525","552,378",0,"552,378","249,595","302,783"
5월,광고주,광고사업3본부2실6팀 (조정훈),(주)하이라이트뷰티스,61317,"4,936,124","636,994","65,481","571,513","242,777","328,736"
5월,광고주,운영실1팀 (박유종),킨키,61549,"2,500,389","473,269",0,"473,269","242,530","230,739"
5월,광고주,광고사업2본부2실5팀 (최소영),라가르데르엑티브엔터프라이즈코리아 유한회사,61366,"7,855,605","785,561",0,"785,561","241,020","544,541"
5월,광고주,CS파트,(주)우림엠에스,59931,"2,884,794","432,719",0,"432,719","232,834","199,885"
5월,광고주,SAE팀,(주)다원솔루텍,61684,"3,332,785","500,067",0,"500,067","225,958","274,109"
5월,광고주,광고사업1본부1실3팀 (박지연),(주)엘지생활건강,61158,"411,577","61,737",0,"61,737","220,504","-158,767"
5월,광고주,CS파트,히오키코리아 주식회사,58786,"2,524,298","401,025",0,"401,025","215,780","185,245"
5월,광고주,CS파트,(주)도래샘,60735,"2,511,340","399,252",0,"399,252","214,826","184,426"
5월,광고주,운영실2팀 (주규철),주식회사 우아한형제들,61056,"1,240,000","186,000",0,"186,000","210,103","-24,103"
5월,광고주,SAE팀,루쏘소에프앤에프,49422,"2,668,485","431,421","18,356","413,065","194,940","218,125"
5월,광고주,CS파트,써모피셔사이언티픽코리아,61112,"2,286,816","343,023",0,"343,023","184,571","158,452"
5월,광고주,SAE팀,보리움 법률사무소,59371,"3,262,115","383,312","45,000","338,312","173,202","165,110"
5월,광고주,SAE팀,주식회사 더벗,57763,"3,437,655","381,728",0,"381,728","172,486","209,242"
5월,광고주,SAE팀,주식회사 팜므 (PAM inc.),59000,"2,492,273","373,841",0,"373,841","168,922","204,919"
5월,광고주,SAE팀,새항운병원,45725,"2,487,743","373,161",0,"373,161","168,615","204,546"
5월,광고주,SAE팀,연세힐치과의원,61365,"2,484,671","372,701",0,"372,701","168,407","204,294"
5월,광고주,SAE팀,꼴레지오니스타,61239,"1,953,228","370,314","50,776","319,538","167,328","152,210"
5월,광고주,SAE팀,시슬리의원(프리미엄에스피부과),45587,"2,398,086","359,713",0,"359,713","162,538","197,175"
5월,광고주,광고사업1본부1실3팀 (박지연),(주)엘지생활건강,60841,0,0,0,0,"161,460","-161,460"
5월,광고주,광고사업2본부1실1팀 (구준수),주식회사 에스와이피글로벌,61182,0,0,0,0,"157,191","-157,191"
5월,광고주,SAE팀,모두의음악버클리음대동문실용음악학원,61404,"2,298,407","344,761",0,"344,761","155,782","188,979"
5월,광고주,SAE팀,더함 프랜차이즈 개발원,57437,"2,231,332","334,700",0,"334,700","151,236","183,464"
5월,광고주,CS파트,페스툴코리아 유한회사,58662,"1,860,000","279,000",0,"279,000","150,122","128,878"
5월,광고주,CS파트,화이트큐브,60738,"1,860,000","279,000",0,"279,000","150,122","128,878"
5월,광고주,SAE팀,주식회사 체온365,61054,"2,261,795","328,328",0,"328,328","148,357","179,971"
5월,광고주,SAE팀,용대물산,56302,"2,003,755","300,563",0,"300,563","135,811","164,752"
5월,광고주,CS파트,(주)지학사,58937,"1,666,666","250,000",0,"250,000","134,518","115,482"
5월,광고주,CS파트,(주)프리텍,50050,"1,615,652","242,348",0,"242,348","130,400","111,948"
5월,광고주,SAE팀,케이비에스미디어주식회사,30936,"1,767,550","265,132",0,"265,132","119,801","145,331"
5월,광고주,SAE팀,대박판촉물,30804,"1,750,007","262,501",0,"262,501","118,613","143,888"
5월,광고주,SAE팀,더클래식500,34094,"1,523,381","260,094",0,"260,094","117,525","142,569"
5월,광고주,SAE팀,온뮤직실용음악학원,57089,"1,709,691","256,454",0,"256,454","115,880","140,574"
5월,광고주,CS파트,주식회사 이노렌탈,59385,"1,431,655","214,748",0,"214,748","115,550","99,198"
5월,광고주,CS파트,서광에프알피산업,24490,"1,424,482","213,673",0,"213,673","114,971","98,702"
5월,광고주,SAE팀,365서울원탑치과의원,61384,"1,685,497","252,825",0,"252,825","114,240","138,585"
5월,광고주,CS파트,23살농부,48028,"1,380,574","207,085",0,"207,085","111,427","95,658"
5월,광고주,CS파트,주식회사 이폼웍스,60757,"1,377,224","206,584",0,"206,584","111,158","95,426"
5월,광고주,광고사업2본부2실5팀 (최소영),티에스인터내셔날코리아(주),61592,"2,376,666","356,500","356,500",0,"109,378","-109,378"
5월,광고주,운영실1팀 (박유종),비욘드푸드,60933,"-43,013","66,551",0,"66,551","108,946","-42,395"
5월,광고주,SAE팀,(주)백령여행사,1288,"1,562,067","234,310",0,"234,310","105,874","128,436"
5월,광고주,SAE팀,주식회사 내공관리형스터디카페,61491,"1,508,313","226,247",0,"226,247","102,231","124,016"
5월,광고주,CS파트,쏘내추럴(주),59576,"1,266,390","189,959",0,"189,959","102,212","87,747"
5월,광고주,CS파트,주식회사 뷰티메디칼,61360,"1,252,843","187,927",0,"187,927","101,119","86,808"
5월,광고주,CS파트,바른본병원,57137,"1,240,000","186,000",0,"186,000","100,081","85,919"
5월,광고주,CS파트,(주)다보산업,60086,"1,240,000","186,000",0,"186,000","100,081","85,919"
5월,광고주,CS파트,니오라코리아 유한회사,61364,"1,240,000","186,000",0,"186,000","100,081","85,919"
5월,광고주,SAE팀,(주)벤제프,59357,"1,446,666","217,000",0,"217,000","98,053","118,947"
5월,광고주,SAE팀,(주)나인스쿨,54669,"1,446,667","217,000",0,"217,000","98,053","118,947"
5월,광고주,CS파트,이케이 주식회사,57644,"1,211,856","181,778",0,"181,778","97,809","83,969"
5월,광고주,SAE팀,발해유학원,60704,"1,431,633","214,745",0,"214,745","97,034","117,711"
5월,광고주,SAE팀,수피부과의원,61190,"1,126,511","214,330",0,"214,330","96,846","117,484"
5월,광고주,운영실1팀 (박유종),봄날가정법률사무소,57396,"1,467,094","220,064",0,"220,064","93,250","126,814"
5월,광고주,CS파트,예술은행,40938,"1,145,425","171,814",0,"171,814","92,449","79,365"
5월,광고주,CS파트,(주)브리파워코리아,61647,"839,644","167,929",0,"167,929","90,358","77,571"
5월,광고주,SAE팀,주식회사 골프파트너앤코스모,61426,"1,321,970","198,295",0,"198,295","89,601","108,694"
5월,광고주,SAE팀,한반도교량점검,58958,"1,313,743","197,060",0,"197,060","89,043","108,017"
5월,광고주,SAE팀,(주) 씨엔씨,58425,"1,305,986","195,898",0,"195,898","88,518","107,380"
5월,광고주,SAE팀,(주)신안코스메틱,61662,"1,240,000","186,000",0,"186,000","84,045","101,955"
5월,광고주,SAE팀,주식회사 엠지아이티,61519,"1,240,000","186,000",0,"186,000","84,045","101,955"
5월,광고주,SAE팀,(주)엠제이플렉스,19413,"1,205,695","180,853",0,"180,853","81,719","99,134"
5월,광고주,CS파트,그리고휴,13213,"136,186","20,428",0,"20,428","81,306","-60,878"
5월,광고주,SAE팀,진흥산업주식회사,43451,"1,168,870","175,331",0,"175,331","79,224","96,107"
5월,광고주,SAE팀,남장현산부인과,10663,"1,167,857","175,178",0,"175,178","79,155","96,023"
5월,광고주,SAE팀,(주)헬스앤뉴트리션,61659,"1,199,133","173,253",0,"173,253","78,285","94,968"
5월,광고주,CS파트,주식회사 모던인텍,52081,"827,694","145,070",0,"145,070","78,058","67,012"
5월,광고주,CS파트,송정필방,31463,"1,325,694","139,456",0,"139,456","75,038","64,418"
5월,광고주,CS파트,(주)스폰지마트,59261,"922,162","138,324",0,"138,324","74,429","63,895"
5월,광고주,CS파트,코리아에폭시,58684,"902,767","135,415",0,"135,415","72,863","62,552"
5월,광고주,CS파트,(주)지학사,61660,"893,095","133,965",0,"133,965","72,083","61,882"
5월,광고주,광고사업1본부1실2팀 (이남준),(주)엘지유플러스,61001,0,0,0,0,"70,466","-70,466"
5월,광고주,SAE팀,베스트무빙주식회사,59663,"1,037,933","155,690",0,"155,690","70,349","85,341"
5월,광고주,SAE팀,강남편입아카데미(동의엠스쿨),16106,"1,017,400","152,610",0,"152,610","68,958","83,652"
5월,광고주,CS파트,주식회사 성광특수강화유리,60839,"834,560","125,184",0,"125,184","67,357","57,827"
5월,광고주,CS파트,주식회사 테크원씨엔에스,60418,"833,206","124,981",0,"124,981","67,249","57,732"
5월,광고주,CS파트,주식회사 상우,59906,"831,344","124,702",0,"124,702","67,099","57,603"
5월,광고주,CS파트,안성비단잉어,23040,"822,846","123,427",0,"123,427","66,412","57,015"
5월,광고주,SAE팀,(주)마음나눔,56946,"954,945","143,242",0,"143,242","64,725","78,517"
5월,광고주,CS파트,주식회사 지지엠,58058,"1,276,877","118,811",0,"118,811","63,928","54,883"
5월,광고주,CS파트,한미노즐(주),41665,"771,813","115,772",0,"115,772","62,294","53,478"
5월,광고주,CS파트,한국피셔과학 (주),61113,"768,114","115,217",0,"115,217","61,995","53,222"
5월,광고주,SAE팀,(주)알앤디코리아,58379,"912,488","136,874",0,"136,874","61,847","75,027"
5월,광고주,SAE팀,쿠코무 주식회사,58626,"865,950","129,893",0,"129,893","58,693","71,200"
5월,광고주,CS파트,위대한탄생여성병원,60129,"717,605","107,641",0,"107,641","57,918","49,723"
5월,광고주,운영실2팀 (주규철),(주)네오플램,61035,0,0,0,0,"57,778","-57,778"
5월,광고주,SAE팀,부강아이티(주),39679,"848,720","127,308",0,"127,308","57,525","69,783"
5월,광고주,CS파트,총각에어컨,52641,"684,044","102,607",0,"102,607","55,210","47,397"
5월,광고주,CS파트,테사테이프코리아(유),58402,"620,000","93,000",0,"93,000","50,041","42,959"
5월,광고주,CS파트,윤동주성형외과의원,47123,"603,360","90,504",0,"90,504","48,697","41,807"
5월,광고주,CS파트,청호문화사,55257,"600,621","90,093",0,"90,093","48,477","41,616"
5월,광고주,CS파트,평택크레인,16918,"592,304","88,845",0,"88,845","47,806","41,039"
5월,광고주,광고사업3본부1실1팀 (강기민),어음톡,59295,"1,290,304","193,546",0,"193,546","47,649","145,897"
5월,광고주,SAE팀,한누리요가아카데미(H핫요가),42239,"695,637","104,346",0,"104,346","47,149","57,197"
5월,광고주,운영실1팀 (박유종),고마컴퍼니 주식회사,60445,"740,356","111,054",0,"111,054","47,058","63,996"
5월,광고주,SAE팀,한국교원연수원,36446,"689,254","103,388",0,"103,388","46,716","56,672"
5월,광고주,CS파트,송탄성모안과,58705,"576,571","86,486",0,"86,486","46,535","39,951"
5월,광고주,CS파트,명인팩,57380,"566,078","84,911",0,"84,911","45,689","39,222"
5월,광고주,SAE팀,제이비엠,61149,"672,056","100,809",0,"100,809","45,551","55,258"
5월,광고주,CS파트,레그노,14771,"556,359","83,455",0,"83,455","44,904","38,551"
5월,광고주,CS파트,한국특수금속,42220,"548,195","82,229",0,"82,229","44,244","37,985"
5월,광고주,CS파트,(주)케이지이니시스,52699,"528,437","79,265",0,"79,265","42,650","36,615"
5월,광고주,SAE팀,(주)에이블클라우드,61412,"620,728","93,109",0,"93,109","42,072","51,037"
5월,광고주,SAE팀,에이블스토어,55298,"620,000","93,000",0,"93,000","42,023","50,977"
5월,광고주,운영실1팀 (박유종),(주)미니멀리스트,59529,0,0,0,0,"41,987","-41,987"
5월,광고주,SAE팀,(주)엘넷,61277,"607,350","91,103",0,"91,103","41,165","49,938"
5월,광고주,SAE팀,한소 주식회사,51366,"596,937","89,541",0,"89,541","40,460","49,081"
5월,광고주,운영실1팀 (박유종),(사)한국여성발명협회,61171,"-16,311",0,0,0,"39,062","-39,062"
5월,광고주,SAE팀,보승FC,55071,"575,425","86,314",0,"86,314","39,001","47,313"
5월,광고주,SAE팀,와이비엠비즈강남교육연수센터,52311,"563,832","84,574",0,"84,574","38,215","46,359"
5월,광고주,SAE팀,수유상사 주식회사,59489,"560,341","84,052",0,"84,052","37,979","46,073"
5월,광고주,CS파트,생생면 식품,61410,"461,184","69,177",0,"69,177","37,222","31,955"
5월,광고주,CS파트,제이제이비뇨기과,49955,"460,474","69,071",0,"69,071","37,165","31,906"
5월,광고주,CS파트,(주)프로테인웍스,41866,"456,680","68,502",0,"68,502","36,859","31,643"
5월,광고주,SAE팀,케이워터운영관리(주),61278,"537,552","80,632",0,"80,632","36,434","44,198"
5월,광고주,CS파트,주산수리셈(주),26442,"448,299","67,245",0,"67,245","36,183","31,062"
5월,광고주,CS파트,(주) 일식조리기술원,58227,"447,843","67,176",0,"67,176","36,146","31,030"
5월,광고주,CS파트,우진디자인시스템퍼니처,38656,"445,956","66,894",0,"66,894","35,993","30,901"
5월,광고주,CS파트,나비에스한의원,54699,"475,247","66,100",0,"66,100","35,566","30,534"
5월,광고주,SAE팀,바로디자인,54937,"518,455","77,768",0,"77,768","35,140","42,628"
5월,광고주,CS파트,태동관광개발(주),40687,"434,144","65,122",0,"65,122","35,040","30,082"
5월,광고주,SAE팀,솔밭펜션,39744,"496,308","74,446",0,"74,446","33,639","40,807"
5월,광고주,CS파트,주식회사 한국국제교류원,53184,"414,969","62,245",0,"62,245","33,491","28,754"
5월,광고주,SAE팀,더서울치과,56535,"801,594","72,879",0,"72,879","32,931","39,948"
5월,광고주,사업지원팀,이엠넷,10157,"2,002,978","93,150","86,939","6,211","32,624","-26,413"
5월,광고주,CS파트,(주)바오솔루션스,56129,"399,500","59,925",0,"59,925","32,243","27,682"
5월,광고주,CS파트,주식회사 강성냉동컨테이너,60958,"397,612","59,642",0,"59,642","32,092","27,550"
5월,광고주,SAE팀,서울스마트치과,54843,"648,833","69,283",0,"69,283","31,306","37,977"
5월,광고주,SAE팀,태흥교역,45282,"460,612","69,091",0,"69,091","31,219","37,872"
5월,광고주,CS파트,마포크린,58587,"417,546","57,813",0,"57,813","31,107","26,706"
5월,광고주,SAE팀,명성이벤트,34437,"450,479","67,572",0,"67,572","30,533","37,039"
5월,광고주,CS파트,주식회사 웰면식품,59940,"375,262","56,289",0,"56,289","30,288","26,001"
5월,광고주,광고사업3본부1실,주식회사 다다엠앤씨,60855,"1,171,701","175,755",0,"175,755","30,075","145,680"
5월,광고주,CS파트,방방,28383,"365,094","54,764",0,"54,764","29,467","25,297"
5월,광고주,CS파트,나비에스 (NABY-S) 의원,51066,"363,827","54,574",0,"54,574","29,365","25,209"
5월,광고주,SAE팀,주식회사 맛있는에프앤비,58787,"430,246","64,537",0,"64,537","29,161","35,376"
5월,광고주,CS파트,칠판마트,26860,"358,938","53,841",0,"53,841","28,970","24,871"
5월,광고주,CS파트,대구연합행정사사무소,58804,"358,824","53,823",0,"53,823","28,960","24,863"
5월,광고주,운영실2팀 (주규철),(주) 비케이브,60936,0,0,0,0,"28,517","-28,517"
5월,광고주,SAE팀,아리아르마투렌코리아 유한회사,61327,"409,492","61,424",0,"61,424","27,755","33,669"
5월,광고주,SAE팀,다인치과,60147,"303,785","60,757",0,"60,757","27,453","33,304"
5월,광고주,SAE팀,디자인치과의원,54569,"394,586","59,188",0,"59,188","26,744","32,444"
5월,광고주,CS파트,레퍼런스체크코리아 주식회사,57708,"328,075","49,211",0,"49,211","26,479","22,732"
5월,광고주,SAE팀,기프팅,19935,"374,333","56,150",0,"56,150","25,372","30,778"
5월,광고주,CS파트,한국생산성본부,17297,"297,927","44,689",0,"44,689","24,045","20,644"
5월,광고주,CS파트,(주)프론티어유학원,52618,"290,463","43,569",0,"43,569","23,443","20,126"
5월,광고주,CS파트,제이원 인터내셔널,59391,"288,084","43,213",0,"43,213","23,252","19,961"
5월,광고주,SAE팀,주식회사 전구샵,61361,"342,638","51,396",0,"51,396","23,224","28,172"
5월,광고주,CS파트,씨에이테크,58569,"285,940","42,891",0,"42,891","23,079","19,812"
5월,광고주,광고사업3본부2실4팀 (조다솜),(주)아모레퍼시픽,30951,0,0,0,0,"22,941","-22,941"
5월,광고주,CS파트,카인드짐 휘트니스,58394,"970,081","41,004",0,"41,004","22,063","18,941"
5월,광고주,CS파트,디지털서울문화예술대학교,43116,"270,506","40,576",0,"40,576","21,832","18,744"
5월,광고주,CS파트,곤카곤충농장,47310,"264,846","39,727",0,"39,727","21,377","18,350"
5월,광고주,SAE팀,구플러스,58525,"313,947","47,092",0,"47,092","21,279","25,813"
5월,광고주,CS파트,신원플라스틱 주식회사,61362,"262,572","39,386",0,"39,386","21,193","18,193"
5월,광고주,SAE팀,메디앙,37955,"262,653","46,555",0,"46,555","21,036","25,519"
5월,광고주,SAE팀,임팩트 로스트볼,61394,"300,984","45,148",0,"45,148","20,400","24,748"
5월,광고주,CS파트,독일지멘스보청기 구미,59403,"252,255","37,838",0,"37,838","20,360","17,478"
5월,광고주,CS파트,주식회사에이이노텍,58621,"248,968","37,345",0,"37,345","20,094","17,251"
5월,광고주,CS파트,(주)대영테크,42498,"248,636","37,296",0,"37,296","20,067","17,229"
5월,광고주,SAE팀,브랜드온넷,40982,"295,338","44,301",0,"44,301","20,018","24,283"
5월,광고주,SAE팀,에이틴,59033,"291,702","43,756",0,"43,756","19,771","23,985"
5월,광고주,CS파트,주식회사 한서이엔지,59699,"235,215","35,283",0,"35,283","18,985","16,298"
5월,광고주,CS파트,리마트(사무나라),47273,"228,897","34,335",0,"34,335","18,475","15,860"
5월,광고주,SAE팀,탐나오리,61585,"271,560","40,734",0,"40,734","18,406","22,328"
5월,광고주,SAE팀,가나식품기계,6698,"263,095","39,464",0,"39,464","17,832","21,632"
5월,광고주,CS파트,태건산업안전 주식회사,49068,"214,034","32,105",0,"32,105","17,275","14,830"
5월,광고주,CS파트,찬주공조,50127,"213,588","32,038",0,"32,038","17,239","14,799"
5월,광고주,CS파트,수원에버성형외과의원,33481,"212,953","31,943",0,"31,943","17,188","14,755"
5월,광고주,CS파트,한국자동차운전전문학원,58732,"211,400","31,710",0,"31,710","17,063","14,647"
5월,광고주,SAE팀,성우기획(소프트하모니 인터내셔널),33562,"246,755","37,014",0,"37,014","16,725","20,289"
5월,광고주,CS파트,케이엔비 엔터테인먼트,61200,"201,640","30,246",0,"30,246","16,275","13,971"
5월,광고주,SAE팀,홍제탑치과의원,60755,"466,351","35,690",0,"35,690","16,127","19,563"
5월,광고주,CS파트,필어닝,59132,"196,988","29,548",0,"29,548","15,899","13,649"
5월,광고주,운영실2팀 (주규철),주식회사 티비엘코퍼레이션,61218,0,0,0,0,"15,319","-15,319"
5월,광고주,CS파트,등대불빛아래,45263,"185,463","27,819",0,"27,819","14,969","12,850"
5월,광고주,SAE팀,(주)이룸에프엔비,61355,"219,011","32,852",0,"32,852","14,844","18,008"
5월,광고주,SAE팀,롯데몰부동산 공인중개사 사무소,61293,"218,829","32,824",0,"32,824","14,832","17,992"
5월,광고주,SAE팀,믿음하수구,41706,"218,516","32,777",0,"32,777","14,810","17,967"
5월,광고주,CS파트,(주)짐모아인터내쇼날,31794,"180,434","27,066",0,"27,066","14,563","12,503"
5월,광고주,CS파트,피싱스튜디오,53622,"178,588","26,788",0,"26,788","14,415","12,373"
5월,광고주,CS파트,(주)지큐엘이비,7036,"170,315","25,548",0,"25,548","13,747","11,801"
5월,광고주,SAE팀,동구여성인력개발센터,61375,"200,360","30,054","3,748","26,306","13,580","12,726"
5월,광고주,SAE팀,러시아어 에듀랑,61262,"200,320","30,048",0,"30,048","13,577","16,471"
5월,광고주,SAE팀,(주)정보라인,59099,"198,143","29,721",0,"29,721","13,430","16,291"
5월,광고주,SAE팀,AHA 산업(아하산업),20031,"197,336","29,601",0,"29,601","13,375","16,226"
5월,광고주,SAE팀,메가존(주),41201,"193,914","29,087","9,694","19,393","13,143","6,250"
5월,광고주,SAE팀,온뮤직실용음악강북캠퍼스학원,51920,"189,214","28,382",0,"28,382","12,825","15,557"
5월,광고주,SAE팀,연세우리치과의원,55374,"188,984","28,348",0,"28,348","12,809","15,539"
5월,광고주,CS파트,인제나노판매 주식회사,41431,"154,139","23,122",0,"23,122","12,441","10,681"
5월,광고주,SAE팀,주식회사 라온비주얼시스템,54845,"182,860","27,429",0,"27,429","12,394","15,035"
5월,광고주,SAE팀,에버그린평생교육원,61665,"180,865","27,130","25,321","1,809","12,259","-10,450"
5월,광고주,SAE팀,주식회사 토홀드,61245,"179,405","26,911",0,"26,911","12,160","14,751"
5월,광고주,CS파트,헬로우다이빙,34373,"145,821","21,866",0,"21,866","11,765","10,101"
5월,광고주,SAE팀,주식회사 제이컴스,57617,"168,120","25,218",0,"25,218","11,395","13,823"
5월,광고주,SAE팀,서울플란트원치과의원,56408,"355,782","25,031",0,"25,031","11,310","13,721"
5월,광고주,SAE팀,주식회사 삼주산업,56980,"164,343","24,651",0,"24,651","11,139","13,512"
5월,광고주,SAE팀,머니닥터공인중개사사무소,60870,"294,276","24,383",0,"24,383","11,018","13,365"
5월,광고주,CS파트,한지상자닷컴,57424,"131,811","19,772",0,"19,772","10,639","9,133"
5월,광고주,CS파트,동화나라,22021,"131,210","19,682",0,"19,682","10,590","9,092"
5월,광고주,CS파트,주식회사 신원,58306,"127,438","19,116",0,"19,116","10,285","8,831"
5월,광고주,SAE팀,뉴돌고래레져클럽,43900,"151,166","22,675",0,"22,675","10,246","12,429"
5월,광고주,SAE팀,코코리빙텔 천호점,21038,"148,613","22,292",0,"22,292","10,073","12,219"
5월,광고주,CS파트,테라스플러스,61041,"122,962","18,445",0,"18,445","9,925","8,520"
5월,광고주,CS파트,씨엔쇼파,43448,"116,494","17,474",0,"17,474","9,403","8,071"
5월,광고주,CS파트,세브란스치과의원,61076,"681,121","17,379",0,"17,379","9,351","8,028"
5월,광고주,SAE팀,21세기모타,59292,"137,646","20,647",0,"20,647","9,329","11,318"
5월,광고주,CS파트,뉴비자,59069,"113,375","17,007",0,"17,007","9,152","7,855"
5월,광고주,CS파트,배터리일번지,49854,"113,179","16,978",0,"16,978","9,136","7,842"
5월,광고주,CS파트,현대공업,60260,"111,955","16,793",0,"16,793","9,036","7,757"
5월,광고주,CS파트,리즈미의원,46120,"107,305","16,096",0,"16,096","8,661","7,435"
5월,광고주,CS파트,월평아이빅실용음악학원,60514,"102,937","15,440",0,"15,440","8,308","7,132"
5월,광고주,CS파트,리본요가분당점,54975,"102,440","15,366",0,"15,366","8,268","7,098"
5월,광고주,CS파트,(주) 라인시스템,60613,"102,381","15,357",0,"15,357","8,262","7,095"
5월,광고주,CS파트,씨지통신(해병마크사),51541,"100,378","15,057",0,"15,057","8,102","6,955"
5월,광고주,CS파트,엠플러스실용음악학원,41553,"98,299","14,744",0,"14,744","7,934","6,810"
5월,광고주,CS파트,네모나무펜션,57405,"96,281","14,442",0,"14,442","7,771","6,671"
5월,광고주,SAE팀,청주아이폰수리마켓,59473,"228,068","17,175",0,"17,175","7,761","9,414"
5월,광고주,CS파트,신일특허사무소,59177,"96,072","14,411",0,"14,411","7,754","6,657"
5월,광고주,SAE팀,주식회사 대흥포텍,56848,"111,613","16,742",0,"16,742","7,565","9,177"
5월,광고주,CS파트,(주)에스공사(소리공사),31028,"93,132","13,971",0,"13,971","7,517","6,454"
5월,광고주,CS파트,조호군한의원,28261,"93,079","13,962",0,"13,962","7,512","6,450"
5월,광고주,SAE팀,두두디자인,60098,"107,573","16,136",0,"16,136","7,291","8,845"
5월,광고주,CS파트,(주)아이앤에스,53682,"89,455","13,418",0,"13,418","7,220","6,198"
5월,광고주,SAE팀,연세바로치과교정과치과의원,60606,"391,793","15,632",0,"15,632","7,063","8,569"
5월,광고주,CS파트,(주)오랙스티엠,57183,"86,165","12,925",0,"12,925","6,955","5,970"
5월,광고주,SAE팀,싱글하우스정자점,41750,"101,928","15,290",0,"15,290","6,909","8,381"
5월,광고주,SAE팀,알에스신화랜드,61427,"100,973","15,146",0,"15,146","6,844","8,302"
5월,광고주,CS파트,헬레나즈,31430,"82,817","12,422",0,"12,422","6,685","5,737"
5월,광고주,CS파트,리본요가평촌점,57527,"82,799","12,420",0,"12,420","6,683","5,737"
5월,광고주,CS파트,911aircon,41614,"82,061","12,310",0,"12,310","6,625","5,685"
5월,광고주,SAE팀,아트탱크,25733,"111,020","14,360",0,"14,360","6,489","7,871"
5월,광고주,CS파트,제이스준우,55915,"79,068","11,860",0,"11,860","6,382","5,478"
5월,광고주,CS파트,나라전기,22241,"77,390","11,608",0,"11,608","6,245","5,363"
5월,광고주,SAE팀,리빙캐슬 양재점,59424,"92,106","13,816",0,"13,816","6,243","7,573"
5월,광고주,SAE팀,삼삼물산,46528,"91,033","13,655",0,"13,655","6,170","7,485"
5월,광고주,CS파트,미디어사운드랩 음각,58294,"74,048","11,108",0,"11,108","5,976","5,132"
5월,광고주,SAE팀,연세구치과,56057,"66,031","12,469",0,"12,469","5,634","6,835"
5월,광고주,CS파트,아트웍스,25449,"68,488","10,273",0,"10,273","5,528","4,745"
5월,광고주,SAE팀,에셋프라자(프라임에셋),41363,"79,215","11,882",0,"11,882","5,369","6,513"
5월,광고주,CS파트,오일마스터,40472,"65,682","9,852",0,"9,852","5,301","4,551"
5월,광고주,SAE팀,능이백숙명가,61330,"77,410","11,612",0,"11,612","5,247","6,365"
5월,광고주,CS파트,(주)엠프파트너스,47207,"65,020","9,753",0,"9,753","5,247","4,506"
5월,광고주,CS파트,건강한사람들,49434,"64,950","9,743",0,"9,743","5,243","4,500"
5월,광고주,CS파트,복주는세상(복어세상),30624,"64,917","9,737",0,"9,737","5,240","4,497"
5월,광고주,CS파트,세무법인조율 고양지점,59919,"64,911","9,736",0,"9,736","5,239","4,497"
5월,광고주,CS파트,뉴마더맘산후조리원,56620,"60,384","9,057",0,"9,057","4,872","4,185"
5월,광고주,CS파트,성산특수글라스,3235,"58,557","8,784",0,"8,784","4,726","4,058"
5월,광고주,CS파트,홍승동떡연구소,29732,"57,298","8,595",0,"8,595","4,625","3,970"
5월,광고주,CS파트,grandmotors,55839,"56,004","8,401",0,"8,401","4,521","3,880"
5월,광고주,SAE팀,한성기업,41009,"66,670","10,000",0,"10,000","4,519","5,481"
5월,광고주,SAE팀,제일산업,6804,"63,986","9,598",0,"9,598","4,337","5,261"
5월,광고주,CS파트,인천잉꼬음향(잉꼬노래연습장),7453,"53,579","8,037",0,"8,037","4,324","3,713"
5월,광고주,광고사업1본부1실3팀 (박지연),농업회사법인주식회사소부당,60461,"87,400","21,850",0,"21,850","4,308","17,542"
5월,광고주,CS파트,한국후지A/S센타,36585,"52,946","7,942",0,"7,942","4,273","3,669"
5월,광고주,CS파트,도촌모터스,58181,"52,921","7,938",0,"7,938","4,271","3,667"
5월,광고주,CS파트,씨티아이코리아 주식회사,54560,"52,694","7,904",0,"7,904","4,253","3,651"
5월,광고주,CS파트,강민근국어논술,58574,"52,333","7,850",0,"7,850","4,223","3,627"
5월,광고주,CS파트,신호시스템 서울센타,26320,"240,879","7,788",0,"7,788","4,191","3,597"
5월,광고주,CS파트,김경숙출장요리,19398,"51,392","7,709",0,"7,709","4,147","3,562"
5월,광고주,SAE팀,연세네이처치과의원,56650,"297,449","9,139",0,"9,139","4,130","5,009"
5월,광고주,SAE팀,레이텍,21418,"60,666","9,100",0,"9,100","4,112","4,988"
5월,광고주,SAE팀,위요감,61625,"57,361","8,604",0,"8,604","3,888","4,716"
5월,광고주,CS파트,동양라이트,55246,"47,363","7,104",0,"7,104","3,822","3,282"
5월,광고주,CS파트,제마산업,19987,"47,007","7,052",0,"7,052","3,795","3,257"
5월,광고주,CS파트,태정산업,56205,"46,953","7,043",0,"7,043","3,790","3,253"
5월,광고주,CS파트,다나넥스트(주),42000,"46,942","7,042",0,"7,042","3,789","3,253"
5월,광고주,CS파트,세기하우징,40012,"46,527","6,979",0,"6,979","3,755","3,224"
5월,광고주,SAE팀,주아네트웍스,21062,"53,150","7,973",0,"7,973","3,603","4,370"
5월,광고주,CS파트,마스터이엔씨,36312,"43,253","6,488",0,"6,488","3,491","2,997"
5월,광고주,CS파트,우양산업개발 (주) 힐튼경주지점,57878,"43,079","6,462",0,"6,462","3,477","2,985"
5월,광고주,CS파트,(주)아이온커뮤니케이션즈,56191,"42,773","6,417",0,"6,417","3,453","2,964"
5월,광고주,SAE팀,앵마켓,61423,"50,619","7,593",0,"7,593","3,431","4,162"
5월,광고주,CS파트,거산21컨테이너,32117,"41,755","6,263",0,"6,263","3,370","2,893"
5월,광고주,CS파트,오산한국문화센터(개인),57522,"41,001","6,150",0,"6,150","3,310","2,840"
5월,광고주,CS파트,즐거운친구들,26053,"40,819","6,123",0,"6,123","3,295","2,828"
5월,광고주,SAE팀,아인스치과의원,59163,"257,284","7,189",0,"7,189","3,248","3,941"
5월,광고주,CS파트,장호이미자펜션,57459,"39,636","5,946",0,"5,946","3,200","2,746"
5월,광고주,CS파트,이삭사다리,50891,"39,307","5,896",0,"5,896","3,172","2,724"
5월,광고주,SAE팀,해충방역캐치원,59619,"46,582","6,988",0,"6,988","3,158","3,830"
5월,광고주,CS파트,(주)제이앤피코퍼레이션,41603,"38,239","5,735",0,"5,735","3,085","2,650"
5월,광고주,SAE팀,코비코,57317,"45,431","6,815",0,"6,815","3,079","3,736"
5월,광고주,CS파트,범일금고,2516,"37,621","5,643",0,"5,643","3,037","2,606"
5월,광고주,CS파트,다솜공예,6752,"37,350","5,603",0,"5,603","3,015","2,588"
5월,광고주,SAE팀,평산테크(다음),55515,"44,231","6,634",0,"6,634","2,998","3,636"
5월,광고주,CS파트,이벤트원,52541,"36,185","5,428",0,"5,428","2,921","2,507"
5월,광고주,SAE팀,온뮤직실용음악학원,61096,"42,726","6,409",0,"6,409","2,896","3,513"
5월,광고주,CS파트,리본요가(수원점),32008,"33,939","5,091",0,"5,091","2,739","2,352"
5월,광고주,CS파트,키엘네일,59879,"32,054","4,808",0,"4,808","2,587","2,221"
5월,광고주,SAE팀,(주)서구대성학원,61166,"37,600","5,640",0,"5,640","2,548","3,092"
5월,광고주,SAE팀,햇살가득농장펜션,44740,"37,204","5,581",0,"5,581","2,522","3,059"
5월,광고주,CS파트,초부리하우스,58751,"31,159","4,674",0,"4,674","2,516","2,158"
5월,광고주,SAE팀,수도엔터프라이즈,60826,"36,664","5,499",0,"5,499","2,485","3,014"
5월,광고주,CS파트,한우리AV,45130,"30,536","4,580",0,"4,580","2,465","2,115"
5월,광고주,CS파트,주식회사 비달사순아카데미한국공식,60092,"28,473","4,271",0,"4,271","2,298","1,973"
5월,광고주,운영실1팀 (박유종),프린세스 산부인과,59228,"35,888","5,383",0,"5,383","2,281","3,102"
5월,광고주,CS파트,장호오렌지하우스,58365,"28,114","4,217",0,"4,217","2,268","1,949"
5월,광고주,SAE팀,세화,12743,"32,701","4,905",0,"4,905","2,216","2,689"
5월,광고주,CS파트,본영사,49013,"26,328","3,949",0,"3,949","2,125","1,824"
5월,광고주,CS파트,디아이에프(DIF)무용원,61523,"30,533","3,947",0,"3,947","2,124","1,823"
5월,광고주,CS파트,아이빅아트센터,60717,"26,138","3,921",0,"3,921","2,109","1,812"
5월,광고주,CS파트,바흐가구 인테리어,59100,"26,116","3,917",0,"3,917","2,108","1,809"
5월,광고주,CS파트,양전자시스템,55347,"25,197","3,780",0,"3,780","2,035","1,745"
5월,광고주,SAE팀,킴스요가&필라테스 중앙점,61416,"29,542","4,431",0,"4,431","2,002","2,429"
5월,광고주,SAE팀,에코스,45916,"28,611","4,291",0,"4,291","1,939","2,352"
5월,광고주,SAE팀,엘에스(LS)방전,61213,"28,133","4,220",0,"4,220","1,907","2,313"
5월,광고주,CS파트,(주)피엠씨엔지니어링,58707,"23,590","3,539",0,"3,539","1,905","1,634"
5월,광고주,CS파트,금모래은모래펜션,53157,"23,254","3,488",0,"3,488","1,876","1,612"
5월,광고주,CS파트,대진종합유통,42823,"22,389","3,358",0,"3,358","1,807","1,551"
5월,광고주,CS파트,월드중고폰&픽스존,58752,"21,638","3,246",0,"3,246","1,748","1,498"
5월,광고주,CS파트,업스포츠,57835,"21,393","3,209",0,"3,209","1,727","1,482"
5월,광고주,CS파트,유창금속,52178,"21,098","3,165",0,"3,165","1,704","1,461"
5월,광고주,CS파트,가온,51701,"20,670","3,101",0,"3,101","1,669","1,432"
5월,광고주,CS파트,CA(씨에이),38489,"20,427","3,064",0,"3,064","1,648","1,416"
5월,광고주,CS파트,대하테크,41296,"20,096","3,014",0,"3,014","1,621","1,393"
5월,광고주,SAE팀,마이홈리빙텔 문정점,22905,"23,736","3,560",0,"3,560","1,609","1,951"
5월,광고주,운영실2팀 (주규철),예손병원,58507,"32,920","4,938",0,"4,938","1,601","3,337"
5월,광고주,SAE팀,미래연세치과,60671,"23,079","3,462",0,"3,462","1,564","1,898"
5월,광고주,SAE팀,연세남기세치과의원,60844,"23,671","3,421",0,"3,421","1,546","1,875"
5월,광고주,SAE팀,뉴영남 부동산,44109,"22,178","3,327",0,"3,327","1,503","1,824"
5월,광고주,CS파트,이브아유르,43509,"18,377","2,757",0,"2,757","1,483","1,274"
5월,광고주,SAE팀,퀸아울렛,27161,"20,421","3,063",0,"3,063","1,384","1,679"
5월,광고주,SAE팀,델타콘도비,51904,"20,390","3,059",0,"3,059","1,382","1,677"
5월,광고주,광고사업3본부2실5팀 (최서희),주안전기공사인력,59586,"44,558","6,683",0,"6,683","1,374","5,309"
5월,광고주,CS파트,릴수리닷컴,61030,"16,902","2,535",0,"2,535","1,364","1,171"
5월,광고주,CS파트,경광카본,30740,"16,117","2,418",0,"2,418","1,300","1,118"
5월,광고주,CS파트,일광공구공업,40219,"16,010","2,402",0,"2,402","1,293","1,109"
5월,광고주,CS파트,동국섬유,58649,"15,472","2,321",0,"2,321","1,249","1,072"
5월,광고주,CS파트,현덕산업기술,3221,"15,404","2,311",0,"2,311","1,244","1,067"
5월,광고주,SAE팀,온세led,40789,"17,950","2,693",0,"2,693","1,217","1,476"
5월,광고주,CS파트,지혜아동청소년발달센터 주식회사,61618,"14,707","2,206",0,"2,206","1,187","1,019"
5월,광고주,CS파트,케이티티글로벌,47321,"14,494","2,174",0,"2,174","1,170","1,004"
5월,광고주,SAE팀,김민주님 라마다울릉호텔 912호,61370,"16,800","2,520",0,"2,520","1,139","1,381"
5월,광고주,CS파트,주식회사 아이엠컨설팅그룹,61674,"13,639","2,045",0,"2,045","1,101",944
5월,광고주,CS파트,다산정공,42591,"13,063","1,960",0,"1,960","1,055",905
5월,광고주,CS파트,건강한세상앞선치과병원,39109,"12,994","1,949",0,"1,949","1,049",900
5월,광고주,CS파트,켐플러스,13118,"12,927","1,940",0,"1,940","1,044",896
5월,광고주,CS파트,이선생,60319,"12,607","1,891",0,"1,891","1,017",874
5월,광고주,CS파트,파출사랑,59024,"12,493","1,874",0,"1,874","1,009",865
5월,광고주,CS파트,민현악기,50804,"12,300","1,846",0,"1,846",993,853
5월,광고주,CS파트,가이드인쇄,49003,"12,303","1,845",0,"1,845",992,853
5월,광고주,SAE팀,(CW)디테일링 부산명지점,61545,"14,527","2,179",0,"2,179",985,"1,194"
5월,광고주,CS파트,에프에이온,61359,"12,190","1,828",0,"1,828",983,845
5월,광고주,SAE팀,해건한의원,35420,"14,357","2,153",0,"2,153",973,"1,180"
5월,광고주,CS파트,베스트데이타,40735,"105,099","1,788",0,"1,788",961,827
5월,광고주,CS파트,펌프킨,43075,"11,849","1,777",0,"1,777",956,821
5월,광고주,SAE팀,에버스마일치과_목동,58000,"13,927","2,089",0,"2,089",944,"1,145"
5월,광고주,CS파트,신우전기제조(주),18518,"10,892","1,634",0,"1,634",879,755
5월,광고주,CS파트,엑셀위스,35085,"10,400","1,560",0,"1,560",840,720
5월,광고주,CS파트,타라(TARA),59843,"10,176","1,526",0,"1,526",822,704
5월,광고주,CS파트,한미르학원 주식회사,59362,"9,726","1,459",0,"1,459",786,673
5월,광고주,CS파트,청운검정고시학원,12098,"9,622","1,443",0,"1,443",776,667
5월,광고주,SAE팀,주식회사 비비다컴,60994,"11,228","1,684",0,"1,684",761,923
5월,광고주,CS파트,쓰리에스씨,28580,"9,354","1,403",0,"1,403",754,649
5월,광고주,CS파트,주식회사 파라바이오,61154,"8,622","1,293",0,"1,293",696,597
5월,광고주,CS파트,세양기계,57071,"8,572","1,285",0,"1,285",691,594
5월,광고주,SAE팀,아쉬탕가요가센터,30072,"9,993","1,499",0,"1,499",677,822
5월,광고주,SAE팀,리즌카,54154,"9,919","1,488",0,"1,488",672,816
5월,광고주,운영실2팀 (주규철),주식회사 스틱스앤스톤스,58623,"13,787","2,068",0,"2,068",672,"1,396"
5월,광고주,CS파트,해인가든산장,56553,"8,151","1,222",0,"1,222",657,565
5월,광고주,CS파트,주식회사 티아이,58441,"8,063","1,209",0,"1,209",651,558
5월,광고주,광고사업3본부2실6팀 (조정훈),주식회사 커리어게이트,60452,"14,376","2,156",0,"2,156",651,"1,505"
5월,광고주,CS파트,창성적재함,51072,"7,970","1,196",0,"1,196",644,552
5월,광고주,SAE팀,푸른건강식품연구원(웰빙하우스),19638,"9,459","1,419",0,"1,419",641,778
5월,광고주,광고사업1본부2실1팀 (추성호),UK LINKERS LIMITED,58122,"16,874","2,531",0,"2,531",595,"1,936"
5월,광고주,SAE팀,하나아이엔티,21086,"8,680","1,302",0,"1,302",588,714
5월,광고주,CS파트,(주)태흥,7468,"7,170","1,075",0,"1,075",579,496
5월,광고주,CS파트,리디아,40673,"6,642",997,0,997,537,460
5월,광고주,광고사업3본부2실,주식회사 커넥트온,58968,"19,546","2,932",0,"2,932",516,"2,416"
5월,광고주,CS파트,신생공업,52094,"6,296",945,0,945,509,436
5월,광고주,CS파트,(주)쓰리에이엔지니어링,57872,"6,188",928,0,928,500,428
5월,광고주,CS파트,스마트렌탈,50120,"5,840",876,0,876,472,404
5월,광고주,운영실1팀 (박유종),주식회사 동양디엔피,57125,"7,390","1,109",0,"1,109",470,639
5월,광고주,SAE팀,봉캐릭터,46652,"6,847","1,027",0,"1,027",464,563
5월,광고주,CS파트,인포라인,44191,"20,534",811,0,811,436,375
5월,광고주,CS파트,우진조구,43350,"4,811",721,0,721,389,332
5월,광고주,SAE팀,아이엠피티,30861,"5,640",846,0,846,382,464
5월,광고주,CS파트,전주스쿠버,50202,"4,684",703,0,703,379,324
5월,광고주,SAE팀,비토섬마린블루펜션,61252,"5,025",753,0,753,340,413
5월,광고주,SAE팀,(주)대우컨테이너,57046,"4,918",738,0,738,333,405
5월,광고주,SAE팀,(주)밀양한천,59739,"4,750",713,0,713,322,391
5월,광고주,CS파트,바다림영어조합법인(바지락공장),59168,"3,890",584,0,584,313,271
5월,광고주,CS파트,공감이 있는 공간,59709,"3,819",573,0,573,308,265
5월,광고주,CS파트,아키라인,34634,"3,717",558,0,558,300,258
5월,광고주,CS파트,텔스콤,41977,"3,703",556,0,556,299,257
5월,광고주,CS파트,덕현리촌장 전원펜션,43020,"3,656",549,0,549,294,255
5월,광고주,광고사업1본부2실1팀 (추성호),도움부동산중개,60001,"8,266","1,240",0,"1,240",292,948
5월,광고주,CS파트,한국욕실공사,56597,"3,601",540,0,540,290,250
5월,광고주,CS파트,벌룬데코(파티아나),38254,"3,499",525,0,525,283,242
5월,광고주,SAE팀,주식회사 유니환경,61690,"4,028",605,0,605,273,332
5월,광고주,CS파트,수원동아앵글,688,"3,190",479,0,479,257,222
5월,광고주,CS파트,(주)코스턴,19689,"2,890",434,0,434,233,201
5월,광고주,CS파트,(주)제이앤디테크,41980,"2,457",369,0,369,199,170
5월,광고주,CS파트,대관령품안에펜션,15733,"2,343",352,0,352,190,162
5월,광고주,CS파트,주식회사 케이에이치오토,60361,"2,333",350,0,350,188,162
5월,광고주,CS파트,모든오피스,36254,"2,310",347,0,347,186,161
5월,광고주,CS파트,주식회사 하비스,59965,"2,139",321,0,321,173,148
5월,광고주,CS파트,전주하수구,57552,"2,118",318,0,318,171,147
5월,광고주,CS파트,고운이라인치과,41297,"2,053",308,0,308,166,142
5월,광고주,SAE팀,대우스토리지,57090,"2,428",365,0,365,165,200
5월,광고주,SAE팀,주식회사 비티몰(브라이튼몰),25159,"2,330",350,0,350,158,192
5월,광고주,CS파트,프로리더,35538,"1,750",263,0,263,141,122
5월,광고주,SAE팀,주식회사 담은푸드,60819,"2,044",307,0,307,139,168
5월,광고주,SAE팀,한울프랜차이즈,34384,"1,866",280,0,280,127,153
5월,광고주,CS파트,횡성한우백화점,41536,"1,560",234,0,234,126,108
5월,광고주,CS파트,신한과학(주),52344,"1,530",230,0,230,123,107
5월,광고주,SAE팀,(주)최고식품,60668,"1,769",266,0,266,120,146
5월,광고주,CS파트,동광테크,60099,"1,460",219,0,219,117,102
5월,광고주,CS파트,화진엠티에스,37885,"1,390",209,0,209,112,97
5월,광고주,SAE팀,내공기숙캠프,61677,"1,601",240,0,240,108,132
5월,광고주,CS파트,시그마소프트,40112,"1,260",189,0,189,102,87
5월,광고주,CS파트,아이앤텍,45364,"1,097",164,0,164,88,76
5월,광고주,SAE팀,돈우구이,61326,"1,208",181,0,181,82,99
5월,광고주,CS파트,주식회사 휴리스,60628,930,140,0,140,75,65
5월,광고주,CS파트,js교육,47687,840,126,0,126,68,58
5월,광고주,SAE팀,턴잇인코리아 유한회사,57308,970,146,0,146,66,80
5월,광고주,CS파트,상록지붕방수,48676,676,101,0,101,54,47
5월,광고주,CS파트,소망녹취속기사무소,37892,586,88,0,88,47,41
5월,광고주,운영실,영상교육미디어,3190,"1,764",265,0,265,47,218
5월,광고주,CS파트,아세아,41495,540,81,0,81,43,38
5월,광고주,CS파트,동양전기공업 (주),59695,393,78,0,78,42,36
5월,광고주,CS파트,부영목재포장,24938,503,75,0,75,40,35
5월,광고주,CS파트,나무판때기,46009,490,74,0,74,39,35
5월,광고주,SAE팀,파인애플 피티엘,60721,560,84,0,84,38,46
5월,광고주,SAE팀,플로스앤가든,61300,415,62,0,62,28,34
5월,광고주,SAE팀,(주)웃샘,61683,325,49,0,49,22,27
5월,광고주,CS파트,세종이화발레학원,50736,260,39,0,39,21,18
5월,광고주,CS파트,광명고주파전기,36890,220,33,0,33,18,15
5월,광고주,CS파트,샴푸모텔,60557,210,32,0,32,17,15
5월,광고주,CS파트,에스티라이트,28002,210,32,0,32,17,15
5월,광고주,CS파트,우리컴(우리파츠),41552,210,32,0,32,17,15
5월,광고주,CS파트,세광기업,46875,160,24,0,24,14,10
5월,광고주,CS파트,성우오토텍(주),58632,160,24,0,24,14,10
5월,광고주,SAE팀,소프트하모니 인터내셔널,53179,140,21,0,21,9,12
5월,광고주,CS파트,싱글하우스 한성대점,27655,70,11,0,11,6,5
5월,광고주,CS파트,남부경찰학원,61189,80,12,0,12,6,6
5월,광고주,CS파트,파티아나,30274,80,12,0,12,6,6
5월,광고주,SAE팀,주식회사 스타플랫폼,61197,70,11,0,11,5,6
5월,광고주,광고사업1본부,비품플러스,51403,"12,472","1,871",0,"1,871",0,"1,871"
5월,광고주,광고사업1본부,갤럭시텔,50836,"35,609","5,342",0,"5,342",0,"5,342"
5월,광고주,SAE팀,샤인뮤직넷,24015,"-355,211","-53,281",0,"-53,281",0,"-53,281"
5월,광고주,SAE팀,내곡웰치과의원,60727,"4,647",0,0,0,0,0
5월,광고주,SAE팀,서울이웰치과의원,57173,"18,110",0,0,0,0,0
5월,광고주,SAE팀,플란트,60740,"496,673",0,0,0,0,0
5월,광고주,SAE팀,금성관 나주곰탕,60710,"1,097,756",0,0,0,0,0
5월,광고주,HRD팀,마스터피스,60431,"79,828","11,974",0,"11,974",0,"11,974"
5월,광고주,(202301) 채널팀,신한네트워크,44135,"1,649",247,0,247,0,247
5월,광고주,미디어채널팀,(주)중앙애드넷아이엔씨,60991,"3,035,447",0,0,0,0,0
5월,광고주,미디어채널팀,(주)아이디어키,60932,"8,852,338","144,818","115,854","28,964",0,"28,964"
5월,광고주,미디어채널팀,(주) 에이엠피엠글로벌,61266,"51,608,163","2,399,567","1,919,652","479,915",0,"479,915"
5월,광고주,미디어채널팀,주식회사 디포캐스트,60918,"92,574,152","1,378,403","1,102,719","275,684",0,"275,684"
5월,광고주,미디어채널팀,주식회사 코마스인터렉티브,61012,"93,741,037","6,647,560","5,966,826","680,734",0,"680,734"
5월,광고주,미디어채널팀,주식회사 지니앤솔루션,61055,"892,858,940","41,503,390","33,202,703","8,300,687",0,"8,300,687"
5월,광고주,미디어채널팀,주식회사 아이지에이웍스,61230,"1,125,799,021","15,350,948","13,817,852","1,533,096",0,"1,533,096"
5월,광고주,미디어채널팀,주식회사 드림인사이트,60015,"2,057,448,727","65,755,993","61,787,945","3,968,048",0,"3,968,048"
5월,광고주,CS파트,(주)토스뱅크,60791,-482,-72,0,-72,0,-72
5월,광고주,CS파트,남한강레포츠,43868,-70,-10,0,-10,0,-10
5월,광고주,CS파트,김해가야전산회계학원,28049,"1,058",0,0,0,0,0
5월,광고주,광고사업1본부2실1팀 (추성호),주식회사 케이비손해보험,29625,"-30,000",0,0,0,0,0
6월,광고주,광고사업2본부1실6팀 (이승화),(주)코스알엑스,61268,"1,464,506,134","186,713,764",0,"186,713,764","96,719,921","89,993,843"
6월,광고주,광고사업3본부1실3팀 (이유진),(주)지에스리테일 홈쇼핑,61258,"1,000,748,051","118,245,523",0,"118,245,523","81,989,032","36,256,491"
6월,광고주,광고사업1본부2실1팀 (추성호),라이나생명보험(주),61571,"1,572,718,896","221,912,456","144,483,018","77,429,438","79,440,757","-2,011,319"
6월,광고주,광고사업1본부2실6팀 (이상우),씨제이 제일제당(주),42154,"1,132,219,769","180,338,270","28,350,585","151,987,685","73,823,976","78,163,709"
6월,광고주,광고사업2본부1실3팀 (장채은),주식회사 에이피알,58263,"1,470,132,253","208,393,069","63,971,616","144,421,453","73,264,008","71,157,445"
6월,광고주,광고사업3본부1실2팀 (조학성),십일번가 주식회사,60976,"1,191,227,179","99,309,194","9,658,302","89,650,892","68,422,458","21,228,434"
6월,광고주,광고사업3본부2실6팀 (조정훈),씨제이올리브영 주식회사,59875,"624,716,296","102,077,447",0,"102,077,447","57,604,251","44,473,196"
6월,광고주,광고사업3본부2실4팀 (조다솜),이니스프리,57802,"458,623,359","60,862,611","4,168,012","56,694,599","50,679,847","6,014,752"
6월,광고주,광고사업2본부3실7팀 (김가희),SK매직(주),58368,"343,905,898","67,229,535","3,780,932","63,448,603","42,242,007","21,206,596"
6월,광고주,광고사업2본부3실4팀 (이세나),네슬레코리아 유한책임회사,60374,"372,185,960","54,751,848","124,912","54,626,936","41,902,243","12,724,693"
6월,광고주,광고사업1본부1실4팀 (유승연),주식회사 버킷플레이스,61240,"551,379,949","54,254,222","8,115,316","46,138,906","37,811,501","8,327,405"
6월,광고주,광고사업3본부1실3팀 (이유진),(주)종근당,60913,"533,749,177","79,964,819","2,111,785","77,853,034","36,409,083","41,443,951"
6월,광고주,광고사업3본부1실1팀 (강기민),(주)지에스리테일 홈쇼핑,61393,"467,970,313","70,195,546",0,"70,195,546","33,668,287","36,527,259"
6월,광고주,광고사업1본부2실5팀 (조정현),엘지전자(주),56076,"409,950,805","56,877,128","18,311,420","38,565,708","31,923,218","6,642,490"
6월,광고주,광고사업1본부2실7팀 (주낙규),라이나생명보험(주)_CM,61572,"454,977,016","63,973,733","17,016,982","46,956,751","29,308,826","17,647,925"
6월,광고주,광고사업3본부1실1팀 (강기민),에스케이렌터카 주식회사,61386,"197,750,153","25,815,221","664,761","25,150,460","25,841,971","-691,511"
6월,광고주,광고사업1본부1실4팀 (유승연),주식회사 버킷플레이스,60029,"286,888,013","43,033,204",0,"43,033,204","24,944,234","18,088,970"
6월,광고주,광고사업1본부2실1팀 (추성호),씨제이제일제당(주)_브랜드스토어,61407,"297,269,182","41,291,671","8,725,327","32,566,344","24,284,615","8,281,729"
6월,광고주,광고사업2본부1실1팀 (구준수),주식회사 지누스,59244,"249,565,675","36,817,785",0,"36,817,785","23,508,563","13,309,222"
6월,광고주,광고사업3본부1실3팀 (이유진),데상트코리아주식회사,57085,"276,547,877","41,106,902",0,"41,106,902","22,856,977","18,249,925"
6월,광고주,광고사업2본부2실5팀 (최소영),(주)롯데하이마트,61687,"334,012,014","42,057,368","12,790,237","29,267,131","22,847,003","6,420,128"
6월,광고주,광고사업1본부1실3팀 (박지연),주식회사 밀도,61538,"596,213,517","77,469,426","18,212,128","59,257,298","22,836,071","36,421,227"
6월,광고주,광고사업3본부2실5팀 (최서희),(주)카버코리아,61589,"252,778,278","35,853,992","191,889","35,662,103","20,949,424","14,712,679"
6월,광고주,광고사업1본부1실2팀 (이남준),(주)엘지생활건강,60649,"223,551,164","38,614,174","6,199,603","32,414,571","19,612,748","12,801,823"
6월,광고주,광고사업2본부2실8팀 (서성민),(주) 블랙야크,61217,"135,581,751","21,205,655","500,008","20,705,647","18,621,150","2,084,497"
6월,광고주,광고사업2본부2실5팀 (최소영),코튼클럽,61061,"30,206,124","3,806,810","2,525,762","1,281,048","15,436,747","-14,155,699"
6월,광고주,광고사업1본부1실4팀 (유승연),(주)엘지생활건강,61183,"93,773,907","15,488,046","1,750,794","13,737,252","13,041,300","695,952"
6월,광고주,광고사업2본부2실5팀 (최소영),(주)코앤컴,61062,"253,544,161","35,158,332","28,306,552","6,851,780","12,697,015","-5,845,235"
6월,광고주,광고사업3본부2실6팀 (조정훈),(주)하이라이트브랜즈,61315,"146,502,464","20,724,741","1,094,459","19,630,282","12,668,322","6,961,960"
6월,광고주,광고사업1본부1실2팀 (이남준),(주)엘지생활건강,61419,"105,257,144","16,056,451","1,539,948","14,516,503","12,141,579","2,374,924"
6월,광고주,광고사업2본부1실6팀 (이승화),(주)마녀공장,61421,"368,498,371","51,399,769",0,"51,399,769","12,094,159","39,305,610"
6월,광고주,광고사업2본부2실8팀 (서성민),(주)챔프스터디,60340,"124,293,169","15,586,299",0,"15,586,299","11,982,420","3,603,879"
6월,광고주,광고사업1본부1실4팀 (유승연),(주)엘지생활건강,61640,"98,843,731","16,783,711",0,"16,783,711","11,372,464","5,411,247"
6월,광고주,광고사업2본부2실8팀 (서성민),(주)챔프스터디,60107,"111,212,782","13,698,323",0,"13,698,323","11,091,763","2,606,560"
6월,광고주,광고사업2본부3실4팀 (이세나),청호나이스(주),61529,"147,030,909","20,535,009",0,"20,535,009","10,321,820","10,213,189"
6월,광고주,광고사업2본부1실1팀 (구준수),스토어허브코리아 주식회사,61159,"72,875,554","10,778,687","235,081","10,543,606","10,229,530","314,076"
6월,광고주,운영실2팀 (주규철),(주)아모레퍼시픽,61263,"161,508,727","26,355,804","1,034,401","25,321,403","9,833,442","15,487,961"
6월,광고주,광고사업2본부3실7팀 (김가희),(주)에스제이그룹,54521,"91,405,224","13,102,430","1,044,260","12,058,170","9,748,913","2,309,257"
6월,광고주,광고사업1본부1실2팀 (이남준),(주)가나,59810,"119,432,678","16,007,558",0,"16,007,558","9,008,788","6,998,770"
6월,광고주,운영실2팀 (주규철),(사)홀트아동복지회,2886,"22,274,499","3,470,549","198,735","3,271,814","7,914,471","-4,642,657"
6월,광고주,광고사업3본부2실5팀 (최서희),크린토피아,58344,"46,175,757","7,006,582",0,"7,006,582","7,913,719","-907,137"
6월,광고주,광고사업1본부1실3팀 (박지연),(주)엘지생활건강,61194,"95,105,988","17,394,091","2,664,124","14,729,967","7,447,375","7,282,592"
6월,광고주,운영실2팀 (주규철),(주)베네통코리아,50655,"54,966,328","8,154,976","543,691","7,611,285","6,791,331","819,954"
6월,광고주,운영실2팀 (주규철),무인양품(주),61152,"65,435,485","9,437,871",0,"9,437,871","6,789,278","2,648,593"
6월,광고주,운영실1팀 (박유종),(주)경남제약,61219,"65,049,248","10,138,994","741,933","9,397,061","6,573,628","2,823,433"
6월,광고주,광고사업1본부1실3팀 (박지연),(주)엘지생활건강,61639,"50,675,529","8,378,738",0,"8,378,738","6,558,325","1,820,413"
6월,광고주,광고사업2본부3실7팀 (김가희),(주)유닛블랙,61357,"46,229,384","8,175,241","40,158","8,135,083","6,258,949","1,876,134"
6월,광고주,광고사업2본부2실5팀 (최소영),미트리,61271,"32,061,497","10,883,926",0,"10,883,926","5,933,810","4,950,116"
6월,광고주,광고사업1본부1실3팀 (박지연),(주)엘지생활건강,61638,"57,224,738","10,185,654",0,"10,185,654","5,748,589","4,437,065"
6월,광고주,광고사업2본부2실8팀 (서성민),(주)교암,60343,"66,263,288","9,258,484",0,"9,258,484","5,338,756","3,919,728"
6월,광고주,운영실2팀 (주규철),주식회사 비케이브,61003,"18,909,956","2,453,354","139,581","2,313,773","4,913,335","-2,599,562"
6월,광고주,운영실2팀 (주규철),슬로우베드,61255,"42,829,732","6,431,362","433,636","5,997,726","4,839,359","1,158,367"
6월,광고주,운영실1팀 (박유종),주식회사 당근마켓,60663,"19,348,856","8,314,526",0,"8,314,526","4,123,525","4,191,001"
6월,광고주,광고사업3본부1실2팀 (조학성),라네즈,61709,-286,0,0,0,"4,111,847","-4,111,847"
6월,광고주,광고사업2본부2실8팀 (서성민),(주)위더스교육,60341,"41,547,847","5,790,643",0,"5,790,643","3,956,510","1,834,133"
6월,광고주,운영실2팀 (주규철),네파(주),51158,"35,061,922","6,616,299","260,950","6,355,349","3,882,202","2,473,147"
6월,광고주,광고사업2본부3실7팀 (김가희),에스제이키즈,59114,"30,375,914","4,367,516","254,071","4,113,445","3,833,625","279,820"
6월,광고주,광고사업2본부2실5팀 (최소영),(주)코데즈컴바인,61613,0,0,0,0,"3,509,325","-3,509,325"
6월,광고주,광고사업2본부1실1팀 (구준수),게스홀딩스코리아유한회사,34987,"53,991,824","5,642,047",0,"5,642,047","3,460,193","2,181,854"
6월,광고주,광고사업1본부1실3팀 (박지연),(주)엘지생활건강,61632,"20,909,016","3,415,552","107,619","3,307,933","3,393,914","-85,981"
6월,광고주,운영실1팀 (박유종),주식회사 로즈베이,54500,"35,072,077","4,995,385",0,"4,995,385","3,266,815","1,728,570"
6월,광고주,운영실1팀 (박유종),주식회사 비케이브,61070,"46,593,284","6,615,924","545,641","6,070,283","3,217,546","2,852,737"
6월,광고주,운영실1팀 (박유종),(주)한국경제티브이,59916,"43,051,810","6,440,386","147,460","6,292,926","3,188,510","3,104,416"
6월,광고주,광고사업1본부1실3팀 (박지연),(주)엘지생활건강,61641,"8,765,101","1,194,913",0,"1,194,913","2,672,789","-1,477,876"
6월,광고주,광고사업3본부1실2팀 (조학성),(주)코스트코코리아,58028,"87,066,660","13,059,999",0,"13,059,999","2,594,751","10,465,248"
6월,광고주,운영실1팀 (박유종),(주)브랜드홀더,60865,"33,760,905","4,522,650",0,"4,522,650","2,572,807","1,949,843"
6월,광고주,광고사업3본부2실5팀 (최서희),라인프렌즈스퀘어 주식회사,61329,"45,979,006","6,658,319","401,113","6,257,206","2,546,044","3,711,162"
6월,광고주,운영실2팀 (주규철),주식회사 넘버링,61186,"30,667,541","5,000,972",0,"5,000,972","2,517,588","2,483,384"
6월,광고주,운영실1팀 (박유종),국민이주,33951,"34,230,781","6,288,461","347,564","5,940,897","2,449,696","3,491,201"
6월,광고주,광고사업2본부2실5팀 (최소영),비에스투코리아(주),61063,"29,734,223","4,134,254","3,844,709","289,545","2,289,983","-2,000,438"
6월,광고주,광고사업1본부1실3팀 (박지연),밝은눈안과,57599,"51,109,340","7,666,401",0,"7,666,401","1,891,197","5,775,204"
6월,광고주,운영실1팀 (박유종),생기가득 한방병원,61253,"17,457,064","2,768,560",0,"2,768,560","1,848,850","919,710"
6월,광고주,운영실1팀 (박유종),법무법인 새움,61243,"21,218,143","2,999,112",0,"2,999,112","1,661,131","1,337,981"
6월,광고주,운영실2팀 (주규철),(주)파크랜드,32403,"29,861,169","4,671,561",0,"4,671,561","1,631,064","3,040,497"
6월,광고주,SAE팀,주식회사 큐앤드비인터내셔날,61376,"23,674,751","3,551,211",0,"3,551,211","1,629,754","1,921,457"
6월,광고주,광고사업1본부1실3팀 (박지연),(주)엘지생활건강,61536,"21,290,815","3,208,623","66,532","3,142,091","1,614,061","1,528,030"
6월,광고주,운영실1팀 (박유종),(주) 비즈폼,577,"11,311,859","1,696,779",0,"1,696,779","1,521,650","175,129"
6월,광고주,광고사업1본부1실2팀 (이남준),주식회사 버킷플레이스,61653,"8,979,700","1,533,955","254,506","1,279,449","1,404,414","-124,965"
6월,광고주,운영실2팀 (주규철),주식회사 케어닥,60883,"9,248,105","1,780,020","17,177","1,762,843","1,357,885","404,958"
6월,광고주,운영실1팀 (박유종),(주)비엔에프통상,60987,"11,579,060","1,904,103",0,"1,904,103","1,277,476","626,627"
6월,광고주,운영실1팀 (박유종),(주)사옹원,56766,"9,163,037","1,524,456",0,"1,524,456","1,254,809","269,647"
6월,광고주,SAE팀,주식회사 수나비,59654,"18,754,445","2,723,786",0,"2,723,786","1,250,025","1,473,761"
6월,광고주,운영실1팀 (박유종),강남세란의원,61691,"12,583,857","1,869,579",0,"1,869,579","1,220,952","648,627"
6월,광고주,운영실2팀 (주규철),"주식회사 아크메드라비(acme de lavie Co.,ltd.)",61120,"4,544,962","681,745","45,859","635,886","1,204,059","-568,173"
6월,광고주,운영실2팀 (주규철),(주)유한건강생활,61026,"18,977,482","1,902,639","358,208","1,544,431","1,169,956","374,475"
6월,광고주,운영실1팀 (박유종),주식회사 고차원,61207,"14,217,198","2,132,580",0,"2,132,580","1,127,371","1,005,209"
6월,광고주,운영실1팀 (박유종),보자기코리아,53368,"17,950,604","2,079,822",0,"2,079,822","1,022,728","1,057,094"
6월,광고주,광고사업2본부1실1팀 (구준수),주식회사 코스모앤컴퍼니,61524,"4,648,549","671,106","17,156","653,950","1,014,565","-360,615"
6월,광고주,운영실2팀 (주규철),엔구코리아 주식회사,58581,0,"2,379,960",0,"2,379,960","970,078","1,409,882"
6월,광고주,운영실1팀 (박유종),(주) 마하니트,61225,"7,083,508","1,027,350",0,"1,027,350","947,093","80,257"
6월,광고주,SAE팀,(주)다원솔루텍,61684,"10,955,260","1,657,646",0,"1,657,646","944,076","713,570"
6월,광고주,SAE팀,주식회사 출력홀딩스,55786,"13,689,471","2,053,420",0,"2,053,420","942,374","1,111,046"
6월,광고주,운영실2팀 (주규철),(주)지인터내셔날,56828,"14,400,000","2,160,000",0,"2,160,000","905,065","1,254,935"
6월,광고주,SAE팀,보드포인트,1149,"12,312,652","1,824,970",0,"1,824,970","837,532","987,438"
6월,광고주,운영실2팀 (주규철),주식회사 같은온도,60645,"13,727,911","2,745,582",0,"2,745,582","829,834","1,915,748"
6월,광고주,광고사업3본부2실4팀 (조다솜),(주)아모레퍼시픽,30951,0,0,0,0,"765,809","-765,809"
6월,광고주,운영실2팀 (주규철),주식회사 케이비엔,61199,"1,861,264","272,091",0,"272,091","687,418","-415,327"
6월,광고주,운영실1팀 (박유종),(주)코엔코,57939,"5,258,257","776,443",0,"776,443","610,985","165,458"
6월,광고주,SAE팀,주식회사 노랑풍선시티버스,59542,"8,832,875","1,324,931",0,"1,324,931","608,049","716,882"
6월,광고주,SAE팀,주식회사 알티스트,61201,"8,050,144","1,244,665","70,089","1,174,576","571,213","603,363"
6월,광고주,운영실1팀 (박유종),(주) 비엔에프통상,60186,"8,600,000","1,290,000",0,"1,290,000","556,390","733,610"
6월,광고주,운영실2팀 (주규철),(주)앨리앤코,56591,"5,704,494","849,357",0,"849,357","540,571","308,786"
6월,광고주,운영실1팀 (박유종),비욘드푸드,60933,"2,606,987","464,263",0,"464,263","534,403","-70,140"
6월,광고주,운영실2팀 (주규철),주식회사 릴리브랩,61161,"5,082,898","658,612",0,"658,612","523,060","135,552"
6월,광고주,광고사업1본부1실3팀 (박지연),(주)엘지생활건강,61090,"1,481,690","851,254",0,"851,254","508,219","343,035"
6월,광고주,광고사업2본부2실5팀 (최소영),(주)일룸,53952,0,0,0,0,"506,886","-506,886"
6월,광고주,운영실1팀 (박유종),(사)한국여성발명협회,61171,"-3,855",0,0,0,"494,095","-494,095"
6월,광고주,광고사업1본부1실3팀 (박지연),(주)엘지생활건강,61158,"198,402","72,260",0,"72,260","463,097","-390,837"
6월,광고주,CS파트,(주)제일엠아이,21542,"4,633,069","836,201",0,"836,201","453,699","382,502"
6월,광고주,CS파트,골드마켓,61358,"4,986,483","747,972",0,"747,972","405,829","342,143"
6월,광고주,SAE팀,한국플루크,57850,"5,629,751","844,464",0,"844,464","387,549","456,915"
6월,광고주,SAE팀,중소기업정책자금지원센터주식회사,58412,"5,157,971","773,696",0,"773,696","355,072","418,624"
6월,광고주,SAE팀,주식회사 드림와이드,61676,"5,118,333","767,750",0,"767,750","352,343","415,407"
6월,광고주,운영실1팀 (박유종),킨키,61549,"2,145,860","416,363",0,"416,363","350,696","65,667"
6월,광고주,SAE팀,파인크로스 주식회사,61411,"4,927,897","739,184",0,"739,184","339,233","399,951"
6월,광고주,CS파트,(주)성보하이드로 엔지니어링,2255,"3,861,975","624,403",0,"624,403","338,784","285,619"
6월,광고주,SAE팀,수원모던실용음악학원,44389,"3,985,685","701,106",0,"701,106","321,758","379,348"
6월,광고주,SAE팀,주식회사 아이스칸,61344,"4,201,924","629,649",0,"629,649","288,964","340,685"
6월,광고주,운영실1팀 (박유종),주식회사 대현엠앤비,61209,"4,265,058","639,758",0,"639,758","280,595","359,163"
6월,광고주,CS파트,(주)우림엠에스,59931,"3,445,183","516,778",0,"516,778","280,390","236,388"
6월,광고주,SAE팀,임팩트비뇨기과의원,46817,"6,332,607","608,466","10,000","598,466","279,243","319,223"
6월,광고주,운영실2팀 (주규철),(주)아모레퍼시픽,60271,"2,858,160","428,724",0,"428,724","278,684","150,040"
6월,광고주,운영실1팀 (박유종),주식회사 케익드라마,60837,"1,870,690","280,604",0,"280,604","278,358","2,246"
6월,광고주,광고사업3본부2실4팀 (조다솜),(주)아모레퍼시픽,60751,0,0,0,0,"277,885","-277,885"
6월,광고주,SAE팀,주식회사 딜사이트티브이,61349,"3,984,063","597,610",0,"597,610","274,261","323,349"
6월,광고주,SAE팀,주식회사 더벗,57763,"4,870,559","597,275",0,"597,275","274,107","323,168"
6월,광고주,광고사업3본부2실6팀 (조정훈),(주)하이라이트뷰티스,61317,"4,817,244","621,426","67,520","553,906","265,102","288,804"
6월,광고주,CS파트,하나서울안과의원,42986,"3,217,461","482,619",0,"482,619","261,856","220,763"
6월,광고주,광고사업1본부1실3팀 (박지연),(주)엘지생활건강,60841,"690,000","690,000",0,"690,000","253,410","436,590"
6월,광고주,CS파트,(주)도래샘,60735,"2,921,423","459,824",0,"459,824","249,487","210,337"
6월,광고주,SAE팀,케이비에스미디어주식회사,30936,"3,399,773","509,966",0,"509,966","234,038","275,928"
6월,광고주,SAE팀,(주)의식주컴퍼니,61211,"3,225,697","483,854",0,"483,854","222,055","261,799"
6월,광고주,CS파트,히오키코리아 주식회사,58786,"2,493,965","397,017",0,"397,017","215,411","181,606"
6월,광고주,광고사업2본부1실1팀 (구준수),주식회사 에스와이피글로벌,61182,0,0,0,0,"214,686","-214,686"
6월,광고주,CS파트,쏘내추럴(주),59576,"2,523,555","378,533",0,"378,533","205,381","173,152"
6월,광고주,SAE팀,샤인뮤직넷,24015,"2,858,681","428,802",0,"428,802","196,790","232,012"
6월,광고주,CS파트,써모피셔사이언티픽코리아,61112,"2,384,921","357,738",0,"357,738","194,099","163,639"
6월,광고주,운영실2팀 (주규철),주식회사 우아한형제들,61056,"1,200,000","180,000",0,"180,000","189,113","-9,113"
6월,광고주,SAE팀,루쏘소에프앤에프,49422,"2,234,952","372,701","18,366","354,335","171,043","183,292"
6월,광고주,SAE팀,더함 프랜차이즈 개발원,57437,"2,474,095","371,115",0,"371,115","170,315","200,800"
6월,광고주,SAE팀,연세힐치과의원,61365,"2,416,866","362,530",0,"362,530","166,376","196,154"
6월,광고주,운영실2팀 (주규철),포스테스,61528,0,"81,716",0,"81,716","164,990","-83,274"
6월,광고주,SAE팀,주식회사 팜므 (PAM inc.),59000,"2,378,795","356,820",0,"356,820","163,755","193,065"
6월,광고주,CS파트,(주)브리파워코리아,61647,"1,499,476","299,895",0,"299,895","162,715","137,180"
6월,광고주,CS파트,서광에프알피산업,24490,"1,972,564","295,885",0,"295,885","160,538","135,347"
6월,광고주,CS파트,(주)프리텍,50050,"1,877,663","281,650",0,"281,650","152,816","128,834"
6월,광고주,광고사업2본부2실5팀 (최소영),라가르데르엑티브엔터프라이즈코리아 유한회사,61366,"6,779,677","677,968",0,"677,968","151,632","526,336"
6월,광고주,SAE팀,시슬리의원(프리미엄에스피부과),45587,"2,129,722","319,458",0,"319,458","146,609","172,849"
6월,광고주,CS파트,화이트큐브,60738,"1,800,000","270,000",0,"270,000","146,494","123,506"
6월,광고주,CS파트,페스툴코리아 유한회사,58662,"1,800,000","270,000",0,"270,000","146,494","123,506"
6월,광고주,SAE팀,주식회사 체온365,61054,"2,208,979","315,538",0,"315,538","144,810","170,728"
6월,광고주,CS파트,주식회사 이노렌탈,59385,"1,718,728","257,810",0,"257,810","139,881","117,929"
6월,광고주,SAE팀,내공기숙캠프,61677,"1,893,286","283,993",0,"283,993","130,333","153,660"
6월,광고주,SAE팀,새항운병원,45725,"1,864,725","279,709",0,"279,709","128,367","151,342"
6월,광고주,CS파트,주식회사 상우,59906,"1,570,720","235,608",0,"235,608","127,834","107,774"
6월,광고주,SAE팀,보리움 법률사무소,59371,"2,489,306","270,086","32,500","237,586","123,950","113,636"
6월,광고주,CS파트,주식회사 이폼웍스,60757,"1,481,542","222,231",0,"222,231","120,577","101,654"
6월,광고주,SAE팀,주식회사 내공관리형스터디카페,61491,"1,715,048","257,258",0,"257,258","118,063","139,195"
6월,광고주,SAE팀,용대물산,56302,"1,714,694","257,204",0,"257,204","118,038","139,166"
6월,광고주,SAE팀,모두의음악버클리음대동문실용음악학원,61404,"1,714,680","257,202",0,"257,202","118,037","139,165"
6월,광고주,SAE팀,온뮤직실용음악학원,57089,"1,706,652","255,998",0,"255,998","117,485","138,513"
6월,광고주,SAE팀,남장현산부인과,10663,"1,641,108","246,167",0,"246,167","112,973","133,194"
6월,광고주,SAE팀,(주)백령여행사,1288,"1,626,157","243,923",0,"243,923","111,943","131,980"
6월,광고주,SAE팀,꼴레지오니스타,61239,"1,265,063","234,780","24,872","209,908","107,747","102,161"
6월,광고주,운영실2팀 (주규철),주식회사 피브이씨에스,61059,"875,603","148,853","29,192","119,661","105,173","14,488"
6월,광고주,SAE팀,(주)헬스앤뉴트리션,61659,"1,701,428","223,666",0,"223,666","102,647","121,019"
6월,광고주,SAE팀,더클래식500,34094,"1,317,845","222,209",0,"222,209","101,978","120,231"
6월,광고주,SAE팀,(주)엠제이플렉스,19413,"1,471,422","220,714",0,"220,714","101,292","119,422"
6월,광고주,CS파트,주식회사 모던인텍,52081,"1,053,049","186,149",0,"186,149","100,999","85,150"
6월,광고주,CS파트,(주)다보산업,60086,"1,233,332","185,000",0,"185,000","100,376","84,624"
6월,광고주,CS파트,(주)지학사,61660,"1,225,900","183,885",0,"183,885","99,771","84,114"
6월,광고주,CS파트,이케이 주식회사,57644,"1,215,259","182,289",0,"182,289","98,905","83,384"
6월,광고주,SAE팀,(주)나인스쿨,54669,"1,436,666","215,500",0,"215,500","98,899","116,601"
6월,광고주,CS파트,니오라코리아 유한회사,61364,"1,200,000","180,000",0,"180,000","97,662","82,338"
6월,광고주,CS파트,바른본병원,57137,"1,200,000","180,000",0,"180,000","97,662","82,338"
6월,광고주,SAE팀,(주)벤제프,59357,"1,400,000","210,000",0,"210,000","96,375","113,625"
6월,광고주,SAE팀,수피부과의원,61190,"1,088,863","207,972",0,"207,972","95,444","112,528"
6월,광고주,CS파트,주식회사 뷰티메디칼,61360,"1,144,891","171,735",0,"171,735","93,178","78,557"
6월,광고주,SAE팀,발해유학원,60704,"1,281,412","192,212",0,"192,212","88,212","104,000"
6월,광고주,SAE팀,(주) 씨엔씨,58425,"1,266,176","189,927",0,"189,927","87,163","102,764"
6월,광고주,SAE팀,진흥산업주식회사,43451,"1,231,328","184,699",0,"184,699","84,764","99,935"
6월,광고주,CS파트,코리아에폭시,58684,"1,026,039","153,906",0,"153,906","83,504","70,402"
6월,광고주,SAE팀,주식회사 골프파트너앤코스모,61426,"1,167,987","175,198",0,"175,198","80,403","94,795"
6월,광고주,SAE팀,(주)신안코스메틱,61662,"1,160,000","174,000",0,"174,000","79,854","94,146"
6월,광고주,SAE팀,대박판촉물,30804,"1,156,721","173,508",0,"173,508","79,628","93,880"
6월,광고주,CS파트,(주)스폰지마트,59261,"975,637","146,346",0,"146,346","79,404","66,942"
6월,광고주,CS파트,주식회사 성광특수강화유리,60839,"973,327","145,999",0,"145,999","79,215","66,784"
6월,광고주,SAE팀,한반도교량점검,58958,"1,150,562","172,585",0,"172,585","79,204","93,381"
6월,광고주,SAE팀,(주)동양테크툴,11053,"1,149,261","172,389",0,"172,389","79,114","93,275"
6월,광고주,CS파트,총각에어컨,52641,"955,683","143,352",0,"143,352","77,778","65,574"
6월,광고주,CS파트,예술은행,40938,"948,714","142,307",0,"142,307","77,211","65,096"
6월,광고주,광고사업2본부2실5팀 (최소영),티에스인터내셔날코리아(주),61592,"2,300,000","345,000","345,000",0,"77,161","-77,161"
6월,광고주,운영실1팀 (박유종),산스,61679,0,"255,445",0,"255,445","76,387","179,058"
6월,광고주,SAE팀,베스트무빙주식회사,59663,"1,106,442","165,967",0,"165,967","76,167","89,800"
6월,광고주,CS파트,(주)지학사,58937,"933,333","140,000",0,"140,000","75,960","64,040"
6월,광고주,SAE팀,주식회사 무브제,61686,"1,092,075","163,811",0,"163,811","75,178","88,633"
6월,광고주,SAE팀,(주)마음나눔,56946,"1,080,242","162,036",0,"162,036","74,363","87,673"
6월,광고주,CS파트,송정필방,31463,"1,201,827","133,230",0,"133,230","72,288","60,942"
6월,광고주,CP팀,토스모바일 주식회사,61681,0,0,0,0,"72,096","-72,096"
6월,광고주,CS파트,청호문화사,55257,"849,369","127,405",0,"127,405","69,127","58,278"
6월,광고주,CS파트,세브란스치과의원,61076,"1,778,253","121,879",0,"121,879","66,128","55,751"
6월,광고주,SAE팀,보승FC,55071,"958,362","143,755",0,"143,755","65,973","77,782"
6월,광고주,SAE팀,(주)알앤디코리아,58379,"911,548","136,732",0,"136,732","62,750","73,982"
6월,광고주,CS파트,한국피셔과학 (주),61113,"758,868","113,830",0,"113,830","61,761","52,069"
6월,광고주,광고사업1본부2실5팀 (조정현),(주)피알앤디컴퍼니,60951,0,0,0,0,"60,417","-60,417"
6월,광고주,CS파트,주식회사 테크원씨엔에스,60418,"737,409","110,612",0,"110,612","60,016","50,596"
6월,광고주,SAE팀,쿠코무 주식회사,58626,"861,223","129,184",0,"129,184","59,286","69,898"
6월,광고주,CS파트,주식회사 지지엠,58058,"1,211,778","108,877",0,"108,877","59,074","49,803"
6월,광고주,CS파트,주식회사 한서이엔지,59699,"697,541","104,631",0,"104,631","56,770","47,861"
6월,광고주,운영실1팀 (박유종),고마컴퍼니 주식회사,60445,"395,981","59,397",0,"59,397","55,459","3,938"
6월,광고주,CS파트,생생면 식품,61410,"644,086","96,613",0,"96,613","52,418","44,195"
6월,광고주,운영실1팀 (박유종),봄날가정법률사무소,57396,"1,141,554","171,233",0,"171,233","51,204","120,029"
6월,광고주,SAE팀,한국교원연수원,36446,"710,984","106,647",0,"106,647","48,943","57,704"
6월,광고주,CS파트,테사테이프코리아(유),58402,"600,000","90,000",0,"90,000","48,831","41,169"
6월,광고주,CS파트,송탄성모안과,58705,"596,634","89,496",0,"89,496","48,559","40,937"
6월,광고주,CS파트,한국특수금속,42220,"591,670","88,750",0,"88,750","48,154","40,596"
6월,광고주,SAE팀,디자인치과의원,54569,"698,486","104,773",0,"104,773","48,083","56,690"
6월,광고주,CS파트,주식회사 한국국제교류원,53184,"570,487","85,573",0,"85,573","46,429","39,144"
6월,광고주,CS파트,(주)케이지이니시스,52699,"563,103","84,466",0,"84,466","45,828","38,638"
6월,광고주,CS파트,윤동주성형외과의원,47123,"556,814","83,522",0,"83,522","45,317","38,205"
6월,광고주,CS파트,찬주공조,50127,"549,514","82,427",0,"82,427","44,722","37,705"
6월,광고주,CS파트,라이즈(Rise),58201,"545,509","81,827",0,"81,827","44,397","37,430"
6월,광고주,CS파트,안성비단잉어,23040,"536,110","80,416",0,"80,416","43,632","36,784"
6월,광고주,SAE팀,부강아이티(주),39679,"641,338","95,057",0,"95,057","43,624","51,433"
6월,광고주,CS파트,명인팩,57380,"533,759","80,064",0,"80,064","43,441","36,623"
6월,광고주,SAE팀,에이블스토어,55298,"623,332","93,500",0,"93,500","42,910","50,590"
6월,광고주,SAE팀,와이비엠비즈강남교육연수센터,52311,"617,300","92,595",0,"92,595","42,495","50,100"
6월,광고주,SAE팀,한누리요가아카데미(H핫요가),42239,"610,737","91,610",0,"91,610","42,042","49,568"
6월,광고주,CS파트,주식회사 강성냉동컨테이너,60958,"513,405","77,011",0,"77,011","41,784","35,227"
6월,광고주,SAE팀,(주)에이블클라우드,61412,"600,000","90,000",0,"90,000","41,304","48,696"
6월,광고주,CS파트,레그노,14771,"507,210","76,082",0,"76,082","41,281","34,801"
6월,광고주,SAE팀,동구여성인력개발센터,61375,"599,566","89,935","17,931","72,004","41,274","30,730"
6월,광고주,SAE팀,케이워터운영관리(주),61278,"590,156","88,524",0,"88,524","40,626","47,898"
6월,광고주,CS파트,마포크린,58587,"579,606","74,152",0,"74,152","40,233","33,919"
6월,광고주,SAE팀,제이비엠,61149,"582,395","87,360",0,"87,360","40,092","47,268"
6월,광고주,SAE팀,강남편입아카데미(동의엠스쿨),16106,"571,046","85,657",0,"85,657","39,310","46,347"
6월,광고주,SAE팀,바로디자인,54937,"567,733","85,160",0,"85,160","39,082","46,078"
6월,광고주,광고사업3본부1실,주식회사 다다엠앤씨,60855,"1,569,483","235,422",0,"235,422","38,900","196,522"
6월,광고주,CS파트,주식회사 웰면식품,59940,"472,854","70,928",0,"70,928","38,484","32,444"
6월,광고주,CS파트,(주)프로테인웍스,41866,"457,886","68,683",0,"68,683","37,266","31,417"
6월,광고주,SAE팀,(주)엘넷,61277,"528,130","79,219",0,"79,219","36,356","42,863"
6월,광고주,SAE팀,서울스마트치과,54843,"798,811","76,175",0,"76,175","34,959","41,216"
6월,광고주,CS파트,(주)바오솔루션스,56129,"426,296","63,945","7,500","56,445","34,694","21,751"
6월,광고주,CS파트,나비에스한의원,54699,"450,595","63,734",0,"63,734","34,580","29,154"
6월,광고주,CS파트,우진디자인시스템퍼니처,38656,"412,547","61,882",0,"61,882","33,574","28,308"
6월,광고주,SAE팀,더서울치과,56535,"835,970","73,077",0,"73,077","33,537","39,540"
6월,광고주,CS파트,태동관광개발(주),40687,"401,054","60,158",0,"60,158","32,640","27,518"
6월,광고주,SAE팀,주식회사 맛있는에프앤비,58787,"466,257","69,939",0,"69,939","32,097","37,842"
6월,광고주,운영실2팀 (주규철),(재)서울디자인재단 서울디자인창업센터,61144,0,0,0,0,"31,863","-31,863"
6월,광고주,SAE팀,주식회사 전구샵,61361,"562,966","69,375",0,"69,375","31,838","37,537"
6월,광고주,SAE팀,명성이벤트,34437,"455,427","68,314",0,"68,314","31,351","36,963"
6월,광고주,SAE팀,솔밭펜션,39744,"455,247","68,287",0,"68,287","31,339","36,948"
6월,광고주,광고사업3본부1실1팀 (강기민),어음톡,59295,"992,859","148,929",0,"148,929","31,302","117,627"
6월,광고주,CS파트,(주) 일식조리기술원,58227,"380,366","57,055",0,"57,055","30,957","26,098"
6월,광고주,SAE팀,기프팅,19935,"448,082","67,212",0,"67,212","30,846","36,366"
6월,광고주,CS파트,제이제이비뇨기과,49955,"377,319","56,598",0,"56,598","30,709","25,889"
6월,광고주,SAE팀,(주)정보라인,59099,"444,109","66,616",0,"66,616","30,572","36,044"
6월,광고주,CS파트,곤카곤충농장,47310,"369,354","55,403",0,"55,403","30,060","25,343"
6월,광고주,CS파트,평택크레인,16918,"366,852","55,028",0,"55,028","29,856","25,172"
6월,광고주,CS파트,칠판마트,26860,"365,532","54,830",0,"54,830","29,749","25,081"
6월,광고주,CS파트,주산수리셈(주),26442,"362,018","54,302",0,"54,302","29,462","24,840"
6월,광고주,SAE팀,수유상사 주식회사,59489,"426,301","63,945",0,"63,945","29,346","34,599"
6월,광고주,SAE팀,한소 주식회사,51366,"406,779","61,017",0,"61,017","28,002","33,015"
6월,광고주,SAE팀,다인치과,60147,"302,028","60,405",0,"60,405","27,722","32,683"
6월,광고주,CS파트,나비에스 (NABY-S) 의원,51066,"329,233","49,385",0,"49,385","26,794","22,591"
6월,광고주,CS파트,대구연합행정사사무소,58804,"323,711","48,557",0,"48,557","26,345","22,212"
6월,광고주,SAE팀,AHA 산업(아하산업),20031,"381,592","57,239",0,"57,239","26,269","30,970"
6월,광고주,CS파트,한미노즐(주),41665,"319,423","47,914",0,"47,914","25,997","21,917"
6월,광고주,SAE팀,아리아르마투렌코리아 유한회사,61327,"375,220","56,283",0,"56,283","25,830","30,453"
6월,광고주,SAE팀,주식회사 제이컴스,57617,"372,650","55,898",0,"55,898","25,653","30,245"
6월,광고주,CS파트,방방,28383,"309,637","46,446",0,"46,446","25,200","21,246"
6월,광고주,CS파트,레퍼런스체크코리아 주식회사,57708,"305,334","45,801",0,"45,801","24,851","20,950"
6월,광고주,CS파트,23살농부,48028,"293,406","44,010",0,"44,010","23,879","20,131"
6월,광고주,SAE팀,주식회사 씨디씨골프앤스포츠,61388,"411,979","51,865",0,"51,865","23,802","28,063"
6월,광고주,CS파트,(주)대영테크,42498,"290,832","43,625",0,"43,625","23,669","19,956"
6월,광고주,CS파트,크라운외식산업,36639,"286,767","43,015",0,"43,015","23,339","19,676"
6월,광고주,SAE팀,태흥교역,45282,"336,754","50,513",0,"50,513","23,182","27,331"
6월,광고주,SAE팀,탐나오리,61585,"329,885","49,482",0,"49,482","22,709","26,773"
6월,광고주,CS파트,한국생산성본부,17297,"277,826","41,674",0,"41,674","22,611","19,063"
6월,광고주,CS파트,디지털서울문화예술대학교,43116,"275,682","41,352",0,"41,352","22,436","18,916"
6월,광고주,CS파트,(주) 라인시스템,60613,"274,337","41,150",0,"41,150","22,327","18,823"
6월,광고주,CS파트,신원플라스틱 주식회사,61362,"274,088","41,114",0,"41,114","22,307","18,807"
6월,광고주,CS파트,제이원 인터내셔널,59391,"266,592","39,988",0,"39,988","21,696","18,292"
6월,광고주,CS파트,(주)짐모아인터내쇼날,31794,"265,999","39,900",0,"39,900","21,648","18,252"
6월,광고주,SAE팀,믿음하수구,41706,"309,546","46,432",0,"46,432","21,309","25,123"
6월,광고주,SAE팀,주식회사 유니환경,61690,"303,902","45,585",0,"45,585","20,920","24,665"
6월,광고주,SAE팀,에이틴,59033,"294,490","44,174",0,"44,174","20,273","23,901"
6월,광고주,CS파트,위대한탄생여성병원,60129,"243,078","36,462",0,"36,462","19,784","16,678"
6월,광고주,CS파트,수원에버성형외과의원,33481,"234,111","35,117",0,"35,117","19,053","16,064"
6월,광고주,CS파트,리마트(사무나라),47273,"233,195","34,979",0,"34,979","18,978","16,001"
6월,광고주,CS파트,태건산업안전 주식회사,49068,"223,939","33,590",0,"33,590","18,226","15,364"
6월,광고주,CS파트,필어닝,59132,"223,230","33,485",0,"33,485","18,168","15,317"
6월,광고주,SAE팀,가나식품기계,6698,"262,102","39,315",0,"39,315","18,043","21,272"
6월,광고주,SAE팀,연세구치과,56057,"198,287","38,997",0,"38,997","17,897","21,100"
6월,광고주,SAE팀,주식회사 토홀드,61245,"242,678","36,402",0,"36,402","16,706","19,696"
6월,광고주,CS파트,한국자동차운전전문학원,58732,"203,560","30,534",0,"30,534","16,567","13,967"
6월,광고주,SAE팀,(주)이룸에프엔비,61355,"229,970","34,496",0,"34,496","15,831","18,665"
6월,광고주,SAE팀,성우기획(소프트하모니 인터내셔널),33562,"228,183","34,228",0,"34,228","15,708","18,520"
6월,광고주,CS파트,(주)지큐엘이비,7036,"191,907","28,786",0,"28,786","15,620","13,166"
6월,광고주,SAE팀,홍제탑치과의원,60755,"505,923","33,170",0,"33,170","15,223","17,947"
6월,광고주,SAE팀,주식회사 엠지아이티,61519,"220,000","33,000",0,"33,000","15,145","17,855"
6월,광고주,SAE팀,구플러스,58525,"215,687","32,353",0,"32,353","14,848","17,505"
6월,광고주,SAE팀,메디앙,37955,"171,688","32,046",0,"32,046","14,707","17,339"
6월,광고주,운영실1팀 (박유종),닥터스웰 주식회사,61601,"9,253","1,388",0,"1,388","14,304","-12,916"
6월,광고주,SAE팀,메가존(주),41201,"205,162","30,774","10,257","20,517","14,123","6,394"
6월,광고주,CS파트,피싱스튜디오,53622,"172,642","25,896",0,"25,896","14,050","11,846"
6월,광고주,SAE팀,온뮤직실용음악강북캠퍼스학원,51920,"203,173","30,476",0,"30,476","13,986","16,490"
6월,광고주,CS파트,독일지멘스보청기 구미,59403,"164,524","24,679",0,"24,679","13,391","11,288"
6월,광고주,SAE팀,주식회사 라온비주얼시스템,54845,"192,155","28,823",0,"28,823","13,228","15,595"
6월,광고주,CS파트,한지상자닷컴,57424,"161,605","24,240",0,"24,240","13,151","11,089"
6월,광고주,CS파트,배터리일번지,49854,"157,597","23,639",0,"23,639","12,826","10,813"
6월,광고주,CS파트,카인드짐 휘트니스,58394,"956,498","23,331",0,"23,331","12,658","10,673"
6월,광고주,SAE팀,에버그린평생교육원,61665,"183,698","27,555","25,717","1,838","12,646","-10,808"
6월,광고주,SAE팀,브랜드온넷,40982,"182,543","27,382",0,"27,382","12,566","14,816"
6월,광고주,CS파트,바흐가구 인테리어,59100,"153,505","23,026",0,"23,026","12,493","10,533"
6월,광고주,CS파트,리본요가분당점,54975,"151,625","22,743",0,"22,743","12,340","10,403"
6월,광고주,CS파트,(주)오랙스티엠,57183,"144,154","21,623",0,"21,623","11,732","9,891"
6월,광고주,CS파트,인제나노판매 주식회사,41431,"143,469","21,520",0,"21,520","11,676","9,844"
6월,광고주,CS파트,등대불빛아래,45263,"141,976","21,296",0,"21,296","11,554","9,742"
6월,광고주,SAE팀,러시아어 에듀랑,61262,"164,019","24,603",0,"24,603","11,291","13,312"
6월,광고주,CS파트,주식회사에이이노텍,58621,"135,384","20,307",0,"20,307","11,018","9,289"
6월,광고주,CS파트,다나넥스트(주),42000,"135,200","20,280",0,"20,280","11,003","9,277"
6월,광고주,SAE팀,주식회사 삼주산업,56980,"159,621","23,943",0,"23,943","10,988","12,955"
6월,광고주,CS파트,미디어사운드랩 음각,58294,"132,574","19,887",0,"19,887","10,791","9,096"
6월,광고주,CS파트,911aircon,41614,"124,720","18,708",0,"18,708","10,151","8,557"
6월,광고주,SAE팀,싱글하우스정자점,41750,"145,484","21,823",0,"21,823","10,015","11,808"
6월,광고주,SAE팀,코코리빙텔 천호점,21038,"141,534","21,230",0,"21,230","9,743","11,487"
6월,광고주,SAE팀,리빙캐슬 양재점,59424,"139,497","20,925",0,"20,925","9,603","11,322"
6월,광고주,CS파트,주식회사 신원,58306,"117,644","17,646",0,"17,646","9,574","8,072"
6월,광고주,CS파트,헬로우다이빙,34373,"116,792","17,512",0,"17,512","9,502","8,010"
6월,광고주,SAE팀,21세기모타,59292,"137,676","20,652",0,"20,652","9,478","11,174"
6월,광고주,SAE팀,연세네이처치과의원,56650,"566,600","19,906",0,"19,906","9,135","10,771"
6월,광고주,SAE팀,(주)서구대성학원,61166,"129,772","19,466",0,"19,466","8,934","10,532"
6월,광고주,CS파트,제이스준우,55915,"109,425","16,414",0,"16,414","8,906","7,508"
6월,광고주,SAE팀,뉴돌고래레져클럽,43900,"129,227","19,384",0,"19,384","8,896","10,488"
6월,광고주,CS파트,케이엔비 엔터테인먼트,61200,"109,115","16,368",0,"16,368","8,882","7,486"
6월,광고주,CS파트,씨지통신(해병마크사),51541,"108,991","16,349",0,"16,349","8,871","7,478"
6월,광고주,CS파트,씨엔쇼파,43448,"107,255","16,088",0,"16,088","8,728","7,360"
6월,광고주,CS파트,그리고휴,13213,"104,197","15,629",0,"15,629","8,479","7,150"
6월,광고주,CS파트,동화나라,22021,"103,508","15,527",0,"15,527","8,424","7,103"
6월,광고주,SAE팀,이지론대부중개,61715,"119,657","17,948",0,"17,948","8,237","9,711"
6월,광고주,CS파트,리즈미의원,46120,"97,952","14,693",0,"14,693","7,971","6,722"
6월,광고주,CS파트,태정산업,56205,"96,055","14,408",0,"14,408","7,817","6,591"
6월,광고주,SAE팀,킴스요가&필라테스 중앙점,61416,"113,524","17,029",0,"17,029","7,815","9,214"
6월,광고주,CS파트,(주)프론티어유학원,52618,"94,162","14,124",0,"14,124","7,664","6,460"
6월,광고주,CS파트,즐거운친구들,26053,"93,932","14,090",0,"14,090","7,645","6,445"
6월,광고주,SAE팀,보광,61695,"110,163","16,524",0,"16,524","7,583","8,941"
6월,광고주,CS파트,신호시스템 서울센타,26320,"298,004","13,916",0,"13,916","7,550","6,366"
6월,광고주,SAE팀,알에스신화랜드,61427,"109,195","16,380",0,"16,380","7,517","8,863"
6월,광고주,CS파트,월평아이빅실용음악학원,60514,"91,536","13,731",0,"13,731","7,449","6,282"
6월,광고주,SAE팀,머니닥터공인중개사사무소,60870,"260,199","15,789",0,"15,789","7,246","8,543"
6월,광고주,SAE팀,온뮤직실용음악학원,61096,"101,039","15,156",0,"15,156","6,956","8,200"
6월,광고주,SAE팀,능이백숙명가,61330,"94,732","14,210",0,"14,210","6,521","7,689"
6월,광고주,CS파트,(주)엠프파트너스,47207,"79,348","11,902",0,"11,902","6,457","5,445"
6월,광고주,CS파트,건강한사람들,49434,"79,078","11,862",0,"11,862","6,435","5,427"
6월,광고주,CS파트,한국후지A/S센타,36585,"78,764","11,815",0,"11,815","6,410","5,405"
6월,광고주,SAE팀,주식회사 대흥포텍,56848,"92,649","13,897",0,"13,897","6,378","7,519"
6월,광고주,CS파트,스마트렌탈,50120,"75,899","11,385",0,"11,385","6,178","5,207"
6월,광고주,SAE팀,한성기업,41009,"87,465","13,120",0,"13,120","6,021","7,099"
6월,광고주,CS파트,성산특수글라스,3235,"73,619","11,043",0,"11,043","5,992","5,051"
6월,광고주,CS파트,현대공업,60260,"73,253","10,988",0,"10,988","5,962","5,026"
6월,광고주,CS파트,세무법인조율 고양지점,59919,"73,085","10,963",0,"10,963","5,948","5,015"
6월,광고주,CS파트,헬레나즈,31430,"71,994","10,799",0,"10,799","5,860","4,939"
6월,광고주,CS파트,오일마스터,40472,"71,560","10,734",0,"10,734","5,823","4,911"
6월,광고주,SAE팀,주아네트웍스,21062,"82,150","12,323",0,"12,323","5,655","6,668"
6월,광고주,CS파트,(주)에스공사(소리공사),31028,"68,118","10,218",0,"10,218","5,544","4,674"
6월,광고주,SAE팀,주식회사 브라더컴,61290,"79,756","11,963",0,"11,963","5,490","6,473"
6월,광고주,CS파트,조호군한의원,28261,"67,256","10,088",0,"10,088","5,473","4,615"
6월,광고주,CS파트,네모나무펜션,57405,"65,389","9,808",0,"9,808","5,321","4,487"
6월,광고주,CS파트,뉴비자,59069,"65,289","9,794",0,"9,794","5,314","4,480"
6월,광고주,SAE팀,삼삼물산,46528,"76,474","11,471",0,"11,471","5,264","6,207"
6월,광고주,SAE팀,청주아이폰수리마켓,59473,"172,640","11,393",0,"11,393","5,229","6,164"
6월,광고주,CS파트,거산21컨테이너,32117,"64,122","9,618",0,"9,618","5,218","4,400"
6월,광고주,CS파트,도촌모터스,58181,"63,891","9,584",0,"9,584","5,200","4,384"
6월,광고주,CS파트,엠플러스실용음악학원,41553,"63,625","9,544",0,"9,544","5,178","4,366"
6월,광고주,CS파트,신일특허사무소,59177,"62,627","9,394",0,"9,394","5,098","4,296"
6월,광고주,CS파트,장호오렌지하우스,58365,"62,522","9,379",0,"9,379","5,089","4,290"
6월,광고주,CS파트,강민근국어논술,58574,"57,737","8,661",0,"8,661","4,700","3,961"
6월,광고주,SAE팀,제일산업,6804,"68,061","10,209",0,"10,209","4,685","5,524"
6월,광고주,CS파트,김경숙출장요리,19398,"57,081","8,562",0,"8,562","4,646","3,916"
6월,광고주,CS파트,뉴마더맘산후조리원,56620,"56,277","8,442",0,"8,442","4,581","3,861"
6월,광고주,SAE팀,서울플란트원치과의원,56408,"251,650","9,948",0,"9,948","4,565","5,383"
6월,광고주,CS파트,(주)제이앤피코퍼레이션,41603,"55,562","8,334",0,"8,334","4,523","3,811"
6월,광고주,SAE팀,연세바로치과교정과치과의원,60606,"264,598","9,779",0,"9,779","4,488","5,291"
6월,광고주,SAE팀,해충방역캐치원,59619,"64,668","9,700",0,"9,700","4,452","5,248"
6월,광고주,CS파트,제마산업,19987,"52,556","7,884",0,"7,884","4,278","3,606"
6월,광고주,CS파트,주식회사 비달사순아카데미한국공식,60092,"52,084","7,812",0,"7,812","4,238","3,574"
6월,광고주,CS파트,리본요가평촌점,57527,"50,938","7,641",0,"7,641","4,146","3,495"
6월,광고주,CS파트,장호이미자펜션,57459,"48,861","7,329",0,"7,329","3,977","3,352"
6월,광고주,CS파트,인포라인,44191,"135,973","7,226",0,"7,226","3,921","3,305"
6월,광고주,SAE팀,에코스,45916,"56,468","8,470",0,"8,470","3,887","4,583"
6월,광고주,CS파트,아트웍스,25449,"47,478","7,122",0,"7,122","3,863","3,259"
6월,광고주,SAE팀,세화,12743,"56,061","8,409",0,"8,409","3,859","4,550"
6월,광고주,CS파트,베스트데이타,40735,"88,117","7,084",0,"7,084","3,843","3,241"
6월,광고주,SAE팀,레이텍,21418,"55,204","8,281",0,"8,281","3,800","4,481"
6월,광고주,CS파트,복주는세상(복어세상),30624,"43,756","6,564",0,"6,564","3,561","3,003"
6월,광고주,CS파트,인천잉꼬음향(잉꼬노래연습장),7453,"43,037","6,455",0,"6,455","3,502","2,953"
6월,광고주,CS파트,화성고등학교,44076,"42,784","6,418",0,"6,418","3,482","2,936"
6월,광고주,CS파트,동양라이트,55246,"42,430","6,364",0,"6,364","3,453","2,911"
6월,광고주,CS파트,우양산업개발 (주) 힐튼경주지점,57878,"40,731","6,110",0,"6,110","3,315","2,795"
6월,광고주,CS파트,리본요가(수원점),32008,"40,470","6,071",0,"6,071","3,294","2,777"
6월,광고주,CS파트,오산한국문화센터(개인),57522,"40,195","6,030",0,"6,030","3,271","2,759"
6월,광고주,SAE팀,평산테크(다음),55515,"47,329","7,099",0,"7,099","3,258","3,841"
6월,광고주,CS파트,다솜공예,6752,"39,902","5,985",0,"5,985","3,247","2,738"
6월,광고주,CS파트,홍승동떡연구소,29732,"38,958","5,844",0,"5,844","3,171","2,673"
6월,광고주,CS파트,(주)아이온커뮤니케이션즈,56191,"38,675","5,801",0,"5,801","3,148","2,653"
6월,광고주,SAE팀,에셋프라자(프라임에셋),41363,"42,326","6,349",0,"6,349","2,914","3,435"
6월,광고주,SAE팀,수도엔터프라이즈,60826,"42,322","6,348",0,"6,348","2,913","3,435"
6월,광고주,CS파트,키엘네일,59879,"35,477","5,321",0,"5,321","2,887","2,434"
6월,광고주,CS파트,이선생,60319,"32,880","4,932",0,"4,932","2,676","2,256"
6월,광고주,SAE팀,마이홈리빙텔 문정점,22905,"35,533","5,330",0,"5,330","2,446","2,884"
6월,광고주,CS파트,세기하우징,40012,"29,233","4,385",0,"4,385","2,379","2,006"
6월,광고주,CS파트,나라전기,22241,"28,286","4,243",0,"4,243","2,302","1,941"
6월,광고주,CS파트,금모래은모래펜션,53157,"28,064","4,209",0,"4,209","2,283","1,926"
6월,광고주,SAE팀,델타콘도비,51904,"32,810","4,922",0,"4,922","2,259","2,663"
6월,광고주,광고사업3본부2실5팀 (최서희),주안전기공사인력,59586,"71,697","10,754",0,"10,754","2,177","8,577"
6월,광고주,SAE팀,미래연세치과,60671,"30,705","4,605",0,"4,605","2,113","2,492"
6월,광고주,SAE팀,부광인테리어,61705,"30,684","4,603",0,"4,603","2,112","2,491"
6월,광고주,CS파트,세양기계,57071,"25,312","3,797",0,"3,797","2,061","1,736"
6월,광고주,CS파트,(주)피엠씨엔지니어링,58707,"24,521","3,678",0,"3,678","1,996","1,682"
6월,광고주,CS파트,범일금고,2516,"24,405","3,660",0,"3,660","1,987","1,673"
6월,광고주,CS파트,주식회사 아이엠컨설팅그룹,61674,"23,911","3,587",0,"3,587","1,946","1,641"
6월,광고주,SAE팀,퀸아울렛,27161,"27,583","4,137",0,"4,137","1,899","2,238"
6월,광고주,SAE팀,연세남기세치과의원,60844,"28,833","4,088",0,"4,088","1,876","2,212"
6월,광고주,CS파트,펌프킨,43075,"22,986","3,448",0,"3,448","1,870","1,578"
6월,광고주,SAE팀,임팩트 로스트볼,61394,"27,015","4,053",0,"4,053","1,860","2,193"
6월,광고주,CS파트,엑셀위스,35085,"22,670","3,401",0,"3,401","1,846","1,555"
6월,광고주,CS파트,동국섬유,58649,"22,169","3,325",0,"3,325","1,804","1,521"
6월,광고주,CS파트,본영사,49013,"22,088","3,313",0,"3,313","1,796","1,517"
6월,광고주,SAE팀,뉴영남 부동산,44109,"25,656","3,848",0,"3,848","1,766","2,082"
6월,광고주,CS파트,케이티티글로벌,47321,"21,184","3,178",0,"3,178","1,724","1,454"
6월,광고주,CS파트,유창금속,52178,"21,031","3,155",0,"3,155","1,712","1,443"
6월,광고주,CS파트,디아이에프(DIF)무용원,61523,"24,909","3,142",0,"3,142","1,705","1,437"
6월,광고주,CS파트,마스터이엔씨,36312,"20,014","3,003",0,"3,003","1,629","1,374"
6월,광고주,CS파트,릴수리닷컴,61030,"19,535","2,930",0,"2,930","1,590","1,340"
6월,광고주,CS파트,초부리하우스,58751,"19,041","2,856",0,"2,856","1,551","1,305"
6월,광고주,SAE팀,엘에스(LS)방전,61213,"22,145","3,322",0,"3,322","1,525","1,797"
6월,광고주,CS파트,파출사랑,59024,"18,190","2,728",0,"2,728","1,481","1,247"
6월,광고주,SAE팀,콕콕부동산공인중개사사무소,61700,"21,218","3,182",0,"3,182","1,460","1,722"
6월,광고주,CS파트,한우리AV,45130,"17,575","2,636",0,"2,636","1,431","1,205"
6월,광고주,CS파트,지혜아동청소년발달센터 주식회사,61618,"17,389","2,609",0,"2,609","1,415","1,194"
6월,광고주,CS파트,업스포츠,57835,"17,088","2,564",0,"2,564","1,392","1,172"
6월,광고주,SAE팀,코비코,57317,"19,776","2,967",0,"2,967","1,362","1,605"
6월,광고주,SAE팀,온세led,40789,"19,100","2,865",0,"2,865","1,315","1,550"
6월,광고주,CS파트,현덕산업기술,3221,"16,087","2,413",0,"2,413","1,309","1,104"
6월,광고주,CS파트,건강한세상앞선치과병원,39109,"15,299","2,295",0,"2,295","1,245","1,050"
6월,광고주,CS파트,CA(씨에이),38489,"15,185","2,278",0,"2,278","1,236","1,042"
6월,광고주,CS파트,신우전기제조(주),18518,"15,161","2,275",0,"2,275","1,233","1,042"
6월,광고주,CS파트,전주하수구,57552,"14,783","2,218",0,"2,218","1,202","1,016"
6월,광고주,CS파트,고운이라인치과,41297,"14,655","2,199",0,"2,199","1,193","1,006"
6월,광고주,CS파트,대진종합유통,42823,"14,609","2,191",0,"2,191","1,188","1,003"
6월,광고주,CS파트,가온,51701,"14,150","2,123",0,"2,123","1,152",971
6월,광고주,CS파트,다산정공,42591,"14,028","2,104",0,"2,104","1,141",963
6월,광고주,CS파트,엠프렙어학원,11474,"13,965","2,095",0,"2,095","1,137",958
6월,광고주,CS파트,월드중고폰&픽스존,58752,"13,390","2,009",0,"2,009","1,090",919
6월,광고주,CS파트,양전자시스템,55347,"12,979","1,947",0,"1,947","1,056",891
6월,광고주,CS파트,민현악기,50804,"12,891","1,935",0,"1,935","1,050",885
6월,광고주,CS파트,(주)쓰리에이엔지니어링,57872,"12,700","1,905",0,"1,905","1,033",872
6월,광고주,CS파트,아이빅아트센터,60717,"12,399","1,860",0,"1,860","1,010",850
6월,광고주,CS파트,주식회사 파라바이오,61154,"12,227","1,834",0,"1,834",996,838
6월,광고주,CS파트,가이드인쇄,49003,"12,009","1,801",0,"1,801",978,823
6월,광고주,SAE팀,김민주님 라마다울릉호텔 912호,61370,"14,090","2,113",0,"2,113",970,"1,143"
6월,광고주,CS파트,이삭사다리,50891,"11,807","1,771",0,"1,771",962,809
6월,광고주,CS파트,일광공구공업,40219,"11,559","1,734",0,"1,734",942,792
6월,광고주,광고사업1본부2실1팀 (추성호),UK LINKERS LIMITED,58122,"32,336","4,850",0,"4,850",829,"4,021"
6월,광고주,CS파트,텔스콤,41977,"9,972","1,496",0,"1,496",812,684
6월,광고주,CS파트,경광카본,30740,"9,956","1,494",0,"1,494",811,683
6월,광고주,CS파트,리디아,40673,"9,883","1,482",0,"1,482",803,679
6월,광고주,SAE팀,비토섬마린블루펜션,61252,"11,367","1,705",0,"1,705",782,923
6월,광고주,CS파트,한미르학원 주식회사,59362,"9,584","1,438",0,"1,438",779,659
6월,광고주,CS파트,에프에이온,61359,"9,478","1,422",0,"1,422",771,651
6월,광고주,운영실2팀 (주규철),주식회사 스틱스앤스톤스,58623,"17,452","2,618",0,"2,618",731,"1,887"
6월,광고주,SAE팀,주식회사 비비다컴,60994,"10,549","1,582",0,"1,582",726,856
6월,광고주,CS파트,전주변기하수구씽크대막힘뚫음업체,56807,"8,908","1,337",0,"1,337",725,612
6월,광고주,CS파트,쓰리에스씨,28580,"8,586","1,288",0,"1,288",698,590
6월,광고주,CS파트,이브아유르,43509,"8,457","1,268",0,"1,268",687,581
6월,광고주,SAE팀,명성한의원,6778,"9,131","1,370",0,"1,370",629,741
6월,광고주,CS파트,씨에이테크,58569,"7,527","1,129",0,"1,129",613,516
6월,광고주,CS파트,(주)태흥,7468,"7,529","1,130",0,"1,130",613,517
6월,광고주,SAE팀,해건한의원,35420,"8,479","1,271",0,"1,271",583,688
6월,광고주,CS파트,주식회사 티아이,58441,"7,157","1,074",0,"1,074",582,492
6월,광고주,CS파트,켐플러스,13118,"6,943","1,042",0,"1,042",565,477
6월,광고주,SAE팀,리즌카,54154,"8,194","1,229",0,"1,229",564,665
6월,광고주,광고사업3본부2실6팀 (조정훈),주식회사 커리어게이트,60452,"15,579","2,337",0,"2,337",535,"1,802"
6월,광고주,SAE팀,앵마켓,61423,"7,470","1,120",0,"1,120",514,606
6월,광고주,SAE팀,하나아이엔티,21086,"7,370","1,106",0,"1,106",508,598
6월,광고주,CS파트,청운검정고시학원,12098,"5,941",891,0,891,484,407
6월,광고주,SAE팀,(주)웃샘,61683,"6,453",968,0,968,444,524
6월,광고주,SAE팀,아인스치과의원,59163,"229,897",964,0,964,442,522
6월,광고주,CS파트,창성적재함,51072,"5,435",815,0,815,442,373
6월,광고주,CS파트,공감이 있는 공간,59709,"5,318",798,0,798,434,364
6월,광고주,운영실1팀 (박유종),주식회사 동양디엔피,57125,"9,440","1,416",0,"1,416",422,994
6월,광고주,SAE팀,(주)대우컨테이너,57046,"6,099",914,0,914,419,495
6월,광고주,CS파트,해인가든산장,56553,"5,037",756,0,756,411,345
6월,광고주,SAE팀,봉캐릭터,46652,"5,693",854,0,854,392,462
6월,광고주,SAE팀,(CW)디테일링 부산명지점,61545,"5,446",816,0,816,374,442
6월,광고주,SAE팀,아쉬탕가요가센터,30072,"5,314",798,0,798,366,432
6월,광고주,광고사업3본부2실,주식회사 커넥트온,58968,"14,060","2,109",0,"2,109",362,"1,747"
6월,광고주,SAE팀,푸른건강식품연구원(웰빙하우스),19638,"5,036",756,0,756,347,409
6월,광고주,CS파트,주식회사 하비스,59965,"3,624",543,0,543,295,248
6월,광고주,CS파트,모든오피스,36254,"3,470",521,0,521,283,238
6월,광고주,CS파트,신생공업,52094,"3,347",503,0,503,272,231
6월,광고주,CS파트,벌룬데코(파티아나),38254,"3,156",474,0,474,256,218
6월,광고주,CS파트,전주스쿠버,50202,"2,846",427,0,427,231,196
6월,광고주,CS파트,이벤트원,52541,"2,672",400,0,400,216,184
6월,광고주,CS파트,(주)제이앤디테크,41980,"2,626",394,0,394,213,181
6월,광고주,CS파트,주식회사 케이에이치오토,60361,"2,560",384,0,384,208,176
6월,광고주,SAE팀,한울프랜차이즈,34384,"2,919",438,0,438,201,237
6월,광고주,SAE팀,(주)최고식품,60668,"2,884",433,0,433,199,234
6월,광고주,SAE팀,아이엠피티,30861,"2,860",429,0,429,197,232
6월,광고주,CS파트,아키라인,34634,"2,134",320,0,320,174,146
6월,광고주,CS파트,대관령품안에펜션,15733,"2,022",304,0,304,165,139
6월,광고주,CS파트,횡성한우백화점,41536,"2,020",303,0,303,163,140
6월,광고주,SAE팀,(주)밀양한천,59739,"2,310",347,0,347,159,188
6월,광고주,SAE팀,턴잇인코리아 유한회사,57308,"2,220",333,0,333,153,180
6월,광고주,SAE팀,소프트하모니 인터내셔널,53179,"2,160",324,0,324,149,175
6월,광고주,CS파트,대구경북법인설립센터,60573,"1,810",272,0,272,147,125
6월,광고주,CS파트,(주)코스턴,19689,"1,580",237,0,237,128,109
6월,광고주,SAE팀,주식회사 비티몰(브라이튼몰),25159,"1,600",240,0,240,110,130
6월,광고주,CS파트,시그마소프트,40112,"1,322",198,0,198,107,91
6월,광고주,SAE팀,위요감,61625,"1,494",224,0,224,103,121
6월,광고주,CS파트,덕현리촌장 전원펜션,43020,"1,242",186,0,186,101,85
6월,광고주,SAE팀,주식회사 담은푸드,60819,"1,284",193,0,193,89,104
6월,광고주,SAE팀,주식회사 더엑스컴퍼니,61701,"1,238",186,0,186,85,101
6월,광고주,광고사업1본부2실1팀 (추성호),도움부동산중개,60001,"3,139",471,0,471,81,390
6월,광고주,CS파트,바다림영어조합법인(바지락공장),59168,960,144,0,144,77,67
6월,광고주,CS파트,아이앤텍,45364,877,131,0,131,71,60
6월,광고주,SAE팀,플로스앤가든,61300,949,143,0,143,66,77
6월,광고주,SAE팀,대우스토리지,57090,917,137,0,137,63,74
6월,광고주,SAE팀,주식회사 딜사이트에스,61391,856,128,0,128,59,69
6월,광고주,CS파트,신한과학(주),52344,640,96,0,96,52,44
6월,광고주,CS파트,소망녹취속기사무소,37892,574,86,0,86,47,39
6월,광고주,SAE팀,레디션,60911,650,98,0,98,45,53
6월,광고주,CS파트,세광기업,46875,550,83,0,83,45,38
6월,광고주,CS파트,부영목재포장,24938,543,81,0,81,43,38
6월,광고주,CS파트,js교육,47687,440,66,0,66,35,31
6월,광고주,CS파트,나무판때기,46009,350,53,0,53,29,24
6월,광고주,CS파트,주식회사 휴리스,60628,340,51,0,51,28,23
6월,광고주,CS파트,서울소독,55636,340,51,0,51,28,23
6월,광고주,CS파트,에스티라이트,28002,280,42,0,42,23,19
6월,광고주,CS파트,광명고주파전기,36890,260,39,0,39,20,19
6월,광고주,운영실,영상교육미디어,3190,688,104,0,104,18,86
6월,광고주,CS파트,서울역 윌치과,41178,210,32,0,32,17,15
6월,광고주,CS파트,세종이화발레학원,50736,204,31,0,31,16,15
6월,광고주,CS파트,수원동아앵글,688,150,23,0,23,13,10
6월,광고주,CS파트,샴푸모텔,60557,140,21,0,21,12,9
6월,광고주,CS파트,상록지붕방수,48676,127,19,0,19,11,8
6월,광고주,CS파트,남한강레포츠,43868,130,20,0,20,11,9
6월,광고주,CS파트,샘피디,38108,90,14,0,14,7,7
6월,광고주,CS파트,통북스,54848,70,11,0,11,6,5
6월,광고주,CS파트,우리컴(우리파츠),41552,70,11,0,11,6,5
6월,광고주,SAE팀,파인애플 피티엘,60721,70,11,0,11,5,6
6월,광고주,광고사업1본부,비품플러스,51403,"14,548","2,182",0,"2,182",0,"2,182"
6월,광고주,광고사업1본부,갤럭시텔,50836,"54,684","8,203",0,"8,203",0,"8,203"
6월,광고주,SAE팀,코아리에프앤비,61539,"-1,410",-211,0,-211,0,-211
6월,광고주,SAE팀,내곡웰치과의원,60727,"4,825",0,0,0,0,0
6월,광고주,SAE팀,서울이웰치과의원,57173,"30,293",0,0,0,0,0
6월,광고주,SAE팀,플란트,60740,"396,064",0,0,0,0,0
6월,광고주,SAE팀,금성관 나주곰탕,60710,"1,066,511",0,0,0,0,0
6월,광고주,사업지원팀,이엠넷,10157,"4,079,525","110,865","103,473","7,392",0,"7,392"
6월,광고주,(202301) 채널팀,신한네트워크,44135,"1,772",266,0,266,0,266
6월,광고주,미디어채널팀,(주)중앙애드넷아이엔씨,60991,"2,906,001",0,0,0,0,0
6월,광고주,미디어채널팀,(주)아이디어키,60932,"5,615,265","193,433","154,745","38,688",0,"38,688"
6월,광고주,미디어채널팀,주식회사 디포캐스트,60918,"99,330,462","1,446,724","1,157,377","289,347",0,"289,347"
6월,광고주,미디어채널팀,주식회사 코마스인터렉티브,61012,"111,296,966","8,871,890","7,972,353","899,537",0,"899,537"
6월,광고주,미디어채널팀,(주) 에이엠피엠글로벌,61266,"129,529,964","6,421,063","5,136,849","1,284,214",0,"1,284,214"
6월,광고주,미디어채널팀,주식회사 지니앤솔루션,61055,"764,090,082","35,870,817","28,696,638","7,174,179",0,"7,174,179"
6월,광고주,미디어채널팀,주식회사 아이지에이웍스,61230,"1,118,631,287","15,945,299","14,354,641","1,590,658",0,"1,590,658"
6월,광고주,미디어채널팀,주식회사 드림인사이트,60015,"2,120,234,961","68,839,547","64,595,460","4,244,087",0,"4,244,087"
6월,광고주,CS파트,(주)토스뱅크,60791,-533,-80,0,-80,0,-80
6월,광고주,CS파트,동양전기공업 (주),59695,-43,0,0,0,0,0
6월,광고주,운영실2팀 (주규철),(주) 비케이브,60936,-370,-55,0,-55,0,-55
6월,광고주,광고사업1본부1실2팀 (이남준),(주)엘지유플러스,61001,0,0,0,0,0,0
1월,제안,광고사업1본부1실3팀 (박지연),헥토이노베이션,79121,0,0,0,0,"33,270",-33270
1월,제안,광고사업2본부1실1팀 (구준수),코스알엑스,79430,0,0,0,0,"8,753,957",-8753957
1월,제안,광고사업2본부1실1팀 (구준수),블랙야크,80036,0,0,0,0,"1,584,111",-1584111
1월,제안,광고사업2본부1실1팀 (구준수),데상트 코리아,80038,0,0,0,0,"538,590",-538590
1월,제안,광고사업2본부1실3팀 (장채은),(주)이노진,80144,0,0,0,0,"15,630,963",-15630963
1월,제안,광고사업2본부1실3팀 (장채은),,80143,0,0,0,0,"35,750",-35750
1월,제안,광고사업2본부2실5팀 (최소영),코튼 클럽,78816,0,0,0,0,"628,829",-628829
1월,제안,광고사업2본부2실5팀 (최소영),바닐라코,80163,0,0,0,0,"546,905",-546905
1월,제안,광고사업2본부2실5팀 (최소영),로에비타,80146,0,0,0,0,"159,416",-159416
1월,제안,광고사업2본부2실8팀 (서성민),웅진컴퍼스,80162,0,0,0,0,"596,784",-596784
1월,제안,광고사업2본부2실2팀 (곽상민),㈜비와이엔블랙야크,79500,0,0,0,0,"774,671",-774671
1월,제안,광고사업2본부3실4팀 (이세나),풀리오,80149,0,0,0,0,"12,224,247",-12224247
1월,제안,광고사업2본부3실4팀 (이세나),한화손해보험,78241,0,0,0,0,"315,292",-315292
1월,제안,광고사업2본부3실4팀 (이세나),모윰,79998,0,0,0,0,"25,424",-25424
1월,제안,광고사업3본부1실2팀 (조학성),(주)엘지생활건강_차앤박,78364,0,0,0,0,"263,166",-263166
1월,제안,광고사업3본부2실4팀 (조다솜),헥토헬스케어/드시모네,80157,0,0,0,0,"17,353,555",-17353555
1월,제안,광고사업3본부2실5팀 (최서희),크린토피아,80156,0,0,0,0,"13,435,943",-13435943
1월,제안,운영실1팀 (박유종),닥터스웰 주식회사,80164,0,0,0,0,"216,678",-216678
1월,제안,사업기획실,버킷플레이스(오늘의집),78976,0,0,0,0,"14,974",-14974
1월,제안,(202110) 컨설팅1부1팀 (이자행),LG생활건강_빌리프,77814,0,0,0,0,"93,903",-93903
2월,제안,광고사업1본부2실1팀 (추성호),웅진씽크빅_교육문화사업본부,79401,0,0,0,0,"115,886",-115886
2월,제안,광고사업2본부1실1팀 (구준수),블랙야크,80036,0,0,0,0,"202,799",-202799
2월,제안,광고사업2본부1실1팀 (구준수),데상트 코리아,80038,0,0,0,0,"141,544",-141544
2월,제안,광고사업2본부1실1팀 (구준수),코스알엑스,79430,0,0,0,0,"111,504",-111504
2월,제안,광고사업2본부1실3팀 (장채은),(주)이노진,80144,0,0,0,0,"294,041",-294041
2월,제안,광고사업2본부1실3팀 (장채은),바닐라코,76597,0,0,0,0,"42,735",-42735
2월,제안,광고사업2본부2실5팀 (최소영),웅진씽크빅,80186,0,0,0,0,"6,700,006",-6700006
2월,제안,광고사업2본부2실5팀 (최소영),바닐라코,80163,0,0,0,0,"661,177",-661177
2월,제안,광고사업2본부2실8팀 (서성민),웅진컴퍼스,80162,0,0,0,0,"52,408",-52408
2월,제안,광고사업2본부3실4팀 (이세나),풀리오,80149,0,0,0,0,"726,060",-726060
2월,제안,광고사업2본부3실4팀 (이세나),한화손해보험,78241,0,0,0,0,"34,722",-34722
2월,제안,광고사업2본부3실7팀 (김가희),미래에셋증권,80194,0,0,0,0,"3,446,520",-3446520
2월,제안,광고사업3본부1실2팀 (조학성),(주)엘지생활건강_차앤박,78364,0,0,0,0,"6,212,340",-6212340
2월,제안,광고사업3본부2실4팀 (조다솜),헥토헬스케어/드시모네,80157,0,0,0,0,"111,443",-111443
2월,제안,광고사업3본부2실5팀 (최서희),크린토피아,80156,0,0,0,0,"10,485,207",-10485207
2월,제안,운영실1팀 (박유종),닥터스웰 주식회사,80164,0,0,0,0,"356,353",-356353
2월,제안,(202110) 컨설팅1부1팀 (이자행),LG생활건강_빌리프,77814,0,0,0,0,"208,333",-208333
3월,제안,광고사업1본부1실2팀 (이남준),퍼플페퍼,80250,0,0,0,0,"15,160,464",-15160464
3월,제안,광고사업2본부1실1팀 (구준수),주식회사 포레스트에비뉴,80220,0,0,0,0,"4,951,827",-4951827
3월,제안,광고사업2본부1실6팀 (이승화),미래에셋증권,78054,0,0,0,0,"124,653",-124653
3월,제안,광고사업2본부2실5팀 (최소영),하이마트,80222,0,0,0,0,"21,718,055",-21718055
3월,제안,광고사업2본부2실5팀 (최소영),바닐라코,80163,0,0,0,0,"40,821",-40821
3월,제안,광고사업2본부2실5팀 (최소영),웅진씽크빅,80186,0,0,0,0,"23,177",-23177
3월,제안,광고사업2본부3실4팀 (이세나),트립닷컴,80257,0,0,0,0,"83,960",-83960
3월,제안,광고사업2본부3실4팀 (이세나),KB국민은행,79997,0,0,0,0,"41,053",-41053
3월,제안,광고사업2본부3실7팀 (김가희),미래에셋증권,80194,0,0,0,0,"27,511,896",-27511896
3월,제안,광고사업3본부1실2팀 (조학성),더블유컨셉코리아,80264,0,0,0,0,"15,623,168",-15623168
3월,제안,광고사업3본부1실2팀 (조학성),(주)엘지생활건강_차앤박,78364,0,0,0,0,"74,870",-74870
3월,제안,광고사업3본부2실5팀 (최서희),크린토피아,80156,0,0,0,0,"495,807",-495807
3월,제안,운영실1팀 (박유종),닥터스웰 주식회사,80164,0,0,0,0,"17,105",-17105
3월,제안,운영실2팀 (주규철),종근당,78231,0,0,0,0,"110,060",-110060
3월,제안,사업지원팀,에버런스 테스트,80020,0,0,0,0,"89,569",-89569
3월,제안,(202212) 광고사업1본부 광고3부,(주)여기어때컴퍼니,78060,0,0,0,0,"30,903",-30903
3월,제안,(202110) 컨설팅1부1팀 (이자행),LG생활건강_빌리프,77814,0,0,0,0,"164,474",-164474
4월,제안,광고사업1본부1실2팀 (이남준),퍼플페퍼,80250,0,0,0,0,"7,231,357",-7231357
4월,제안,광고사업1본부1실3팀 (박지연),파크랜드 (명성어패럴금사공장),78302,0,0,0,0,"16,250",-16250
4월,제안,광고사업2본부1실1팀 (구준수),주식회사 포레스트에비뉴,80220,0,0,0,0,"6,803,929",-6803929
4월,제안,광고사업2본부1실3팀 (장채은),멜릭서,80280,0,0,0,0,"59,186",-59186
4월,제안,광고사업2본부1실3팀 (장채은),주식회사 멜릭서,80281,0,0,0,0,"49,107",-49107
4월,제안,광고사업2본부2실5팀 (최소영),하이마트,80222,0,0,0,0,"7,292,537",-7292537
4월,제안,광고사업2본부2실5팀 (최소영),(주)유한양행,78655,0,0,0,0,"346,297",-346297
4월,제안,광고사업2본부3실4팀 (이세나),트립닷컴,80257,0,0,0,0,"88,850",-88850
4월,제안,광고사업2본부3실7팀 (김가희),유한양행,78872,0,0,0,0,"478,160",-478160
4월,제안,운영실2팀 (주규철),종근당,78231,0,0,0,0,"1,547,527",-1547527
4월,제안,사업기획실,버킷플레이스(오늘의집),78976,0,0,0,0,"378,595",-378595
5월,제안,광고사업1본부1실2팀 (이남준),퍼플페퍼,80250,0,0,0,0,"281,862",-281862
5월,제안,광고사업2본부2실5팀 (최소영),하이마트,80222,0,0,0,0,"3,525,543",-3525543
5월,제안,운영실2팀 (주규철),종근당,78231,0,0,0,0,"7,079,593",-7079593
5월,제안,CP팀,장스스파이스클럽,80301,0,0,0,0,"258,884",-258884
5월,제안,CP팀,토스모바일,80287,0,0,0,0,"123,468",-123468
5월,제안,사업기획실,버킷플레이스(오늘의집),78976,0,0,0,0,"766,714",-766714
5월,제안,SAE팀,드림와이드,80320,0,0,0,0,"34,722",-34722
6월,제안,광고사업1본부1실2팀 (이남준),듀오,80412,0,0,0,0,"9,571,914",-9571914
6월,제안,광고사업1본부1실2팀 (이남준),퍼플페퍼,80250,0,0,0,0,"308,320",-308320
6월,제안,광고사업2본부1실1팀 (구준수),주식회사 포레스트에비뉴,80220,0,0,0,0,"587,007",-587007
6월,제안,광고사업2본부1실1팀 (구준수),코스메쉐프,80410,0,0,0,0,"511,070",-511070
6월,제안,광고사업2본부1실1팀 (구준수),레이어바이레이어,80428,0,0,0,0,"142,656",-142656
6월,제안,광고사업3본부1실2팀 (조학성),아모레퍼시픽_라네즈,80399,0,0,0,0,"1,564,514",-1564514
6월,제안,광고사업3본부1실3팀 (이유진),(주)에뛰드,80421,0,0,0,0,"536,198",-536198
6월,제안,광고사업3본부1실3팀 (이유진),(주)에스쁘아,80422,0,0,0,0,"286,162",-286162
6월,제안,광고사업3본부1실3팀 (이유진),(주)아모레퍼시픽_바이탈뷰티,80423,0,0,0,0,"109,026",-109026
6월,제안,운영실2팀 (주규철),종근당,78231,0,0,0,0,"15,064",-15064
6월,제안,CP팀,cj제일제당(신제품),80418,0,0,0,0,"542,287",-542287
6월,제안,CP팀,토스모바일,80287,0,0,0,0,"253,016",-253016
